brand,events,views,carts,removes,purchases,revenue_minor,revenue,view_to_purchase,cart_to_purchase
__UNKNOWN__,6113008,6035988,18806,0,58214,854060103,8540601.03,0.009644,3.095501
a-case,6856,6779,19,0,58,27526,275.26,0.008556,3.052632
a-derma,298,297,0,0,1,1236,12.36,0.003367,
a-elita,201,201,0,0,0,0,0.00,0.0,
a-mega,551,542,0,0,9,103147,1031.47,0.016605,
aardwolf,48,48,0,0,0,0,0.00,0.0,
abk,157,151,0,0,6,6936,69.36,0.039735,
abtoys,548,541,0,0,7,32417,324.17,0.012939,
academie,92,92,0,0,0,0,0.00,0.0,
accord,95,95,0,0,0,0,0.00,0.0,
accumaster,31,31,0,0,0,0,0.00,0.0,
acd,43,43,0,0,0,0,0.00,0.0,
acebeam,40,40,0,0,0,0,0.00,0.0,
acer,428153,411871,9400,0,6882,357671952,3576719.52,0.016709,0.732128
aces,230,230,0,0,0,0,0.00,0.0,
achilles,1338,1324,0,0,14,92487,924.87,0.010574,
acm,684,681,0,0,3,7709,77.09,0.004405,
acme,13217,13122,11,0,84,411193,4111.93,0.006401,7.636364
acorp,1,1,0,0,0,0,0.00,0.0,
acqua,174,169,1,0,4,1184,11.84,0.023669,4.0
acron,58,55,2,0,1,1542,15.42,0.018182,0.5
action,4,4,0,0,0,0,0.00,0.0,
activision,3328,3274,23,0,31,140466,1404.66,0.009469,1.347826
acuvue,2258,2238,0,0,20,46415,464.15,0.008937,
acv,661,656,0,0,5,28289,282.89,0.007622,
adagio,57,56,0,0,1,9781,97.81,0.017857,
adam,140,139,0,0,1,58946,589.46,0.007194,
adamas,165,164,0,0,1,15959,159.59,0.006098,
adamex,6182,6126,1,0,55,2288339,22883.39,0.008978,55.0
adata,4382,4217,89,0,76,387063,3870.63,0.018022,0.853933
addlink,92,91,0,0,1,589,5.89,0.010989,
adel,34,34,0,0,0,0,0.00,0.0,
adelline,738,729,0,0,9,18405,184.05,0.012346,
adidas,29976,29827,0,0,149,930558,9305.58,0.004995,
adil,10188,9996,42,0,150,1701922,17019.22,0.015006,3.571429
adile,2768,2723,0,0,45,301185,3011.85,0.016526,
admira,1694,1633,40,0,21,345186,3451.86,0.01286,0.525
adriatica,4600,4591,0,0,9,192848,1928.48,0.00196,
adrilux,2,2,0,0,0,0,0.00,0.0,
advan,307,304,0,0,3,200778,2007.78,0.009868,
aeg,4068,3977,3,0,88,389177,3891.77,0.022127,29.333333
aeolus,1632,1562,0,0,70,1115086,11150.86,0.044814,
aero,4083,4067,0,0,16,452521,4525.21,0.003934,
aerocool,28218,27787,150,0,281,1937154,19371.54,0.010113,1.873333
aeroforce,47034,46630,56,0,348,4898103,48981.03,0.007463,6.214286
aerosystem,352,350,2,0,0,0,0.00,0.0,0.0
afnan,2538,2509,0,0,29,182422,1824.22,0.011558,
afox,609,608,0,0,1,12135,121.35,0.001645,
ag,496,496,0,0,0,0,0.00,0.0,
agatharuizdelaprada,265,265,0,0,0,0,0.00,0.0,
agl,7030,7028,0,0,2,22910,229.10,2.85E-4,
agness,7526,7456,0,0,70,216596,2165.96,0.009388,
agrimotor,26,26,0,0,0,0,0.00,0.0,
agu,605,586,9,0,10,86437,864.37,0.017065,1.111111
aiken,77,77,0,0,0,0,0.00,0.0,
aileron,159,159,0,0,0,0,0.00,0.0,
aimoto,22594,22009,290,0,295,1586045,15860.45,0.013404,1.017241
air-cool,1683,1662,10,0,11,16056,160.56,0.006619,1.1
airline,1327,1324,0,0,3,6229,62.29,0.002266,
airmax,39,39,0,0,0,0,0.00,0.0,
airwheel,895,890,2,0,3,98481,984.81,0.003371,1.5
aivengo,2661,2661,0,0,0,0,0.00,0.0,
ajmal,15,15,0,0,0,0,0.00,0.0,
akai,2613,2577,0,0,36,418471,4184.71,0.01397,
akel,53,52,0,0,1,6950,69.50,0.019231,
akg,824,817,0,0,7,137762,1377.62,0.008568,
akom,9421,9181,0,0,240,1763225,17632.25,0.026141,
akor,7,7,0,0,0,0,0.00,0.0,
akpo,2702,2676,0,0,26,350598,3505.98,0.009716,
aksion,40,40,0,0,0,0,0.00,0.0,
akvafor,25,25,0,0,0,0,0.00,0.0,
akvalinia,2,2,0,0,0,0,0.00,0.0,
akvarel,47,47,0,0,0,0,0.00,0.0,
akvaton,5646,5634,0,0,12,229429,2294.29,0.00213,
al-ko,754,748,0,0,6,115131,1151.31,0.008021,
aladen,9,9,0,0,0,0,0.00,0.0,
alaia,96,95,0,0,1,5792,57.92,0.010526,
alaskaoriginale,9,9,0,0,0,0,0.00,0.0,
alavann,133,133,0,0,0,0,0.00,0.0,
alca,1313,1310,0,0,3,11583,115.83,0.00229,
alcasta,4847,4810,0,0,37,824421,8244.21,0.007692,
alcon,1792,1784,0,0,8,13335,133.35,0.004484,
alctron,396,396,0,0,0,0,0.00,0.0,
aldit,27,27,0,0,0,0,0.00,0.0,
alerana,587,580,0,0,7,4904,49.04,0.012069,
alesis,11349,11234,0,0,115,2737523,27375.23,0.010237,
aletant,8,8,0,0,0,0,0.00,0.0,
alex,129,129,0,0,0,0,0.00,0.0,
alexandre.j,272,266,0,0,6,69636,696.36,0.022556,
alexika,476,476,0,0,0,0,0.00,0.0,
alexrojo,22,22,0,0,0,0,0.00,0.0,
alfa,79,79,0,0,0,0,0.00,0.0,
algotherm,490,489,0,0,1,2934,29.34,0.002045,
alilo,482,467,0,0,15,77529,775.29,0.03212,
alinex,138,138,0,0,0,0,0.00,0.0,
alis,13046,12846,64,0,136,1240956,12409.56,0.010587,2.125
alkor,2863,2833,0,0,30,1427396,14273.96,0.010589,
alligator,2763,2749,0,0,14,58328,583.28,0.005093,
allocacoc,199,195,1,0,3,2781,27.81,0.015385,3.0
allvega,469,468,1,0,0,0,0.00,0.0,0.0
almacom,26007,25668,84,0,255,2972825,29728.25,0.009935,3.035714
almada,151,151,0,0,0,0,0.00,0.0,
alondra,59,59,0,0,0,0,0.00,0.0,
alphaline,449,440,0,0,9,79358,793.58,0.020455,
alphard,22142,21940,0,0,202,2056105,20561.05,0.009207,
alpicool,1261,1260,0,0,1,66878,668.78,7.94E-4,
alpika,650,646,0,0,4,63324,633.24,0.006192,
alpina,5448,5432,0,0,16,317075,3170.75,0.002946,
alpine,40762,40335,59,0,368,6336273,63362.73,0.009124,6.237288
alser,1504,1502,1,0,1,56604,566.04,6.66E-4,1.0
altacto,67,67,0,0,0,0,0.00,0.0,
altair,1092,1089,0,0,3,34749,347.49,0.002755,
alteco,53204,52402,220,0,582,2915857,29158.57,0.011106,2.645455
altenzo,1118,1104,0,0,14,110130,1101.30,0.012681,
alterna,124,124,0,0,0,0,0.00,0.0,
altinbasak,717,716,0,0,1,3866,38.66,0.001397,
alumet,12,11,0,0,1,9987,99.87,0.090909,
alutec,2655,2645,0,0,10,655055,6550.55,0.003781,
alvarez,27,27,0,0,0,0,0.00,0.0,
alvitek,4130,4079,0,0,51,182358,1823.58,0.012503,
am-pm,3,3,0,0,0,0,0.00,0.0,
am.pm,1222,1217,0,0,5,313258,3132.58,0.004108,
amalbooks,314,304,0,0,10,11162,111.62,0.032895,
amarobaby,83,83,0,0,0,0,0.00,0.0,
amazon,5807,5782,0,0,25,371335,3713.35,0.004324,
ambition,1158,1148,0,0,10,8516,85.16,0.008711,
amd,17724,17601,27,0,96,1668250,16682.50,0.005454,3.555556
amefa,212,206,6,0,0,0,0.00,0.0,0.0
amercook,7,7,0,0,0,0,0.00,0.0,
amet,7,7,0,0,0,0,0.00,0.0,
amf,74,74,0,0,0,0,0.00,0.0,
amico,8,8,0,0,0,0,0.00,0.0,
amigami,71,71,0,0,0,0,0.00,0.0,
amos,344,341,0,0,3,85959,859.59,0.008798,
amouage,1417,1409,0,0,8,142067,1420.67,0.005678,
ampeg,69,69,0,0,0,0,0.00,0.0,
ampm,2,2,0,0,0,0,0.00,0.0,
ams,3333,3292,0,0,41,981750,9817.50,0.012454,
amtel,869,855,0,0,14,55872,558.72,0.016374,
and,1,1,0,0,0,0,0.00,0.0,
andrea,1,1,0,0,0,0,0.00,0.0,
andromeda,5,5,0,0,0,0,0.00,0.0,
anesi,34,34,0,0,0,0,0.00,0.0,
anex,3689,3654,9,0,26,1669742,16697.42,0.007115,2.888889
annaanna,1189,1187,0,0,2,7181,71.81,0.001685,
annovireverberi,11,11,0,0,0,0,0.00,0.0,
anon,705,701,0,0,4,32294,322.94,0.005706,
anreks,24,24,0,0,0,0,0.00,0.0,
anskin,369,367,0,0,2,1158,11.58,0.00545,
ansmann,3321,3302,0,0,19,44919,449.19,0.005754,
ant,426,425,0,0,1,25226,252.26,0.002353,
anta,771,768,0,0,3,27020,270.20,0.003906,
antec,26,26,0,0,0,0,0.00,0.0,
antika,524,521,0,0,3,25836,258.36,0.005758,
anytek,8872,8810,0,0,62,519468,5194.68,0.007037,
aoc,6105,5990,72,0,43,1122580,11225.80,0.007179,0.597222
aoki,113,112,0,0,1,13897,138.97,0.008929,
aorus,280,279,0,0,1,72586,725.86,0.003584,
aoteli,3411,3359,0,0,52,257185,2571.85,0.015481,
apacer,16988,16591,2,0,395,1486052,14860.52,0.023808,197.5
apache,1762,1757,0,0,5,91088,910.88,0.002846,
apart,208,208,0,0,0,0,0.00,0.0,
apc,565,555,7,0,3,17947,179.47,0.005405,0.428571
apex,291,291,0,0,0,0,0.00,0.0,
aplus,2510,2492,0,0,18,94442,944.42,0.007223,
apollo,5879,5692,115,0,72,96666,966.66,0.012649,0.626087
apple,4122554,3770597,209084,0,142873,11120926882,111209268.82,0.037891,0.683328
appollo,2756,2746,0,0,10,181443,1814.43,0.003642,
aqua,14733,14155,391,0,187,633663,6336.63,0.013211,0.478261
aqualife,20,20,0,0,0,0,0.00,0.0,
aquamarine,10557,10434,0,0,123,200412,2004.12,0.011788,
aquanet,5,5,0,0,0,0,0.00,0.0,
aquapick,2145,2098,33,0,14,108080,1080.80,0.006673,0.424242
aquarelle,2,2,0,0,0,0,0.00,0.0,
aquatic,342,342,0,0,0,0,0.00,0.0,
aquaton,9,9,0,0,0,0,0.00,0.0,
aquaverso,28,28,0,0,0,0,0.00,0.0,
aquavis,294,294,0,0,0,0,0.00,0.0,
aquilon,23,23,0,0,0,0,0.00,0.0,
ara,886,884,0,0,2,29086,290.86,0.002262,
arcancilparis,1,1,0,0,0,0,0.00,0.0,
ardahali,816,808,0,0,8,272466,2724.66,0.009901,
ardell,332,331,0,0,1,1067,10.67,0.003021,
ardesia,510,510,0,0,0,0,0.00,0.0,
ardo,10,10,0,0,0,0,0.00,0.0,
ardoni,50,50,0,0,0,0,0.00,0.0,
arena,2310,2303,0,0,7,31222,312.22,0.00304,
arg,40483,37741,1809,0,933,10732298,107322.98,0.024721,0.515755
aria,721,707,0,0,14,209333,2093.33,0.019802,
ariete,1436,1427,0,0,9,256653,2566.53,0.006307,
ariston,69799,65865,2421,0,1513,19223322,192233.22,0.022971,0.624948
ark,60,60,0,0,0,0,0.00,0.0,
arkadia,265,262,0,0,3,8778,87.78,0.01145,
armani,14898,14772,0,0,126,3132046,31320.46,0.00853,
armos,198,195,0,0,3,100002,1000.02,0.015385,
arms,73,73,0,0,0,0,0.00,0.0,
armytek,6,6,0,0,0,0,0.00,0.0,
arnica,21507,21230,0,0,277,5450762,54507.62,0.013048,
arpenaz,1263,1251,0,0,12,12548,125.48,0.009592,
arrivo,1013,996,0,0,17,154810,1548.10,0.017068,
arsi,2222,2217,0,0,5,27671,276.71,0.002255,
art-visage,975,964,0,0,11,3566,35.66,0.011411,
artel,338203,325650,6429,0,6124,103415241,1034152.41,0.018805,0.952559
arteolfatto,38,38,0,0,0,0,0.00,0.0,
artiny,13,13,0,0,0,0,0.00,0.0,
artmusical,13523,13464,0,0,59,821368,8213.68,0.004382,
artplays,9,9,0,0,0,0,0.00,0.0,
artspace,7,7,0,0,0,0,0.00,0.0,
arturia,74,74,0,0,0,0,0.00,0.0,
artway,424,422,0,0,2,17246,172.46,0.004739,
arua,11412,11347,0,0,65,253119,2531.19,0.005728,
arwanan,7,7,0,0,0,0,0.00,0.0,
asb,3,3,0,0,0,0,0.00,0.0,
ascoli,9,9,0,0,0,0,0.00,0.0,
asel,29090,28482,0,0,608,3498512,34985.12,0.021347,
ashleyfurniture,2,2,0,0,0,0,0.00,0.0,
asics,13649,13595,0,0,54,381882,3818.82,0.003972,
askona,21149,20994,0,0,155,2729437,27294.37,0.007383,
asm,314,313,0,0,1,71814,718.14,0.003195,
asrock,17067,16889,54,0,124,2066533,20665.33,0.007342,2.296296
ast,19,19,0,0,0,0,0.00,0.0,
aston,935,929,0,0,6,7103,71.03,0.006459,
astrid,68,68,0,0,0,0,0.00,0.0,
asus,216788,212749,2189,0,1850,97001939,970019.39,0.008696,0.845135
asustor,143,143,0,0,0,0,0.00,0.0,
atelier,170,169,0,0,1,6847,68.47,0.005917,
ateliero,24,24,0,0,0,0,0.00,0.0,
aten,162,162,0,0,0,0,0.00,0.0,
atkinsons,3,3,0,0,0,0,0.00,0.0,
atlant,83489,81642,915,0,932,23776092,237760.92,0.011416,1.018579
atlantic,11555,11449,0,0,106,1931529,19315.29,0.009258,
atlas,14,13,0,0,1,8076,80.76,0.076923,
atoll,39,39,0,0,0,0,0.00,0.0,
atomic,330,327,0,0,3,88475,884.75,0.009174,
aton,13,13,0,0,0,0,0.00,0.0,
atrai,789,786,0,0,3,35907,359.07,0.003817,
ats,1321,1321,0,0,0,0,0.00,0.0,
attribute,679,670,0,0,9,21572,215.72,0.013433,
audac,269,268,0,0,1,9009,90.09,0.003731,
audio-technica,3257,3223,10,0,24,170614,1706.14,0.007446,2.4
audiotop,10,10,0,0,0,0,0.00,0.0,
audison,4250,4217,0,0,33,2663665,26636.65,0.007825,
aufine,1,1,0,0,0,0,0.00,0.0,
aurora,1281,1267,0,0,14,52958,529.58,0.01105,
ausini,2415,2377,21,0,17,22719,227.19,0.007152,0.809524
author,1731,1704,11,0,16,395995,3959.95,0.00939,1.454545
autojet,198,195,0,0,3,15444,154.44,0.015385,
autoline,799,797,0,0,2,51482,514.82,0.002509,
autopower,285,282,0,0,3,40542,405.42,0.010638,
autoprofi,4891,4847,0,0,44,196195,1961.95,0.009078,
autovirazh,576,575,0,0,1,7816,78.16,0.001739,
aux,68,68,0,0,0,0,0.00,0.0,
ava,4782,4729,0,0,53,316171,3161.71,0.011207,
avalon,10681,10601,36,0,44,1904155,19041.55,0.004151,1.222222
avaloncarpet,54,54,0,0,0,0,0.00,0.0,
avatar,6430,6339,0,0,91,829362,8293.62,0.014356,
avatyre,12,12,0,0,0,0,0.00,0.0,
avel,1333,1325,0,0,8,74904,749.04,0.006038,
avene,1898,1875,0,0,23,32663,326.63,0.012267,
avengers,52,52,0,0,0,0,0.00,0.0,
avermedia,65,65,0,0,0,0,0.00,0.0,
avina,65,65,0,0,0,0,0.00,0.0,
avis,545,543,0,0,2,29344,293.44,0.003683,
avizor,762,749,0,0,13,7880,78.80,0.017356,
avrora,2,2,0,0,0,0,0.00,0.0,
avs,312,311,0,0,1,6188,61.88,0.003215,
awei,7311,7107,92,0,112,190856,1908.56,0.015759,1.217391
axis,16552,16363,0,0,189,2505228,25052.28,0.01155,
axper,6558,6515,0,0,43,195213,1952.13,0.0066,
azbuka,4,4,0,0,0,0,0.00,0.0,
azzaro,584,569,0,0,15,96628,966.28,0.026362,
b-kids,12,12,0,0,0,0,0.00,0.0,
babolat,242,241,0,0,1,4093,40.93,0.004149,
baboo,518,510,0,0,8,18483,184.83,0.015686,
babor,1518,1508,0,0,10,37686,376.86,0.006631,
baby,38,38,0,0,0,0,0.00,0.0,
babybotte,2506,2503,0,0,3,10039,100.39,0.001199,
babycarrier,5,5,0,0,0,0,0.00,0.0,
babygo,926,922,0,0,4,33848,338.48,0.004338,
babyhit,911,909,0,0,2,10306,103.06,0.0022,
babykiss,2026,2014,0,0,12,262560,2625.60,0.005958,
babyliss,28205,27176,641,0,388,2460390,24603.90,0.014277,0.605304
babylisspro,1680,1669,0,0,11,64039,640.39,0.006591,
babylock,981,981,0,0,0,0,0.00,0.0,
babymoov,164,163,0,0,1,14415,144.15,0.006135,
babyono,494,488,0,0,6,12600,126.00,0.012295,
babys,1291,1254,20,0,17,74154,741.54,0.013557,0.85
babyswing,61,61,0,0,0,0,0.00,0.0,
babytime,14308,14042,75,0,191,1149795,11497.95,0.013602,2.546667
babywood,439,434,4,0,1,34773,347.73,0.002304,0.25
babyzen,4568,4510,0,0,58,3180278,31802.78,0.01286,
babyzz,1064,1062,0,0,2,72074,720.74,0.001883,
baden,127622,126846,0,0,776,5146097,51460.97,0.006118,
bafang,1915,1913,0,0,2,305738,3057.38,0.001045,
baige,858,857,0,0,1,128703,1287.03,0.001167,
bair,20,20,0,0,0,0,0.00,0.0,
bakugan,82,82,0,0,0,0,0.00,0.0,
baldessarini,354,348,0,0,6,35485,354.85,0.017241,
ballarini,890,856,22,0,12,41835,418.35,0.014019,0.545455
ballist-x,7,7,0,0,0,0,0.00,0.0,
ballistix,242,239,0,0,3,27329,273.29,0.012552,
ballu,24807,24375,73,0,359,1639248,16392.48,0.014728,4.917808
balmain,671,671,0,0,0,0,0.00,0.0,
balta,15123,15076,0,0,47,319373,3193.73,0.003118,
baltekstil,1338,1330,0,0,8,204819,2048.19,0.006015,
balterio,152,151,0,0,1,1639,16.39,0.006623,
bambi,214,213,0,0,1,12304,123.04,0.004695,
bambini,1448,1437,1,0,10,121961,1219.61,0.006959,10.0
bambola,9052,8912,25,0,115,545597,5455.97,0.012904,4.6
bamboo,68,66,0,0,2,17812,178.12,0.030303,
banbao,185,185,0,0,0,0,0.00,0.0,
bandai,128,128,0,0,0,0,0.00,0.0,
baratto,1585,1580,0,0,5,33436,334.36,0.003165,
barbie,6350,6306,26,0,18,77592,775.92,0.002854,0.692308
bardahl,6089,6015,0,0,74,194297,1942.97,0.012303,
barer,153,150,1,0,2,1282,12.82,0.013333,2.0
barhatnyjsezon,4,4,0,0,0,0,0.00,0.0,
barneo,4547,4508,0,0,39,266505,2665.05,0.008651,
barokko,1566,1557,0,0,9,11604,116.04,0.00578,
bars,27788,26970,0,0,818,5150880,51508.80,0.03033,
bartplast,3,3,0,0,0,0,0.00,0.0,
barty,728,720,0,0,8,78238,782.38,0.011111,
barum,11,11,0,0,0,0,0.00,0.0,
basaran,187,187,0,0,0,0,0.00,0.0,
baseus,4,4,0,0,0,0,0.00,0.0,
basf,81,81,0,0,0,0,0.00,0.0,
basharan,683,679,0,0,4,184548,1845.48,0.005891,
basic,771,768,0,0,3,124764,1247.64,0.003906,
basik,1746,1742,0,0,4,7628,76.28,0.002296,
basilico,15,15,0,0,0,0,0.00,0.0,
batiste,16,16,0,0,0,0,0.00,0.0,
batman,8,8,0,0,0,0,0.00,0.0,
battat,16,16,0,0,0,0,0.00,0.0,
battipav,747,739,0,0,8,184816,1848.16,0.010825,
baudet,280,280,0,0,0,0,0.00,0.0,
bauer,4231,4160,0,0,71,498216,4982.16,0.017067,
bayer,42,42,0,0,0,0,0.00,0.0,
bayerlux,23,23,0,0,0,0,0.00,0.0,
baymak,7,7,0,0,0,0,0.00,0.0,
bazhou,686,686,0,0,0,0,0.00,0.0,
bbk,2450,2405,16,0,29,164768,1647.68,0.012058,1.8125
bburago,2783,2749,11,0,23,45514,455.14,0.008367,2.090909
beaba,41,41,0,0,0,0,0.00,0.0,
beanzeez,25,25,0,0,0,0,0.00,0.0,
beats,5689,5609,42,0,38,865541,8655.41,0.006775,0.904762
beautycreations,166,162,0,0,4,3038,30.38,0.024691,
becker,287,283,0,0,4,348786,3487.86,0.014134,
beeline,665,658,0,0,7,40026,400.26,0.010638,
behringer,1713,1707,0,0,6,131869,1318.69,0.003515,
beijing,88,88,0,0,0,0,0.00,0.0,
beisier,322,320,0,0,2,9524,95.24,0.00625,
beko,222151,212447,5743,0,3961,96394059,963940.59,0.018645,0.689709
bel,36,35,0,0,1,803,8.03,0.028571,
bela,710,710,0,0,0,0,0.00,0.0,
belaakalitva,23,23,0,0,0,0,0.00,0.0,
belashoff,5507,5481,0,0,26,73000,730.00,0.004744,
belavtokomplekt,1,1,0,0,0,0,0.00,0.0,
belcat,152,151,0,0,1,7722,77.22,0.006623,
belecoo,39192,38445,151,0,596,7037219,70372.19,0.015503,3.94702
belis,19,19,0,0,0,0,0.00,0.0,
belka,37,37,0,0,0,0,0.00,0.0,
belkin,265,256,2,0,7,9041,90.41,0.027344,3.5
bellamebel,805,802,0,0,3,308766,3087.66,0.003741,
belletti,56,56,0,0,0,0,0.00,0.0,
bene,14357,14239,6,0,112,205789,2057.89,0.007866,18.666667
benebaby,898,888,0,0,10,102710,1027.10,0.011261,
benq,337,337,0,0,0,0,0.00,0.0,
bentley,103,102,0,0,1,23164,231.64,0.009804,
berber,289,288,0,0,1,1455,14.55,0.003472,
bergauf,111,111,0,0,0,0,0.00,0.0,
berger,146,146,0,0,0,0,0.00,0.0,
berghoff,16741,16521,147,0,73,586637,5866.37,0.004419,0.496599
bergner,8270,8205,1,0,64,244065,2440.65,0.0078,64.0
berkley,409,407,0,0,2,3140,31.40,0.004914,
berkut,2753,2744,0,0,9,213492,2134.92,0.00328,
berlingerhaus,1047,999,30,0,18,68866,688.66,0.018018,0.6
bernina,7966,7849,48,0,69,4327325,43273.25,0.008791,1.4375
bertoni,9864,9709,29,0,126,843636,8436.36,0.012978,4.344828
besafe,77,76,0,0,1,17118,171.18,0.013158,
bessey,189,188,0,0,1,2301,23.01,0.005319,
best,7,7,0,0,0,0,0.00,0.0,
bestlife,243,236,2,0,5,6076,60.76,0.021186,2.5
bestoy,6341,6166,0,0,175,1074383,10743.83,0.028381,
bestway,21037,20888,36,0,113,640622,6406.22,0.00541,3.138889
besty,1763,1754,0,0,9,10144,101.44,0.005131,
bethesda,1791,1768,10,0,13,27441,274.41,0.007353,1.3
betsy,2816,2815,0,0,1,4219,42.19,3.55E-4,
beurer,720,718,0,0,2,14061,140.61,0.002786,
beyblade,61,60,1,0,0,0,0.00,0.0,0.0
beyerdynamic,1179,1166,0,0,13,216806,2168.06,0.011149,
beyonce,145,144,0,0,1,1892,18.92,0.006944,
beyond,3376,3314,3,0,59,79944,799.44,0.017803,19.666667
bfgoodrich,15370,15053,148,0,169,1895945,18959.45,0.011227,1.141892
bfz,68,68,0,0,0,0,0.00,0.0,
bibalina,230,229,0,0,1,1725,17.25,0.004367,
biema,252,252,0,0,0,0,0.00,0.0,
biemmedue,71,71,0,0,0,0,0.00,0.0,
bigben,81,81,0,0,0,0,0.00,0.0,
billi,134,132,2,0,0,0,0.00,0.0,0.0
binatone,97,97,0,0,0,0,0.00,0.0,
bio-oil,129,127,0,0,2,3057,30.57,0.015748,
bioderma,5139,5083,0,0,56,83228,832.28,0.011017,
biol,7,7,0,0,0,0,0.00,0.0,
biolane,265,265,0,0,0,0,0.00,0.0,
bioline,3,3,0,0,0,0,0.00,0.0,
biomecanics,1489,1485,0,0,4,24453,244.53,0.002694,
biostar,882,870,0,0,12,61208,612.08,0.013793,
biotech,2182,2167,0,0,15,77566,775.66,0.006922,
biovea,120,118,0,0,2,4607,46.07,0.016949,
birusa,37,37,0,0,0,0,0.00,0.0,
bisou,434,433,0,0,1,386,3.86,0.002309,
bissell,978,962,14,0,2,76187,761.87,0.002079,0.142857
biwec,1335,1335,0,0,0,0,0.00,0.0,
bkf,196,196,0,0,0,0,0.00,0.0,
blackberry,3899,3890,0,0,9,272153,2721.53,0.002314,
blackbox,17,17,0,0,0,0,0.00,0.0,
blackdecker,87,87,0,0,0,0,0.00,0.0,
blackmores,228,225,3,0,0,0,0.00,0.0,0.0
blackvue,2012,1994,9,0,9,360081,3600.81,0.004514,1.0
blam,877,874,0,0,3,31017,310.17,0.003432,
blanco,636,635,0,0,1,20479,204.79,0.001575,
blaster,23,23,0,0,0,0,0.00,0.0,
blaumann,107,107,0,0,0,0,0.00,0.0,
blaupunkt,7078,6749,257,0,72,1994419,19944.19,0.010668,0.280156
blenderbottle,414,407,0,0,7,16216,162.16,0.017199,
blg,37,37,0,0,0,0,0.00,0.0,
bloomsbury,104,101,0,0,3,4812,48.12,0.029703,
bluedio,294,285,8,0,1,3859,38.59,0.003509,0.125
blueseven,607,607,0,0,0,0,0.00,0.0,
bluesonic,587,585,0,0,2,14157,141.57,0.003419,
blumarine,232,231,0,0,1,2807,28.07,0.004329,
blw,48,48,0,0,0,0,0.00,0.0,
bmw,297,292,0,0,5,59198,591.98,0.017123,
boarteks,5,5,0,0,0,0,0.00,0.0,
boccia,11685,11622,0,0,63,755289,7552.89,0.005421,
bochetti,1152,1148,0,0,4,49319,493.19,0.003484,
body-solid,210,210,0,0,0,0,0.00,0.0,
bodykraft,1,1,0,0,0,0,0.00,0.0,
bodysculpture,95,95,0,0,0,0,0.00,0.0,
bogates,47,47,0,0,0,0,0.00,0.0,
bohemia,5018,5013,0,0,5,114311,1143.11,9.97E-4,
bohemian,214,214,0,0,0,0,0.00,0.0,
bohmann,5,5,0,0,0,0,0.00,0.0,
bomann,2,2,0,0,0,0,0.00,0.0,
bombbar,384,380,0,0,4,8377,83.77,0.010526,
bombcat,87,86,0,0,1,1318,13.18,0.011628,
bomberg,242,242,0,0,0,0,0.00,0.0,
bombora,1,1,0,0,0,0,0.00,0.0,
bompani,105,105,0,0,0,0,0.00,0.0,
bona,325,325,0,0,0,0,0.00,0.0,
bond,42,42,0,0,0,0,0.00,0.0,
bondibon,4,4,0,0,0,0,0.00,0.0,
boneco,2221,2200,0,0,21,374990,3749.90,0.009545,
bonita,247,240,0,0,7,6216,62.16,0.029167,
bonvini,145,145,0,0,0,0,0.00,0.0,
borasco,160,159,0,0,1,515,5.15,0.006289,
bork,5082,5041,0,0,41,1836373,18363.73,0.008133,
borovici,68,68,0,0,0,0,0.00,0.0,
bosch,557090,544230,7155,0,5705,124872909,1248729.09,0.010483,0.797345
bose,4759,4698,36,0,25,1105286,11052.86,0.005321,0.694444
bosher,4099,4047,0,0,52,1071469,10714.69,0.012849,
bosnic,21,21,0,0,0,0,0.00,0.0,
boss,245,244,0,0,1,26770,267.70,0.004098,
bossh,16,16,0,0,0,0,0.00,0.0,
bot,447,446,0,0,1,631,6.31,0.002242,
botas,937,930,0,0,7,52332,523.32,0.007527,
boto,382,373,0,0,9,189635,1896.35,0.024129,
botticelli,6,6,0,0,0,0,0.00,0.0,
boucheron,183,180,0,0,3,11376,113.76,0.016667,
bouncin,20,18,0,0,2,8238,82.38,0.111111,
bourjois,3839,3756,0,0,83,90457,904.57,0.022098,
bovidix,3516,3498,0,0,18,18667,186.67,0.005146,
boyscout,6144,6097,10,0,37,36663,366.63,0.006069,3.7
bozhi,4,4,0,0,0,0,0.00,0.0,
bq,57789,56800,489,0,500,2297638,22976.38,0.008803,1.022495
bra,115,115,0,0,0,0,0.00,0.0,
bradex,1535,1484,24,0,27,96333,963.33,0.018194,1.125
brahner,517,509,0,0,8,76704,767.04,0.015717,
brain,21,21,0,0,0,0,0.00,0.0,
brateck,3034,2913,74,0,47,59337,593.37,0.016135,0.635135
brauberg,7,7,0,0,0,0,0.00,0.0,
braumauto,47,47,0,0,0,0,0.00,0.0,
braun,100432,97235,1764,0,1433,13654962,136549.62,0.014737,0.812358
bravat,704,701,0,0,3,50339,503.39,0.00428,
bravis,658,640,12,0,6,12064,120.64,0.009375,0.5
bravo,6479,6458,0,0,21,39740,397.40,0.003252,
breezeboat,502,501,0,0,1,12552,125.52,0.001996,
bresser,1161,1161,0,0,0,0,0.00,0.0,
brevi,708,707,0,0,1,8237,82.37,0.001414,
bridgestone,42417,41045,645,0,727,10258335,102583.35,0.017712,1.127132
brita,94,93,1,0,0,0,0.00,0.0,0.0
britop,8,8,0,0,0,0,0.00,0.0,
briverre,20,20,0,0,0,0,0.00,0.0,
brizoll,590,588,0,0,2,6031,60.31,0.003401,
bro,525,523,0,0,2,9293,92.93,0.003824,
broomer,5296,5288,0,0,8,305799,3057.99,0.001513,
brother,12656,12346,170,0,140,1903862,19038.62,0.01134,0.823529
bruder,8598,8585,0,0,13,80143,801.43,0.001514,
brumer,518,514,0,0,4,56628,566.28,0.007782,
brw,171446,170638,0,0,808,18577113,185771.13,0.004735,
bsa-wheels,37,36,0,0,1,34956,349.56,0.027778,
bsn,4189,4107,0,0,82,391023,3910.23,0.019966,
bts,115872,115114,0,0,758,19980211,199802.11,0.006585,
btwin,1,1,0,0,0,0,0.00,0.0,
bubble,2,2,0,0,0,0,0.00,0.0,
buderus,2187,2098,59,0,30,2315953,23159.53,0.014299,0.508475
bueno,107,106,0,0,1,2703,27.03,0.009434,
buffalo,211,211,0,0,0,0,0.00,0.0,
bugaboo,508,502,0,0,6,404868,4048.68,0.011952,
bugati,1669,1665,1,0,3,70729,707.29,0.001802,3.0
bugatti,1007,1007,0,0,0,0,0.00,0.0,
buggy,1228,1222,0,0,6,193056,1930.56,0.00491,
bulgari,6194,6047,8,0,139,994113,9941.13,0.022987,17.375
bulova,159,159,0,0,0,0,0.00,0.0,
bumbleride,2533,2530,0,0,3,115062,1150.62,0.001186,
burberry,1699,1667,0,0,32,216682,2166.82,0.019196,
burgerschuhe,18359,18269,0,0,90,907274,9072.74,0.004926,
burton,1592,1586,0,0,6,122886,1228.86,0.003783,
bushnell,1820,1813,0,0,7,140011,1400.11,0.003861,
bwell,18,18,0,0,0,0,0.00,0.0,
bws,181,181,0,0,0,0,0.00,0.0,
bwt,72,72,0,0,0,0,0.00,0.0,
byintek,2705,2677,4,0,24,358413,3584.13,0.008965,6.0
byredo,989,975,0,0,14,321943,3219.43,0.014359,
cablexpert,3383,3371,2,0,10,37231,372.31,0.002966,5.0
cacharel,1342,1312,0,0,30,133909,1339.09,0.022866,
cadillac,13,13,0,0,0,0,0.00,0.0,
cafemimi,628,626,0,0,2,566,5.66,0.003195,
cailyn,251,251,0,0,0,0,0.00,0.0,
caiman,63,63,0,0,0,0,0.00,0.0,
calgaro,484,484,0,0,0,0,0.00,0.0,
callida,144,144,0,0,0,0,0.00,0.0,
calligrata,319,319,0,0,0,0,0.00,0.0,
calorie,1619,1602,0,0,17,50119,501.19,0.010612,
calve,1374,1362,0,0,12,34871,348.71,0.008811,
calvinklein,55,55,0,0,0,0,0.00,0.0,
calypso,200,200,0,0,0,0,0.00,0.0,
cam,621,620,1,0,0,0,0.00,0.0,0.0
camelion,107,107,0,0,0,0,0.00,0.0,
cameo,321,321,0,0,0,0,0.00,0.0,
cameron,274,269,4,0,1,1459,14.59,0.003717,0.25
campinggaz,74,74,0,0,0,0,0.00,0.0,
camptown,150,150,0,0,0,0,0.00,0.0,
camshel,87,87,0,0,0,0,0.00,0.0,
candide,391,391,0,0,0,0,0.00,0.0,
candy,30565,29634,579,0,352,9566633,95666.33,0.011878,0.607945
cannondale,1598,1594,0,0,4,548172,5481.72,0.002509,
canon,72541,70203,1247,0,1091,56165819,561658.19,0.015541,0.8749
canton,11,11,0,0,0,0,0.00,0.0,
cantra,51033,50785,0,0,248,2030895,20308.95,0.004883,
canyon,29519,28700,473,0,346,1507579,15075.79,0.012056,0.731501
capanni,3,3,0,0,0,0,0.00,0.0,
capcom,1227,1158,45,0,24,126762,1267.62,0.020725,0.533333
capella,250,249,0,0,1,21880,218.80,0.004016,
capline,4,4,0,0,0,0,0.00,0.0,
caprice,7341,7320,0,0,21,152514,1525.14,0.002869,
caramelia,16066,15835,110,0,121,414149,4141.49,0.007641,1.1
caraya,148,146,0,0,2,18276,182.76,0.013699,
carcam,53,53,0,0,0,0,0.00,0.0,
cardrox,2,2,0,0,0,0,0.00,0.0,
carfashion,41626,41277,0,0,349,2506743,25067.43,0.008455,
carhome,44,42,0,0,2,3398,33.98,0.047619,
carlsbad,8767,8762,0,0,5,135615,1356.15,5.71E-4,
carlsbro,40,40,0,0,0,0,0.00,0.0,
carmani,144,144,0,0,0,0,0.00,0.0,
carpet,70,70,0,0,0,0,0.00,0.0,
carpisa,821,820,0,0,1,3086,30.86,0.00122,
carrera,136,136,0,0,0,0,0.00,0.0,
cars,70,70,0,0,0,0,0.00,0.0,
carters,8541,8507,0,0,34,98963,989.63,0.003997,
cartier,3351,3344,0,0,7,294672,2946.72,0.002093,
carver,4882,4845,0,0,37,646123,6461.23,0.007637,
carwel,776,765,0,0,11,233517,2335.17,0.014379,
casamorati,22,22,0,0,0,0,0.00,0.0,
casela,32,28,0,0,4,14332,143.32,0.142857,
casio,258000,255237,76,0,2687,22326626,223266.26,0.010527,35.355263
casper,6864,6813,0,0,51,560166,5601.66,0.007486,
casta,29,29,0,0,0,0,0.00,0.0,
castelgarden,8,8,0,0,0,0,0.00,0.0,
castorland,657,647,6,0,4,2230,22.30,0.006182,0.666667
castrol,4286,4250,0,0,36,119334,1193.34,0.008471,
cata,443,443,0,0,0,0,0.00,0.0,
catunltd,1683,1681,0,0,2,12974,129.74,0.00119,
cavaletto,3318,3314,0,0,4,58586,585.86,0.001207,
cavanova,199,199,0,0,0,0,0.00,0.0,
cayee,188,187,0,0,1,2571,25.71,0.005348,
cayin,502,501,0,0,1,33455,334.55,0.001996,
ccm,1234,1228,0,0,6,130247,1302.47,0.004886,
ceinio,58,58,0,0,0,0,0.00,0.0,
celebrat,6,6,0,0,0,0,0.00,0.0,
celestron,1880,1873,0,0,7,84946,849.46,0.003737,
celine,185,182,0,0,3,266133,2661.33,0.016484,
cellio,1283,1275,0,0,8,25736,257.36,0.006275,
cellucor,290,288,0,0,2,8212,82.12,0.006944,
cenmax,9613,9325,168,0,120,834700,8347.00,0.012869,0.714286
centara,757,752,0,0,5,18199,181.99,0.006649,
centurion,7568,7464,23,0,81,723181,7231.81,0.010852,3.521739
ceresit,19,19,0,0,0,0,0.00,0.0,
ceriotti,23,23,0,0,0,0,0.00,0.0,
cerruti,79,77,0,0,2,7605,76.05,0.025974,
cersanit,6049,6018,0,0,31,266032,2660.32,0.005151,
certina,4553,4551,0,0,2,65896,658.96,4.39E-4,
cettua,273,272,0,0,1,255,2.55,0.003676,
cezaris,892,888,0,0,4,58165,581.65,0.004505,
chairman,538,538,0,0,0,0,0.00,0.0,
chameleon,3494,3463,0,0,31,148242,1482.42,0.008952,
champion,62,62,0,0,0,0,0.00,0.0,
chanel,17804,17597,0,0,207,3373152,33731.52,0.011763,
changerobot,353,350,0,0,3,12348,123.48,0.008571,
changhong,16479,15916,308,0,255,5645377,56453.77,0.016022,0.827922
chaod,14,13,0,0,1,43244,432.44,0.076923,
char-broil,350,348,0,0,2,47605,476.05,0.005747,
chariots,53,53,0,0,0,0,0.00,0.0,
chayka,17566,16677,509,0,380,3647622,36476.22,0.022786,0.746562
chenri,44,44,0,0,0,0,0.00,0.0,
chic,33,33,0,0,0,0,0.00,0.0,
chicco,42048,41433,272,0,343,4106755,41067.55,0.008278,1.261029
chieftec,110,109,0,0,1,15211,152.11,0.009174,
chigo,520,514,0,0,6,179820,1798.20,0.011673,
childhome,345,345,0,0,0,0,0.00,0.0,
chilok,257,255,0,0,2,9106,91.06,0.007843,
ching-ching,489,482,0,0,7,56324,563.24,0.014523,
chingching,12,12,0,0,0,0,0.00,0.0,
chloe,2467,2425,7,0,35,238923,2389.23,0.014433,5.0
chomik,9,9,0,0,0,0,0.00,0.0,
chopard,555,555,0,0,0,0,0.00,0.0,
christina,1333,1326,0,0,7,20771,207.71,0.005279,
chub,73,73,0,0,0,0,0.00,0.0,
chuggington,69,69,0,0,0,0,0.00,0.0,
ciaobimbi,16,16,0,0,0,0,0.00,0.0,
cifyurm,257,256,0,0,1,2317,23.17,0.003906,
cilek,3,3,0,0,0,0,0.00,0.0,
cinemood,386,384,0,0,2,75675,756.75,0.005208,
circle,146,145,0,0,1,10039,100.39,0.006897,
citilux,123,123,0,0,0,0,0.00,0.0,
citizen,2754,2747,0,0,7,124275,1242.75,0.002548,
citycolor,2,2,0,0,0,0,0.00,0.0,
cityrover,178,175,0,0,3,73284,732.84,0.017143,
cityup,928,923,0,0,5,23681,236.81,0.005417,
clarion,2278,2273,0,0,5,46847,468.47,0.0022,
classen,387,387,0,0,0,0,0.00,0.0,
clasy,35,35,0,0,0,0,0.00,0.0,
clatronic,9714,9650,34,0,30,114014,1140.14,0.003109,0.882353
clevan,10,10,0,0,0,0,0.00,0.0,
clever,198,198,0,0,0,0,0.00,0.0,
cliff,207,205,0,0,2,56630,566.30,0.009756,
climadiff,143,143,0,0,0,0,0.00,0.0,
cmi,409,407,0,0,2,46715,467.15,0.004914,
cmt,86,86,0,0,0,0,0.00,0.0,
cnd,2673,2600,57,0,16,171145,1711.45,0.006154,0.280702
coballe,6727,6680,0,0,47,332409,3324.09,0.007036,
cobat,2,2,0,0,0,0,0.00,0.0,
cobi,608,608,0,0,0,0,0.00,0.0,
cobra,770,764,1,0,5,112383,1123.83,0.006545,5.0
coccinelle,1368,1365,0,0,3,92254,922.54,0.002198,
cocochoco,196,195,0,0,1,1519,15.19,0.005128,
cocoonababy,16,16,0,0,0,0,0.00,0.0,
codemasters,129,128,0,0,1,772,7.72,0.007813,
coghlans,37,37,0,0,0,0,0.00,0.0,
coleman,3355,3351,0,0,4,122258,1222.58,0.001194,
colgate,419,410,9,0,0,0,0.00,0.0,0.0
collistar,2732,2706,0,0,26,78619,786.19,0.009608,
coloma,9,9,0,0,0,0,0.00,0.0,
colombo,938,931,0,0,7,27551,275.51,0.007519,
colorfix,155,153,0,0,2,1721,17.21,0.013072,
colorful,335,334,0,0,1,14067,140.67,0.002994,
colorway,13,13,0,0,0,0,0.00,0.0,
colourpop,127,126,0,0,1,3604,36.04,0.007937,
comfee,1293,1221,40,0,32,349234,3492.34,0.026208,0.8
comforser,17138,16878,0,0,260,1488067,14880.67,0.015405,
comfort,321,321,0,0,0,0,0.00,0.0,
comma,514,514,0,0,0,0,0.00,0.0,
compasal,1071,1057,0,0,14,50398,503.98,0.013245,
compliment,264,261,0,0,3,1493,14.93,0.011494,
complimenti,146,146,0,0,0,0,0.00,0.0,
concept,133,132,0,0,1,1197,11.97,0.007576,
conceptclub,5124,5109,0,0,15,67387,673.87,0.002936,
condtrol,1037,1025,0,0,12,226731,2267.31,0.011707,
confetti,7606,7554,0,0,52,40144,401.44,0.006884,
constancy,121,115,0,0,6,158304,1583.04,0.052174,
constantdelight,13,13,0,0,0,0,0.00,0.0,
continent,8605,8449,58,0,98,205609,2056.09,0.011599,1.689655
continental,28842,28107,271,0,464,6150408,61504.08,0.016508,1.712177
converse,728,728,0,0,0,0,0.00,0.0,
coolermaster,23,22,0,0,1,9729,97.29,0.045455,
coolfort,6439,6393,32,0,14,95360,953.60,0.00219,0.4375
coolmaster,12,12,0,0,0,0,0.00,0.0,
cooperhunter,1,1,0,0,0,0,0.00,0.0,
coopervision,1143,1133,0,0,10,25743,257.43,0.008826,
cordiant,368277,351996,5730,0,10551,51764121,517641.21,0.029975,1.841361
cornerstone,1,1,0,0,0,0,0.00,0.0,
corpus,63,62,0,0,1,1017,10.17,0.016129,
corsair,803,801,0,0,2,20844,208.44,0.002497,
cort,5617,5557,1,0,59,1075247,10752.47,0.010617,59.0
cortland,14334,13601,484,0,249,2535645,25356.45,0.018307,0.514463
coty,2070,2013,0,0,57,82848,828.48,0.028316,
cougar,3046,3028,1,0,17,144760,1447.60,0.005614,17.0
courvoisier,13,13,0,0,0,0,0.00,0.0,
covani,3032,3020,0,0,12,132073,1320.73,0.003974,
cover,11877,11819,0,0,58,1670867,16708.67,0.004907,
cowon,404,403,0,0,1,7928,79.28,0.002481,
cralusso,256,255,0,0,1,790,7.90,0.003922,
crane,885,881,2,0,2,17200,172.00,0.00227,1.0
crea,49,49,0,0,0,0,0.00,0.0,
creative,48,48,0,0,0,0,0.00,0.0,
creature,16,16,0,0,0,0,0.00,0.0,
creavit,2,2,0,0,0,0,0.00,0.0,
creed,14880,14534,110,0,236,5038884,50388.84,0.016238,2.145455
creo,57,57,0,0,0,0,0.00,0.0,
creoceramique,21,21,0,0,0,0,0.00,0.0,
crescina,262,259,0,0,3,68779,687.79,0.011583,
cressi,3,3,0,0,0,0,0.00,0.0,
crest,60,60,0,0,0,0,0.00,0.0,
crisa,21,21,0,0,0,0,0.00,0.0,
crockid,10658,10621,0,0,37,25826,258.26,0.003484,
crona,1332,1315,0,0,17,99032,990.32,0.012928,
crosby,5680,5659,0,0,21,88367,883.67,0.003711,
crossstreet,63,63,0,0,0,0,0.00,0.0,
crown,76495,75656,47,0,792,4083029,40830.29,0.010468,16.851064
crucial,5137,5069,5,0,63,362125,3621.25,0.012428,12.6
crunch,225,225,0,0,0,0,0.00,0.0,
crusader,12,11,0,0,1,20335,203.35,0.090909,
crybabies,67,67,0,0,0,0,0.00,0.0,
csmedica,37,37,0,0,0,0,0.00,0.0,
cube,3156,3143,4,0,9,608280,6082.80,0.002864,2.25
cubicfun,746,746,0,0,0,0,0.00,0.0,
cullmann,345,343,0,0,2,10425,104.25,0.005831,
cvgaudio,96,96,0,0,0,0,0.00,0.0,
cybermass,36,36,0,0,0,0,0.00,0.0,
cyberpower,395,393,0,0,2,36836,368.36,0.005089,
cybex,10687,10592,25,0,70,2434952,24349.52,0.006609,2.8
d-clinic,694,686,0,0,8,23423,234.23,0.011662,
d-link,6582,6434,70,0,78,209442,2094.42,0.012123,1.114286
dab,115,115,0,0,0,0,0.00,0.0,
dabo,2,2,0,0,0,0,0.00,0.0,
daesung,366,364,0,0,2,8442,84.42,0.005495,
daewoo,3667,3592,5,0,70,4797267,47972.67,0.019488,14.0
daewooelectronics,20,20,0,0,0,0,0.00,0.0,
dahatsu,3,3,0,0,0,0,0.00,0.0,
dahon,835,824,4,0,7,288113,2881.13,0.008495,1.75
dahua,26,26,0,0,0,0,0.00,0.0,
daisy,1389,1372,0,0,17,255076,2550.76,0.012391,
daiwa,1612,1596,10,0,6,46256,462.56,0.003759,0.6
dalianhantaitradecoltd,21,21,0,0,0,0,0.00,0.0,
dam,4131,4101,4,0,26,123874,1238.74,0.00634,6.5
damask,171,171,0,0,0,0,0.00,0.0,
damixa,26,26,0,0,0,0,0.00,0.0,
damper,109,107,0,0,2,13232,132.32,0.018692,
danau,140,140,0,0,0,0,0.00,0.0,
daneildesch,29,29,0,0,0,0,0.00,0.0,
daniel,7,7,0,0,0,0,0.00,0.0,
danielklein,1186,1177,0,0,9,27569,275.69,0.007647,
danke,1594,1581,0,0,13,478620,4786.20,0.008223,
dardav,602,602,0,0,0,0,0.00,0.0,
darina,12538,12195,222,0,121,1772195,17721.95,0.009922,0.545045
dariush,121,121,0,0,0,0,0.00,0.0,
dauscher,289853,284311,2011,0,3531,60843702,608437.02,0.012419,1.755843
davidoff,556,550,0,0,6,23466,234.66,0.010909,
davita,225,225,0,0,0,0,0.00,0.0,
daye,47,46,1,0,0,0,0.00,0.0,0.0
dayun,2408,2400,0,0,8,1023448,10234.48,0.003333,
dbpower,455,452,0,0,3,20001,200.01,0.006637,
dds,1024,1015,0,0,9,207315,2073.15,0.008867,
dearest,89,88,0,0,1,4633,46.33,0.011364,
decocode,226,226,0,0,0,0,0.00,0.0,
decora,3,3,0,0,0,0,0.00,0.0,
decoroom,8349,8190,31,0,128,342473,3424.73,0.015629,4.129032
deepcool,14436,14215,66,0,155,399086,3990.86,0.010904,2.348485
deeper,2110,2104,0,0,6,226310,2263.10,0.002852,
deerma,809,800,0,0,9,19899,198.99,0.01125,
deestone,228,220,0,0,8,249940,2499.40,0.036364,
defalucy,25,25,0,0,0,0,0.00,0.0,
defender,39297,38478,260,0,559,628441,6284.41,0.014528,2.15
defredesign,22,22,0,0,0,0,0.00,0.0,
dekok,408,403,3,0,2,2646,26.46,0.004963,0.666667
dell,35936,35670,92,0,174,14999955,149999.55,0.004878,1.891304
della,1,1,0,0,0,0,0.00,0.0,
delma,13,13,0,0,0,0,0.00,0.0,
delmax,4436,4368,26,0,42,189437,1894.37,0.009615,1.615385
delonghi,42433,41332,711,0,390,13022725,130227.25,0.009436,0.548523
delsey,3635,3590,14,0,31,280674,2806.74,0.008635,2.214286
delta,475,474,0,0,1,8866,88.66,0.00211,
delux,10108,9839,149,0,120,152527,1525.27,0.012196,0.805369
deluxe,9281,9166,37,0,78,188750,1887.50,0.00851,2.108108
demark,164,164,0,0,0,0,0.00,0.0,
demiray,1895,1889,0,0,6,63618,636.18,0.003176,
dendy,102,102,0,0,0,0,0.00,0.0,
denn,4056,3921,81,0,54,162465,1624.65,0.013772,0.666667
denon,60,60,0,0,0,0,0.00,0.0,
denzel,16665,16565,0,0,100,2965031,29650.31,0.006037,
deoproce,10,10,0,0,0,0,0.00,0.0,
deppa,187,187,0,0,0,0,0.00,0.0,
derevaski,10,10,0,0,0,0,0.00,0.0,
dermacol,6237,6140,0,0,97,80298,802.98,0.015798,
derspur,71,71,0,0,0,0,0.00,0.0,
desatoekorolevstvo,126,124,1,0,1,1671,16.71,0.008065,1.0
desigual,348,346,0,0,2,3414,34.14,0.00578,
destra,1341,1333,0,0,8,27800,278.00,0.006002,
deta,2258,2225,0,0,33,435083,4350.83,0.014831,
detomaso,91,91,0,0,0,0,0.00,0.0,
deton,137,137,0,0,0,0,0.00,0.0,
deuter,249,248,0,0,1,24814,248.14,0.004032,
devar,41,41,0,0,0,0,0.00,0.0,
devente,19,18,0,0,1,6634,66.34,0.055556,
devos,1058,1057,0,0,1,12536,125.36,9.46E-4,
dewalt,53982,53336,300,0,346,7460458,74604.58,0.006487,1.153333
dfc,1004,996,0,0,8,141163,1411.63,0.008032,
diamant,8739,8600,0,0,139,1889850,18898.50,0.016163,
diamond,658,594,44,0,20,73560,735.60,0.03367,0.454545
diamondunion,745,735,0,0,10,165692,1656.92,0.013605,
dickie,218,212,0,0,6,12495,124.95,0.028302,
didistyle,164,164,0,0,0,0,0.00,0.0,
diesel,4453,4431,0,0,22,570827,5708.27,0.004965,
dilis,57,57,0,0,0,0,0.00,0.0,
dinastia,411,404,0,0,7,110661,1106.61,0.017327,
dion,10205,10176,0,0,29,86356,863.56,0.00285,
dior,16717,16405,61,0,251,3185448,31854.48,0.0153,4.114754
dirkje,3086,3078,0,0,8,32200,322.00,0.002599,
dirkjebabywear,97,97,0,0,0,0,0.00,0.0,
disney,6498,6473,0,0,25,38511,385.11,0.003862,
ditreex,183,180,0,0,3,9231,92.31,0.016667,
divalux,1019,1013,0,0,6,437590,4375.90,0.005923,
divoom,20,20,0,0,0,0,0.00,0.0,
dizel,48,48,0,0,0,0,0.00,0.0,
dji,20680,20525,16,0,139,12892641,128926.41,0.006772,8.6875
dk,2356,2345,4,0,7,188241,1882.41,0.002985,1.75
dkny,3770,3749,0,0,21,167975,1679.75,0.005601,
dla,28,28,0,0,0,0,0.00,0.0,
dls,1112,1110,0,0,2,19820,198.20,0.001802,
dobroparov,2,2,0,0,0,0,0.00,0.0,
dobrusskijfarforovyjzavod,770,770,0,0,0,0,0.00,0.0,
dodo,7,7,0,0,0,0,0.00,0.0,
doff,28,28,0,0,0,0,0.00,0.0,
dogrular,33,33,0,0,0,0,0.00,0.0,
doliva,536,534,0,0,2,1628,16.28,0.003745,
domani-spa,2685,2656,0,0,29,576110,5761.10,0.010919,
domasnijocag,211,211,0,0,0,0,0.00,0.0,
domcraft,890,889,0,0,1,1313,13.13,0.001125,
domenik,602,602,0,0,0,0,0.00,0.0,
dometic,7957,7954,0,0,3,39298,392.98,3.77E-4,
domika,11,11,0,0,0,0,0.00,0.0,
dominant-print,17,17,0,0,0,0,0.00,0.0,
domini,15756,15677,0,0,79,921283,9212.83,0.005039,
domyos,2351,2178,128,0,45,753733,7537.33,0.020661,0.351563
dongma,531,525,0,0,6,138846,1388.46,0.011429,
doogee,18177,17993,95,0,89,1063526,10635.26,0.004946,0.936842
doohan,3060,3058,0,0,2,218126,2181.26,6.54E-4,
doona,11,10,0,0,1,38354,383.54,0.1,
dopdrops,310,307,0,0,3,5406,54.06,0.009772,
dormeo,1,1,0,0,0,0,0.00,0.0,
dotemu,3,2,0,0,1,1799,17.99,0.5,
doubleeagle,86,85,0,0,1,6433,64.33,0.011765,
doupro,174,172,0,0,2,49217,492.17,0.011628,
dowontec,84,84,0,0,0,0,0.00,0.0,
dox,1112,1098,0,0,14,9144,91.44,0.01275,
dr.hoffman,28,28,0,0,0,0,0.00,0.0,
dr.jart,126,126,0,0,0,0,0.00,0.0,
dragon-i,6,6,0,0,0,0,0.00,0.0,
dreammachines,86,81,4,0,1,180182,1801.82,0.012346,0.25
dreamwave,235,235,0,0,0,0,0.00,0.0,
dreja,5,5,0,0,0,0,0.00,0.0,
dremel,1210,1186,16,0,8,63978,639.78,0.006745,0.5
drhedison,3,3,0,0,0,0,0.00,0.0,
drjart,545,533,0,0,12,26094,260.94,0.022514,
drop,1,1,0,0,0,0,0.00,0.0,
dsland,1605,1592,0,0,13,758421,7584.21,0.008166,
dsp,160,160,0,0,0,0,0.00,0.0,
dsppa,565,565,0,0,0,0,0.00,0.0,
dsquared,277,274,0,0,3,55986,559.86,0.010949,
dub,1252,1245,0,0,7,4610,46.10,0.005622,
ducray,698,689,0,0,9,16551,165.51,0.013062,
dulevskijfarfor,281,280,0,0,1,9835,98.35,0.003571,
dunavox,41,41,0,0,0,0,0.00,0.0,
dune,385,385,0,0,0,0,0.00,0.0,
dunhill,989,973,0,0,16,151640,1516.40,0.016444,
dunlop,13816,13596,11,0,209,1938368,19383.68,0.015372,19.0
dunu,88,88,0,0,0,0,0.00,0.0,
dunya,204,201,0,0,3,4885,48.85,0.014925,
duo,868,868,0,0,0,0,0.00,0.0,
dwt,17930,17704,74,0,152,1052639,10526.39,0.008586,2.054054
dxracer,14309,14103,122,0,84,2508697,25086.97,0.005956,0.688525
dyflon,59,58,1,0,0,0,0.00,0.0,0.0
dymatize,1635,1601,0,0,34,213412,2134.12,0.021237,
dynacord,128,128,0,0,0,0,0.00,0.0,
dynafit,84,84,0,0,0,0,0.00,0.0,
dynamic,629,614,1,0,14,137259,1372.59,0.022801,14.0
dynastar,19,19,0,0,0,0,0.00,0.0,
dyson,18331,17988,212,0,131,6550648,65506.48,0.007283,0.617925
e-blue,715,708,0,0,7,201136,2011.36,0.009887,
e-twow,1237,1237,0,0,0,0,0.00,0.0,
ea,15561,13025,1855,0,681,4943678,49436.78,0.052284,0.367116
easycamp,183,183,0,0,0,0,0.00,0.0,
easylink,77,77,0,0,0,0,0.00,0.0,
easywalker,1727,1720,0,0,7,312801,3128.01,0.00407,
eaton,20,20,0,0,0,0,0.00,0.0,
ecler,2,2,0,0,0,0,0.00,0.0,
eco,1426,1420,0,0,6,68350,683.50,0.004225,
ecocool,4253,4108,71,0,74,755848,7558.48,0.018014,1.042254
ecolab,1125,1120,0,0,5,2316,23.16,0.004464,
ecolaboratorie,1,1,0,0,0,0,0.00,0.0,
ecolight,406,404,0,0,2,2505,25.05,0.00495,
ecologystone,9,9,0,0,0,0,0.00,0.0,
ecoterm,248,247,0,0,1,2165,21.65,0.004049,
ecotex,3432,3387,0,0,45,46597,465.97,0.013286,
ecs,10,10,0,0,0,0,0.00,0.0,
edcon,244,242,0,0,2,15445,154.45,0.008264,
edelform,31,31,0,0,0,0,0.00,0.0,
edelman,4,4,0,0,0,0,0.00,0.0,
eden,27,27,0,0,0,0,0.00,0.0,
edge,16233,16002,1,0,230,3621598,36215.98,0.014373,230.0
edifier,2452,2435,7,0,10,34193,341.93,0.004107,1.428571
edon,5227,5185,0,0,42,176914,1769.14,0.0081,
edox,2135,2126,0,0,9,715746,7157.46,0.004233,
educa,16,16,0,0,0,0,0.00,0.0,
educo,18,18,0,0,0,0,0.00,0.0,
edufun,8236,8030,146,0,60,673965,6739.65,0.007472,0.410959
efp,11,11,0,0,0,0,0.00,0.0,
efremov,17554,17386,0,0,168,2496841,24968.41,0.009663,
eger,152,152,0,0,0,0,0.00,0.0,
egg,146,146,0,0,0,0,0.00,0.0,
egger,201,199,0,0,2,3678,36.78,0.01005,
egp,33,33,0,0,0,0,0.00,0.0,
egreat,317,317,0,0,0,0,0.00,0.0,
ehome,89,89,0,0,0,0,0.00,0.0,
eichorn,1,1,0,0,0,0,0.00,0.0,
einhell,3646,3634,0,0,12,134367,1343.67,0.003302,
ekel,5,5,0,0,0,0,0.00,0.0,
ekonomia,10,10,0,0,0,0,0.00,0.0,
eksmo,4,4,0,0,0,0,0.00,0.0,
elan,1157,1149,0,0,8,210094,2100.94,0.006963,
elari,59936,57227,1680,0,1029,5952731,59527.31,0.017981,0.6125
elaud,368,368,0,0,0,0,0.00,0.0,
elco,1131,1123,0,0,8,18328,183.28,0.007124,
electro-voice,2660,2652,0,0,8,1229298,12292.98,0.003017,
electrolux,71348,69527,1075,0,746,13922916,139229.16,0.01073,0.693953
electronicarts,235,229,0,0,6,43232,432.32,0.026201,
electronicsdeluxe,701,693,0,0,8,142042,1420.42,0.011544,
elegant,1003,995,0,0,8,9602,96.02,0.00804,
elektrostandard,239,238,0,0,1,5483,54.83,0.004202,
element,4164,4043,0,0,121,1556645,15566.45,0.029928,
elenberg,248303,233515,8598,0,6190,25977100,259771.00,0.026508,0.719935
elf,1708,1701,0,0,7,16989,169.89,0.004115,
elica,689,686,0,0,3,49064,490.64,0.004373,
elikor,5480,5426,1,0,53,461675,4616.75,0.009768,53.0
elite,285,285,0,0,0,0,0.00,0.0,
elitech,173,172,0,0,1,14572,145.72,0.005814,
elizavecca,3860,3799,0,0,61,78522,785.22,0.016057,
elleci,14,14,0,0,0,0,0.00,0.0,
elna,2288,2250,24,0,14,409730,4097.30,0.006222,0.583333
eltempo,71,69,0,0,2,14002,140.02,0.028986,
eltex,165,165,0,0,0,0,0.00,0.0,
eltreco,2542,2531,0,0,11,722029,7220.29,0.004346,
elysium,15704,15641,0,0,63,74676,746.76,0.004028,
emal,115,115,0,0,0,0,0.00,0.0,
embawood,950,949,0,0,1,52176,521.76,0.001054,
embryolisse,2138,2116,0,0,22,79971,799.71,0.010397,
emer,210,210,0,0,0,0,0.00,0.0,
emily,8,8,0,0,0,0,0.00,0.0,
emsa,3875,3817,32,0,26,94713,947.13,0.006812,0.8125
enchantimals,25,24,0,0,1,4888,48.88,0.041667,
energenie,85,82,0,0,3,5397,53.97,0.036585,
energizer,1659,1643,2,0,14,131947,1319.47,0.008521,7.0
energybodysystems,33,33,0,0,0,0,0.00,0.0,
energysistem,16,16,0,0,0,0,0.00,0.0,
enermax,513,507,0,0,6,48430,484.30,0.011834,
engenius,258,258,0,0,0,0,0.00,0.0,
engy,2,2,0,0,0,0,0.00,0.0,
enkor,25,25,0,0,0,0,0.00,0.0,
enlightenbrick,21,21,0,0,0,0,0.00,0.0,
enough,935,927,0,0,8,4249,42.49,0.00863,
envision,584,584,0,0,0,0,0.00,0.0,
enya,187,187,0,0,0,0,0.00,0.0,
epicgear,20,20,0,0,0,0,0.00,0.0,
epiphone,83,83,0,0,0,0,0.00,0.0,
epr,10184,10066,0,0,118,4601159,46011.59,0.011723,
epson,61864,58570,2003,0,1291,30236579,302365.79,0.022042,0.644533
era,17,17,0,0,0,0,0.00,0.0,
erbis,167,166,0,0,1,5122,51.22,0.006024,
erdenet,1678,1659,0,0,19,479294,4792.94,0.011453,
ergo,5733,5631,46,0,56,1605777,16057.77,0.009945,1.217391
ergolux,171,171,0,0,0,0,0.00,0.0,
erichkrause,10,10,0,0,0,0,0.00,0.0,
erismann,274,272,0,0,2,3127,31.27,0.007353,
erisson,1715,1713,0,0,2,7208,72.08,0.001168,
erkaplan,6177,6151,0,0,26,671243,6712.43,0.004227,
erlit,20567,20375,0,0,192,6298149,62981.49,0.009423,
ermila,86,86,0,0,0,0,0.00,0.0,
ersport,4229,4166,0,0,63,724794,7247.94,0.015122,
escada,1257,1241,1,0,15,87061,870.61,0.012087,15.0
escan,13102,13007,0,0,95,444552,4445.52,0.007304,
eskar,38,38,0,0,0,0,0.00,0.0,
esko,28,28,0,0,0,0,0.00,0.0,
espiro,11,11,0,0,0,0,0.00,0.0,
esse,266,261,0,0,5,24622,246.22,0.019157,
essence,145,143,0,0,2,541,5.41,0.013986,
estap,260,259,0,0,1,11862,118.62,0.003861,
estel,430,429,0,0,1,568,5.68,0.002331,
esthetichouse,45,43,0,0,2,2678,26.78,0.046512,
estomoda,225,224,0,0,1,6693,66.93,0.004464,
esun,38,38,0,0,0,0,0.00,0.0,
etalon,915,911,0,0,4,14827,148.27,0.004391,
etaltech,71,71,0,0,0,0,0.00,0.0,
etor,21977,21861,0,0,116,1255381,12553.81,0.005306,
etro,150,149,0,0,1,26667,266.67,0.006711,
eurogold,479,461,11,0,7,5390,53.90,0.015184,0.636364
eurolight,190,190,0,0,0,0,0.00,0.0,
eurolux,18625,17791,555,0,279,2226542,22265.42,0.015682,0.502703
europrint,564,552,0,0,12,23484,234.84,0.021739,
eurosvet,297,297,0,0,0,0,0.00,0.0,
evamosaic,74,72,0,0,2,612,6.12,0.027778,
eveline,33,33,0,0,0,0,0.00,0.0,
evelinecosmetics,6,6,0,0,0,0,0.00,0.0,
everflo,47,47,0,0,0,0,0.00,0.0,
evga,392,381,0,0,11,1474659,14746.59,0.028871,
evgo,230,229,0,0,1,11890,118.90,0.004367,
eviza,1494,1473,0,0,21,277544,2775.44,0.014257,
evriki,6,6,0,0,0,0,0.00,0.0,
evrodetal,169,169,0,0,0,0,0.00,0.0,
ewa,115,115,0,0,0,0,0.00,0.0,
ewt,5,5,0,0,0,0,0.00,0.0,
exide,2391,2367,0,0,24,283727,2837.27,0.010139,
exogini,1,1,0,0,0,0,0.00,0.0,
expoprint,3,3,0,0,0,0,0.00,0.0,
expression,37,37,0,0,0,0,0.00,0.0,
expromt,395,395,0,0,0,0,0.00,0.0,
ezetil,4355,4354,0,0,1,6690,66.90,2.3E-4,
f-power,8,8,0,0,0,0,0.00,0.0,
f-promo,13,13,0,0,0,0,0.00,0.0,
faans,24,22,0,0,2,6272,62.72,0.090909,
faber,106,106,0,0,0,0,0.00,0.0,
fabretti,6854,6825,0,0,29,61022,610.22,0.004249,
face,6,6,0,0,0,0,0.00,0.0,
fagor,60,60,0,0,0,0,0.00,0.0,
fais,4,4,0,0,0,0,0.00,0.0,
falken,112,112,0,0,0,0,0.00,0.0,
falmec,55,55,0,0,0,0,0.00,0.0,
fancy,1169,1153,0,0,16,20033,200.33,0.013877,
fanline,1508,1502,0,0,6,115961,1159.61,0.003995,
fant-mebel,332,331,0,0,1,28289,282.89,0.003021,
fantasia,613,603,4,0,6,171557,1715.57,0.00995,1.5
fanzon,15,15,0,0,0,0,0.00,0.0,
farcar,581,580,0,0,1,48650,486.50,0.001724,
farmavita,1041,1028,0,0,13,37147,371.47,0.012646,
farmstay,203,203,0,0,0,0,0.00,0.0,
faro,10,10,0,0,0,0,0.00,0.0,
farroad,6570,6464,5,0,101,627301,6273.01,0.015625,20.2
fassen,30506,30224,0,0,282,1293622,12936.22,0.00933,
favourite,148,147,0,0,1,7207,72.07,0.006803,
fea,31,31,0,0,0,0,0.00,0.0,
febest,11821,11798,0,0,23,46905,469.05,0.001949,
federal,37,37,0,0,0,0,0.00,0.0,
feile,2,2,0,0,0,0,0.00,0.0,
felisatti,80,80,0,0,0,0,0.00,0.0,
fender,13900,13675,106,0,119,2828957,28289.57,0.008702,1.122642
fendi,229,226,0,0,3,13821,138.21,0.013274,
fengnix,316,310,0,0,6,91122,911.22,0.019355,
fenix,3648,3627,0,0,21,368554,3685.54,0.00579,
feron,333,332,0,0,1,193,1.93,0.003012,
ferrari,327,327,0,0,0,0,0.00,0.0,
ferre,81,80,0,0,1,10007,100.07,0.0125,
ferrino,2553,2544,0,0,9,101494,1014.94,0.003538,
festina,20,20,0,0,0,0,0.00,0.0,
festool,1431,1417,0,0,14,1346847,13468.47,0.00988,
fibos,18,18,0,0,0,0,0.00,0.0,
fidan,31,31,0,0,0,0,0.00,0.0,
fiesta,2193,2181,0,0,12,167279,1672.79,0.005502,
fiio,1406,1399,0,0,7,58485,584.85,0.005004,
fila,13466,13399,0,0,67,703045,7030.45,0.005,
filly,4,4,0,0,0,0,0.00,0.0,
finezza,572,567,0,0,5,9830,98.30,0.008818,
finish,1188,1178,0,0,10,4962,49.62,0.008489,
fipar,1,1,0,0,0,0,0.00,0.0,
fireball,1,1,0,0,0,0,0.00,0.0,
firepower,636,635,0,0,1,898,8.98,0.001575,
firestone,2105,2044,1,0,60,2035481,20354.81,0.029354,60.0
firman,2166,2157,0,0,9,191934,1919.34,0.004172,
first,3046,3033,2,0,11,41648,416.48,0.003627,5.5
fischer,342,340,0,0,2,8495,84.95,0.005882,
fisher,3431,3407,0,0,24,686067,6860.67,0.007044,
fisher-price,3307,3224,41,0,42,192938,1929.38,0.013027,1.02439
fisherman,1190,1185,0,0,5,12706,127.06,0.004219,
fisherprice,167,167,0,0,0,0,0.00,0.0,
fissler,244,244,0,0,0,0,0.00,0.0,
fissman,1654,1648,0,0,6,27285,272.85,0.003641,
fit,378,378,0,0,0,0,0.00,0.0,
fit-rx,583,578,0,0,5,7721,77.21,0.008651,
fitbit,2383,2381,0,0,2,36032,360.32,8.4E-4,
fitchbaby,388,385,0,0,3,11505,115.05,0.007792,
fitlux,2986,2972,0,0,14,1609825,16098.25,0.004711,
fitnessbody,5,5,0,0,0,0,0.00,0.0,
fitokosmetik,5,5,0,0,0,0,0.00,0.0,
fitrider,191,191,0,0,0,0,0.00,0.0,
fitwell,57,57,0,0,0,0,0.00,0.0,
fivestars,296,292,0,0,4,9396,93.96,0.013699,
fixsen,22,22,0,0,0,0,0.00,0.0,
flama,17966,17662,153,0,151,2102262,21022.62,0.008549,0.986928
flambeau,989,988,0,0,1,2570,25.70,0.001012,
flashpoint,414,414,0,0,0,0,0.00,0.0,
flavia,893,890,0,0,3,94760,947.60,0.003371,
fleet,28,28,0,0,0,0,0.00,0.0,
flex,3,3,0,0,0,0,0.00,0.0,
flexter,433,427,0,0,6,54054,540.54,0.014052,
fli,1683,1653,0,0,30,424710,4247.10,0.018149,
flicker,6,6,0,0,0,0,0.00,0.0,
flight,5544,5487,0,0,57,376748,3767.48,0.010388,
floralis,32,32,0,0,0,0,0.00,0.0,
florentina,398,395,0,0,3,44661,446.61,0.007595,
floresan,104,102,0,0,2,990,9.90,0.019608,
flormar,491,481,0,0,10,8016,80.16,0.02079,
fly,22503,21946,256,0,301,7567069,75670.69,0.013715,1.175781
focal,3822,3799,0,0,23,304157,3041.57,0.006054,
focushomeinteractive,51,51,0,0,0,0,0.00,0.0,
foligain,119,114,0,0,5,14095,140.95,0.04386,
fondital,556,553,3,0,0,0,0.00,0.0,0.0
force,166376,164280,139,0,1957,28605619,286056.19,0.011913,14.079137
forcekraft,3407,3389,0,0,18,166103,1661.03,0.005311,
ford,100,99,0,0,1,5789,57.89,0.010101,
forlux,542,529,0,0,13,93375,933.75,0.024575,
forminabanyo,24,24,0,0,0,0,0.00,0.0,
fornelli,791,787,0,0,4,119787,1197.87,0.005083,
fornite,29,29,0,0,0,0,0.00,0.0,
forsage,244,244,0,0,0,0,0.00,0.0,
fortnite,185,185,0,0,0,0,0.00,0.0,
forward,4050,4007,0,0,43,305596,3055.96,0.010731,
forza,1458,1452,0,0,6,79859,798.59,0.004132,
fossil,8944,8895,0,0,49,861376,8613.76,0.005509,
fostex,131,131,0,0,0,0,0.00,0.0,
fotomate,68,68,0,0,0,0,0.00,0.0,
fotorama,131,129,0,0,2,6537,65.37,0.015504,
fox,182,182,0,0,0,0,0.00,0.0,
foxconn,3,3,0,0,0,0,0.00,0.0,
foxx,71,71,0,0,0,0,0.00,0.0,
framesi,639,636,0,0,3,8674,86.74,0.004717,
franke,1400,1393,0,0,7,155338,1553.38,0.005025,
freedom,132,132,0,0,0,0,0.00,0.0,
freefeet,104,104,0,0,0,0,0.00,0.0,
freeway,478,477,0,0,1,2548,25.48,0.002096,
fresh,141,137,3,0,1,11066,110.66,0.007299,0.333333
freya,58,57,0,0,1,3495,34.95,0.017544,
frozen,728,726,0,0,2,2574,25.74,0.002755,
fsd,144,144,0,0,0,0,0.00,0.0,
fubag,9837,9777,0,0,60,2351362,23513.62,0.006137,
fuel,155,155,0,0,0,0,0.00,0.0,
fujida,2741,2710,0,0,31,321254,3212.54,0.011439,
fujifilm,8497,8421,0,0,76,1044668,10446.68,0.009025,
funville,338,334,0,0,4,10092,100.92,0.011976,
furreal,20,19,0,0,1,5766,57.66,0.052632,
futura,219,218,0,0,1,4595,45.95,0.004587,
g-cube,285,283,0,0,2,1669,16.69,0.007067,
g-stone,2,2,0,0,0,0,0.00,0.0,
ga-de,2797,2771,0,0,26,42038,420.38,0.009383,
gabriella,12,12,0,0,0,0,0.00,0.0,
gaga,362,359,2,0,1,2057,20.57,0.002786,0.5
gaint,205,203,0,0,2,82318,823.18,0.009852,
gainward,1591,1580,0,0,11,539077,5390.77,0.006962,
galacticos,323,320,0,0,3,1171,11.71,0.009375,
galanz,3042,2967,0,0,75,510745,5107.45,0.025278,
galaxy,60260,59602,64,0,594,1553183,15531.83,0.009966,9.28125
gamdias,777,764,10,0,3,42172,421.72,0.003927,0.3
gamemax,3410,3340,37,0,33,547505,5475.05,0.00988,0.891892
gamma,3620,3535,0,0,85,385155,3851.55,0.024045,
garage,29,28,0,0,1,1574,15.74,0.035714,
garant,512,509,0,0,3,1041,10.41,0.005894,
garanterm,2337,2272,14,0,51,482048,4820.48,0.022447,3.642857
gardena,1251,1251,0,0,0,0,0.00,0.0,
garmin,68832,68183,340,0,309,15830083,158300.83,0.004532,0.908824
garnier,1857,1839,0,0,18,5953,59.53,0.009788,
garrett,7429,7360,0,0,69,2120454,21204.54,0.009375,
garvalin,6587,6560,0,0,27,177042,1770.42,0.004116,
gaspari,17,17,0,0,0,0,0.00,0.0,
gauss,330,320,6,0,4,2620,26.20,0.0125,0.666667
gazpromneft,4787,4753,0,0,34,36188,361.88,0.007153,
gedore,170,170,0,0,0,0,0.00,0.0,
gefest,63939,63274,249,0,416,7312385,73123.85,0.006575,1.670683
gehwol,751,748,0,0,3,3424,34.24,0.004011,
geil,9321,9156,47,0,118,487565,4875.65,0.012888,2.510638
geitaran,326,324,0,0,2,27028,270.28,0.006173,
gelflex,543,541,0,0,2,3346,33.46,0.003697,
gembird,1441,1432,3,0,6,4689,46.89,0.00419,2.0
gemei,1294,1266,0,0,28,57942,579.42,0.022117,
gemsy,150,149,0,0,1,62130,621.30,0.006711,
genau,9041,8798,0,0,243,8382181,83821.81,0.02762,
genebre,625,622,0,0,3,65628,656.28,0.004823,
genesis,10716,10340,41,0,335,1717416,17174.16,0.032398,8.170732
geneticlab,6,6,0,0,0,0,0.00,0.0,
geneticlabnutrition,414,410,0,0,4,5972,59.72,0.009756,
genius,3493,3427,26,0,40,75230,752.30,0.011672,1.538462
genki,446,434,0,0,12,16986,169.86,0.02765,
genlog,1280,1279,0,0,1,1161,11.61,7.82E-4,
genny,7,7,0,0,0,0,0.00,0.0,
geoffanderson,15,15,0,0,0,0,0.00,0.0,
gerat,40535,40446,0,0,89,342439,3424.39,0.0022,
gerber,2177,2150,0,0,27,9364,93.64,0.012558,
gerbor,608,607,0,0,1,18894,188.94,0.001647,
gerdamix,114,114,0,0,0,0,0.00,0.0,
gerkulesgames,3,3,0,0,0,0,0.00,0.0,
geroivmaskah,1,1,0,0,0,0,0.00,0.0,
gesso,296,293,0,0,3,15438,154.38,0.010239,
gewa,1861,1832,7,0,22,140566,1405.66,0.012009,3.142857
gezatone,5170,5131,0,0,39,221547,2215.47,0.007601,
gf,8196,8102,3,0,91,6152008,61520.08,0.011232,30.333333
giant,13662,13587,8,0,67,5005612,50056.12,0.004931,8.375
gigabyte,37216,36842,60,0,314,7526996,75269.96,0.008523,5.233333
gigawatt,4992,4838,73,0,81,718579,7185.79,0.016742,1.109589
gigazone,293,289,2,0,2,2106,21.06,0.00692,1.0
gimi,1550,1476,53,0,21,47129,471.29,0.014228,0.396226
ginzza,21,21,0,0,0,0,0.00,0.0,
gionee,4038,4000,5,0,33,306369,3063.69,0.00825,6.6
giornonotte,1014,1013,0,0,1,68650,686.50,9.87E-4,
gioseppo,35,35,0,0,0,0,0.00,0.0,
gipfel,14711,14682,0,0,29,297015,2970.15,0.001975,
gislaved,11941,11389,294,0,258,2287536,22875.36,0.022653,0.877551
giti,9,9,0,0,0,0,0.00,0.0,
gitzo,44,44,0,0,0,0,0.00,0.0,
givenchy,7318,7226,9,0,83,780822,7808.22,0.011486,9.222222
gk,53,52,0,0,1,2124,21.24,0.019231,
gkhair,3723,3670,0,0,53,193544,1935.44,0.014441,
gladen,621,618,0,0,3,66025,660.25,0.004854,
glam-forever,111,111,0,0,0,0,0.00,0.0,
glamglow,2339,2304,0,0,35,173124,1731.24,0.015191,
glamvers,595,593,0,0,2,16500,165.00,0.003373,
glimmies,30,30,0,0,0,0,0.00,0.0,
global,991,986,4,0,1,384,3.84,0.001014,0.25
globber,1354,1348,2,0,4,32700,327.00,0.002967,2.0
globex,164,163,0,0,1,7462,74.62,0.006135,
globo,31,31,0,0,0,0,0.00,0.0,
glory,100,100,0,0,0,0,0.00,0.0,
go-sport,55,55,0,0,0,0,0.00,0.0,
goalzero,307,307,0,0,0,0,0.00,0.0,
goform,2114,2083,0,0,31,211616,2116.16,0.014882,
goldenrose,1,1,0,0,0,0,0.00,0.0,
golf,33,33,0,0,0,0,0.00,0.0,
goliath,206,205,0,0,1,3102,31.02,0.004878,
gonher,72,72,0,0,0,0,0.00,0.0,
goo.n,1005,933,53,0,19,33659,336.59,0.020364,0.358491
goodbaby,6,6,0,0,0,0,0.00,0.0,
goodgrill,125,125,0,0,0,0,0.00,0.0,
goodloot,1453,1428,16,0,9,13517,135.17,0.006303,0.5625
goodram,280,280,0,0,0,0,0.00,0.0,
goodride,13499,13291,4,0,204,1029077,10290.77,0.015349,51.0
goodyear,38218,36948,419,0,851,10412508,104125.08,0.023032,2.031026
google,15436,15409,0,0,27,1627295,16272.95,0.001752,
gopro,11894,11488,273,0,133,5485013,54850.13,0.011577,0.487179
gorenje,55147,54526,240,0,381,6900062,69000.62,0.006987,1.5875
gorizont,9,9,0,0,0,0,0.00,0.0,
gornica,5,5,0,0,0,0,0.00,0.0,
gosh,5367,5281,0,0,86,113088,1130.88,0.016285,
gourmet,75,75,0,0,0,0,0.00,0.0,
gr,18,18,0,0,0,0,0.00,0.0,
gracecole,471,469,0,0,2,3199,31.99,0.004264,
graco,593,591,0,0,2,15804,158.04,0.003384,
graff,173,173,0,0,0,0,0.00,0.0,
graffiti,957,955,0,0,2,29864,298.64,0.002094,
gran-stone,3155,3129,0,0,26,172832,1728.32,0.008309,
grand,1,1,0,0,0,0,0.00,0.0,
granfest,38,38,0,0,0,0,0.00,0.0,
granhel,20272,20063,0,0,209,2318768,23187.68,0.010417,
granicom,401,395,0,0,6,31815,318.15,0.01519,
grape,3713,3661,0,0,52,240938,2409.38,0.014204,
graphite,1346,1345,0,0,1,8273,82.73,7.43E-4,
graphiteleader,68,68,0,0,0,0,0.00,0.0,
grattant,9,9,0,0,0,0,0.00,0.0,
gree,4594,4515,45,0,34,1087501,10875.01,0.00753,0.755556
greenbike,1589,1587,0,0,2,229241,2292.41,0.00126,
greenland,179,177,0,0,2,1178,11.78,0.011299,
greenpan,47,47,0,0,0,0,0.00,0.0,
greenpro,489,486,0,0,3,13504,135.04,0.006173,
greentek,2216,2201,0,0,15,30062,300.62,0.006815,
greentree,541,540,0,0,1,12868,128.68,0.001852,
greenway,877,845,23,0,9,58000,580.00,0.010651,0.391304
greenworks,39,39,0,0,0,0,0.00,0.0,
greta,5372,5308,23,0,41,635312,6353.12,0.007724,1.782609
gretsch,562,561,0,0,1,86280,862.80,0.001783,
greyder,28273,28158,0,0,115,1133737,11337.37,0.004084,
greys,161,161,0,0,0,0,0.00,0.0,
grillver,3209,3206,0,0,3,35097,350.97,9.36E-4,
grinda,14,14,0,0,0,0,0.00,0.0,
grizzly,29,29,0,0,0,0,0.00,0.0,
grohe,4760,4727,10,0,23,246586,2465.86,0.004866,2.3
gross,4116,4105,0,0,11,89215,892.15,0.00268,
groundzero,8,8,0,0,0,0,0.00,0.0,
grow-with-me,2136,2086,0,0,50,178899,1788.99,0.023969,
gs,57,57,0,0,0,0,0.00,0.0,
gt,1156,1155,0,0,1,32150,321.50,8.66E-4,
guangwei,1053,1037,0,0,16,20931,209.31,0.015429,
gucci,8529,8386,6,0,137,1070824,10708.24,0.016337,22.833333
guerisson,823,815,0,0,8,13283,132.83,0.009816,
guerlain,3529,3469,0,0,60,587772,5877.72,0.017296,
gulliver,5166,5151,0,0,15,24271,242.71,0.002912,
gutrend,11,11,0,0,0,0,0.00,0.0,
guzzini,232,232,0,0,0,0,0.00,0.0,
gys,53,53,0,0,0,0,0.00,0.0,
habilead,10185,10040,0,0,145,830483,8304.83,0.014442,
hachette,16,16,0,0,0,0,0.00,0.0,
hada,58,58,0,0,0,0,0.00,0.0,
haday,46,46,0,0,0,0,0.00,0.0,
haeger,37,37,0,0,0,0,0.00,0.0,
haier,182725,173901,5752,0,3072,89204769,892047.69,0.017665,0.534075
hairdorables,101,100,0,0,1,2829,28.29,0.01,
haken,123,119,0,0,4,7132,71.32,0.033613,
halei,755,728,0,0,27,40153,401.53,0.037088,
halmar,1102,1099,0,0,3,68573,685.73,0.00273,
hama,300,298,0,0,2,2728,27.28,0.006711,
hamilton,34,34,0,0,0,0,0.00,0.0,
hammer,691,688,0,0,3,23573,235.73,0.00436,
handwers,2200,2198,0,0,2,8083,80.83,9.1E-4,
hangzhoujindingimportexportcoltd,30,30,0,0,0,0,0.00,0.0,
hankook,21102,20815,0,0,287,2519710,25197.10,0.013788,
hanlu,2,2,0,0,0,0,0.00,0.0,
hanma,857,851,0,0,6,206958,2069.58,0.007051,
hanowa,1309,1304,0,0,5,83656,836.56,0.003834,
hansa,88350,86631,882,0,837,22865541,228655.41,0.009662,0.94898
hap-p-kid,304,304,0,0,0,0,0.00,0.0,
harley-davidson,7175,7160,0,0,15,188809,1888.09,0.002095,
harleybaby,8,8,0,0,0,0,0.00,0.0,
haro,3710,3681,0,0,29,1000771,10007.71,0.007878,
harp,98,97,0,0,1,77737,777.37,0.010309,
harper,34876,34320,137,0,419,2113714,21137.14,0.012209,3.058394
harpercollins,19,19,0,0,0,0,0.00,0.0,
hartan,268,267,0,0,1,180182,1801.82,0.003745,
harte,21,21,0,0,0,0,0.00,0.0,
hartung,51,51,0,0,0,0,0.00,0.0,
hasbro,14388,14271,41,0,76,279184,2791.84,0.005325,1.853659
hauck,291,289,0,0,2,53489,534.89,0.00692,
haushalt,56,56,0,0,0,0,0.00,0.0,
hausmann,4230,4206,0,0,24,35742,357.42,0.005706,
havit,1071,1045,15,0,11,44998,449.98,0.010526,0.733333
hb,4577,4541,0,0,36,113932,1139.32,0.007928,
head,1377,1375,0,0,2,12767,127.67,0.001455,
headrush,63,63,0,0,0,0,0.00,0.0,
hebeigrindingwheelfactory,29,29,0,0,0,0,0.00,0.0,
hec,3,3,0,0,0,0,0.00,0.0,
heco,23,23,0,0,0,0,0.00,0.0,
heidelbergcement,95,91,0,0,4,1460,14.60,0.043956,
heinola,53,53,0,0,0,0,0.00,0.0,
heinz,38,36,0,0,2,216,2.16,0.055556,
helfer,1131,1130,0,0,1,7980,79.80,8.85E-4,
helios,695,689,0,0,6,37585,375.85,0.008708,
hellion,92,90,0,0,2,10812,108.12,0.022222,
hellomaggie,19,19,0,0,0,0,0.00,0.0,
helvetia,2723,2717,0,0,6,713208,7132.08,0.002208,
helvi,207,207,0,0,0,0,0.00,0.0,
henglei,343,343,0,0,0,0,0.00,0.0,
hercules,123,122,0,0,1,2417,24.17,0.008197,
herman,49,49,0,0,0,0,0.00,0.0,
hermes,496,488,0,0,8,139394,1393.94,0.016393,
hertz,21322,21151,0,0,171,2188328,21883.28,0.008085,
heyner,1881,1868,0,0,13,170533,1705.33,0.006959,
hgst,59,59,0,0,0,0,0.00,0.0,
hibertek,34,33,0,0,1,633,6.33,0.030303,
hifiman,113,112,0,0,1,29720,297.20,0.008929,
hifly,13213,12990,0,0,223,1386205,13862.05,0.017167,
higashi,289,288,0,0,1,6880,68.80,0.003472,
hikma,38,36,0,0,2,3088,30.88,0.055556,
hilo,1631,1607,0,0,24,97973,979.73,0.014935,
hilti,354,354,0,0,0,0,0.00,0.0,
hintek,125,124,0,0,1,8586,85.86,0.008065,
hiper,4156,4131,0,0,25,36156,361.56,0.006052,
his,47,46,0,0,1,50786,507.86,0.021739,
hisense,7242,6952,199,0,91,5525149,55251.49,0.01309,0.457286
hitachi,5693,5666,12,0,15,799056,7990.56,0.002647,1.25
hitechnic,529,496,21,0,12,41933,419.33,0.024194,0.571429
hobbyworld,33,33,0,0,0,0,0.00,0.0,
hobot,808,806,0,0,2,122219,1222.19,0.002481,
hoco,15212,14683,325,0,204,358762,3587.62,0.013894,0.627692
hola,19,19,0,0,0,0,0.00,0.0,
holder,859,857,0,0,2,3084,30.84,0.002334,
holicy,47,46,0,0,1,55214,552.14,0.021739,
holiday,1374,1369,0,0,5,81240,812.40,0.003652,
hollicy,12,12,0,0,0,0,0.00,0.0,
homage,364,359,0,0,5,41957,419.57,0.013928,
homeart,1206,1202,0,0,4,4507,45.07,0.003328,
homeelement,107,101,6,0,0,0,0.00,0.0,0.0
homelife,21,21,0,0,0,0,0.00,0.0,
homs,1,1,0,0,0,0,0.00,0.0,
homy,531,519,0,0,12,33360,333.60,0.023121,
honda,1345,1345,0,0,0,0,0.00,0.0,
honor,89417,87831,943,0,643,14474727,144747.27,0.007321,0.681866
hoover,4673,4522,99,0,52,506663,5066.63,0.011499,0.525253
hori,249,245,0,0,4,77224,772.24,0.016327,
horizont,18717,18411,132,0,174,2326953,23269.53,0.009451,1.318182
hotmom,113,113,0,0,0,0,0.00,0.0,
hotner,367,367,0,0,0,0,0.00,0.0,
hotpoint-ariston,12818,12655,69,0,94,2655434,26554.34,0.007428,1.362319
hottek,588,585,0,0,3,5027,50.27,0.005128,
hotwheels,14,14,0,0,0,0,0.00,0.0,
housefit,21582,21419,16,0,147,4951631,49516.31,0.006863,9.1875
household,45,44,0,0,1,6178,61.78,0.022727,
hp,305242,298907,2739,0,3596,122721599,1227215.99,0.01203,1.312888
hpe,265,265,0,0,0,0,0.00,0.0,
hq,179,178,0,0,1,4116,41.16,0.005618,
hr,18,18,0,0,0,0,0.00,0.0,
hre,22,22,0,0,0,0,0.00,0.0,
htc,4771,4679,47,0,45,538696,5386.96,0.009617,0.957447
huanger,2307,2269,0,0,38,103140,1031.40,0.016747,
huawang,151,151,0,0,0,0,0.00,0.0,
huawei,1111205,1045572,42132,0,23501,488342174,4883421.74,0.022477,0.557795
hubeiindustrialaimiletrading,41,41,0,0,0,0,0.00,0.0,
hubert,22334,21209,699,0,426,21970636,219706.36,0.020086,0.609442
huggies,11191,10791,0,0,400,526986,5269.86,0.037068,
huile,615,613,0,0,2,4242,42.42,0.003263,
huion,6547,6348,116,0,83,2776280,27762.80,0.013075,0.715517
humana,660,658,0,0,2,1725,17.25,0.00304,
hummer,28,28,0,0,0,0,0.00,0.0,
humminbird,717,717,0,0,0,0,0.00,0.0,
hunter,61,61,0,0,0,0,0.00,0.0,
huntkey,3885,3823,38,0,24,114552,1145.52,0.006278,0.631579
huntsman,143,143,0,0,0,0,0.00,0.0,
huochu,2,2,0,0,0,0,0.00,0.0,
hurakan,36,36,0,0,0,0,0.00,0.0,
hurom,9,9,0,0,0,0,0.00,0.0,
husky,233,233,0,0,0,0,0.00,0.0,
husqvarna,733,730,0,0,3,93414,934.14,0.00411,
huter,83310,78977,3107,0,1226,16507251,165072.51,0.015524,0.394593
hycell,701,700,0,0,1,1004,10.04,0.001429,
hygge,6039,5967,0,0,72,4505148,45051.48,0.012066,
hynix,31,31,0,0,0,0,0.00,0.0,
hyper,229,219,0,0,10,63517,635.17,0.045662,
hyperx,19055,18449,341,0,265,1956943,19569.43,0.014364,0.777126
hyundai,13283,13133,33,0,117,996883,9968.83,0.008909,3.545455
i-baby,601,594,0,0,7,24181,241.81,0.011785,
i-velo,2,2,0,0,0,0,0.00,0.0,
ibaby,759,753,6,0,0,0,0.00,0.0,0.0
ibanez,439,432,0,0,7,204639,2046.39,0.016204,
ibili,658,658,0,0,0,0,0.00,0.0,
ibiscus,16,16,0,0,0,0,0.00,0.0,
ibox,39865,39150,314,0,401,3172726,31727.26,0.010243,1.27707
iconbit,72,72,0,0,0,0,0.00,0.0,
id-cooling,4063,4014,24,0,25,66019,660.19,0.006228,1.041667
iddis,527,522,0,0,5,28790,287.90,0.009579,
ideal,574,550,20,0,4,3080,30.80,0.007273,0.2
iek,64,64,0,0,0,0,0.00,0.0,
ifree,187,185,0,0,2,47362,473.62,0.010811,
iiyama,1500,1492,0,0,8,190970,1909.70,0.005362,
ikea,19670,19483,0,0,187,218790,2187.90,0.009598,
ikkm,47,47,0,0,0,0,0.00,0.0,
ilash,2,2,0,0,0,0,0.00,0.0,
ilife,1956,1941,0,0,15,387181,3871.81,0.007728,
illumico,520,509,0,0,11,66894,668.94,0.021611,
imattress,15,15,0,0,0,0,0.00,0.0,
imax,334,334,0,0,0,0,0.00,0.0,
imenza,10,10,0,0,0,0,0.00,0.0,
imetec,87,86,0,0,1,4631,46.31,0.011628,
imperia,9242,9205,0,0,37,3618193,36181.93,0.00402,
imperial,33505,33375,0,0,130,5906654,59066.54,0.003895,
impex,244,244,0,0,0,0,0.00,0.0,
imx,5243,5194,0,0,49,1223916,12239.16,0.009434,
incanto,24362,23768,354,0,240,3872344,38723.44,0.010098,0.677966
incar,2199,2197,0,0,2,25740,257.40,9.1E-4,
incase,1,1,0,0,0,0,0.00,0.0,
indesit,290101,278172,6905,0,5024,125006095,1250060.95,0.018061,0.727589
indiana,200,200,0,0,0,0,0.00,0.0,
indigo,504,501,0,0,3,46326,463.26,0.005988,
infinity,4575,4503,0,0,72,744392,7443.92,0.015989,
infinitynado,51,51,0,0,0,0,0.00,0.0,
info,727,725,0,0,2,32896,328.96,0.002759,
ingersoll,72,72,0,0,0,0,0.00,0.0,
inglesina,2134,2129,0,0,5,234369,2343.69,0.002349,
inhouse,3900,3853,15,0,32,49116,491.16,0.008305,2.133333
inkax,2349,2344,0,0,5,2053,20.53,0.002133,
inmotion,160,160,0,0,0,0,0.00,0.0,
inoi,20940,20388,312,0,240,1080081,10800.81,0.011772,0.769231
inseense,7,7,0,0,0,0,0.00,0.0,
insight,279,276,0,0,3,3862,38.62,0.01087,
insinse,172,172,0,0,0,0,0.00,0.0,
inspector,3292,3239,25,0,28,556841,5568.41,0.008645,1.12
inspiwood,2,2,0,0,0,0,0.00,0.0,
instyle,49,47,0,0,2,720,7.20,0.042553,
intego,5073,5045,0,0,28,392973,3929.73,0.00555,
intel,31633,31463,54,0,116,2728469,27284.69,0.003687,2.148148
inteli,10,10,0,0,0,0,0.00,0.0,
interbaget,48,48,0,0,0,0,0.00,0.0,
interlink,3,3,0,0,0,0,0.00,0.0,
internedoors,1592,1582,0,0,10,159049,1590.49,0.006321,
interos,75,74,0,0,1,6902,69.02,0.013514,
intex,21667,21624,4,0,39,269197,2691.97,0.001804,9.75
intro,1725,1669,37,0,19,30603,306.03,0.011384,0.513514
invader,24,24,0,0,0,0,0.00,0.0,
invisible,5,5,0,0,0,0,0.00,0.0,
inwin,8,8,0,0,0,0,0.00,0.0,
ipipoo,191,190,0,0,1,2188,21.88,0.005263,
ipower,445,438,0,0,7,3610,36.10,0.015982,
iqmarketing,71,71,0,0,0,0,0.00,0.0,
irbis,17853,17706,45,0,102,851488,8514.88,0.005761,2.266667
irest,117,117,0,0,0,0,0.00,0.0,
irit,109,109,0,0,0,0,0.00,0.0,
iriver,51,51,0,0,0,0,0.00,0.0,
irobot,6442,6415,0,0,27,1504879,15048.79,0.004209,
ismart,1,1,0,0,0,0,0.00,0.0,
isntree,482,474,0,0,8,15548,155.48,0.016878,
italtrike,146,146,0,0,0,0,0.00,0.0,
itc,27,27,0,0,0,0,0.00,0.0,
iunik,11,11,0,0,0,0,0.00,0.0,
ivaru,50,50,0,0,0,0,0.00,0.0,
ivc,13,13,0,0,0,0,0.00,0.0,
ivt,6611,6563,0,0,48,150803,1508.03,0.007314,
iwalk,3332,3287,0,0,45,69546,695.46,0.01369,
jabra,3404,3289,70,0,45,183416,1834.16,0.013682,0.642857
jack,801,798,0,0,3,194730,1947.30,0.003759,
jackson,332,329,0,0,3,94237,942.37,0.009119,
jacqueslemans,6,6,0,0,0,0,0.00,0.0,
jade,4787,4771,0,0,16,610989,6109.89,0.003354,
jaguar,23760,23166,356,0,238,3313597,33135.97,0.010274,0.668539
jakkspacific,8,8,0,0,0,0,0.00,0.0,
jamo,1,1,0,0,0,0,0.00,0.0,
janesper,1,1,0,0,0,0,0.00,0.0,
janome,108978,106039,1583,0,1356,33349144,333491.44,0.012788,0.856601
jarko,155,155,0,0,0,0,0.00,0.0,
jasic,592,589,0,0,3,74520,745.20,0.005093,
jasmine,1338,1336,0,0,2,9266,92.66,0.001497,
jata,339,339,0,0,0,0,0.00,0.0,
jawbone,316,316,0,0,0,0,0.00,0.0,
jazwares,127,127,0,0,0,0,0.00,0.0,
jb,362,350,11,0,1,770,7.70,0.002857,0.090909
jbl,140390,134736,3215,0,2439,15371417,153714.17,0.018102,0.758631
jeep,411,410,0,0,1,19022,190.22,0.002439,
jeepwrangler,53,53,0,0,0,0,0.00,0.0,
jet,10772,10377,260,0,135,432095,4320.95,0.01301,0.519231
jetair,1126,1109,5,0,12,208604,2086.04,0.010821,2.4
jetem,719,715,2,0,2,6950,69.50,0.002797,1.0
jetpik,2781,2714,41,0,26,430304,4303.04,0.00958,0.634146
jiada,12,12,0,0,0,0,0.00,0.0,
jiaxingharleybabycar,220,218,0,0,2,43708,437.08,0.009174,
jigott,152,150,0,0,2,950,9.50,0.013333,
jika,321,317,1,0,3,1704,17.04,0.009464,3.0
jinga,10250,9924,199,0,127,389528,3895.28,0.012797,0.638191
jinjianfeng,333,324,0,0,9,31275,312.75,0.027778,
jinma,8,8,0,0,0,0,0.00,0.0,
jinyu,157,146,0,0,11,267059,2670.59,0.075342,
jio,8,8,0,0,0,0,0.00,0.0,
jjrc,133,133,0,0,0,0,0.00,0.0,
jkexer,817,812,0,0,5,470112,4701.12,0.006158,
joby,105,105,0,0,0,0,0.00,0.0,
jocelyn,31,30,0,0,1,377,3.77,0.033333,
jockey,2003,1925,55,0,23,216925,2169.25,0.011948,0.418182
joe,56,55,0,0,1,19923,199.23,0.018182,
joerex,1518,1511,0,0,7,8650,86.50,0.004633,
johnnytheskull,11,11,0,0,0,0,0.00,0.0,
joie,26977,26448,253,0,276,4409856,44098.56,0.010436,1.090909
joieanglia,19,19,0,0,0,0,0.00,0.0,
jonnesway,6141,6127,0,0,14,385080,3850.80,0.002285,
jordan,21459,21407,0,0,52,771490,7714.90,0.002429,
joyor,878,861,0,0,17,1102551,11025.51,0.019744,
joyroad,3750,3695,0,0,55,239388,2393.88,0.014885,
joyroom,1269,1246,9,0,14,20572,205.72,0.011236,1.555556
jrc,67,67,0,0,0,0,0.00,0.0,
juanna,7,7,0,0,0,0,0.00,0.0,
juki,764,762,2,0,0,0,0.00,0.0,0.0
julbo,13,13,0,0,0,0,0.00,0.0,
julong,16,16,0,0,0,0,0.00,0.0,
jumper,856,856,0,0,0,0,0.00,0.0,
junama,365,364,0,0,1,66926,669.26,0.002747,
junglefieldtroop,11,11,0,0,0,0,0.00,0.0,
jupiter,208,208,0,0,0,0,0.00,0.0,
jura,2835,2825,6,0,4,519168,5191.68,0.001416,0.666667
juteks,1,1,0,0,0,0,0.00,0.0,
juventa,119,119,0,0,0,0,0.00,0.0,
jvc,50564,50037,2,0,525,3312681,33126.81,0.010492,262.5
k-lite,31,31,0,0,0,0,0.00,0.0,
k-power,89,89,0,0,0,0,0.00,0.0,
k.k.y.,566,560,0,0,6,8727,87.27,0.010714,
kabrita,2620,2582,0,0,38,102828,1028.28,0.014717,
kacper,189,189,0,0,0,0,0.00,0.0,
kaemingk,281,281,0,0,0,0,0.00,0.0,
kafekrasoty,4,4,0,0,0,0,0.00,0.0,
kaierda,70,70,0,0,0,0,0.00,0.0,
kainar,1002,971,0,0,31,196577,1965.77,0.031926,
kaisavilla,9,9,0,0,0,0,0.00,0.0,
kaiser,2410,2389,0,0,21,484783,4847.83,0.00879,
kajsa,1,1,0,0,0,0,0.00,0.0,
kakadu,25,24,0,0,1,1225,12.25,0.041667,
kala,75,75,0,0,0,0,0.00,0.0,
kale,86,85,0,0,1,19671,196.71,0.011765,
kaleos,9,9,0,0,0,0,0.00,0.0,
kalibr,1,1,0,0,0,0,0.00,0.0,
kambrook,146,145,0,0,1,6382,63.82,0.006897,
kampfer,689,683,4,0,2,20874,208.74,0.002928,0.5
kamskaaposuda,3,3,0,0,0,0,0.00,0.0,
kapika,523,520,0,0,3,21615,216.15,0.005769,
kaplanser,73,71,0,0,2,21725,217.25,0.028169,
kapous,335,334,0,0,1,541,5.41,0.002994,
kapousprofessional,169,169,0,0,0,0,0.00,0.0,
kapsen,41618,40814,0,0,804,4280414,42804.14,0.019699,
karadium,8,8,0,0,0,0,0.00,0.0,
karaja,1308,1297,0,0,11,19408,194.08,0.008481,
karapuz,53,53,0,0,0,0,0.00,0.0,
karat,14549,14481,0,0,68,225748,2257.48,0.004696,
karavaevskaauf,43,41,0,0,2,59976,599.76,0.04878,
karcher,106695,103870,1832,0,993,25483831,254838.31,0.00956,0.542031
kari,875,855,18,0,2,1076,10.76,0.002339,0.111111
karma,20,20,0,0,0,0,0.00,0.0,
karmen,1675,1674,0,0,1,53000,530.00,5.97E-4,
kartal,15716,15670,0,0,46,1063271,10632.71,0.002936,
karya,47754,47422,0,0,332,1804960,18049.60,0.007001,
kastamonu,901,888,0,0,13,21113,211.13,0.01464,
kativa,1605,1595,0,0,10,11455,114.55,0.00627,
katun,72,72,0,0,0,0,0.00,0.0,
kawai,824,814,0,0,10,1233957,12339.57,0.012285,
keddo,1827,1821,0,0,6,24418,244.18,0.003295,
keenetic,57,57,0,0,0,0,0.00,0.0,
keenway,2075,2074,0,0,1,2291,22.91,4.82E-4,
keeway,40,40,0,0,0,0,0.00,0.0,
kef,1111,1109,0,0,2,300622,3006.22,0.001803,
kehan,53,52,0,0,1,8494,84.94,0.019231,
kelet,169,169,0,0,0,0,0.00,0.0,
kelli,3017,2993,0,0,24,88126,881.26,0.008019,
kelly,190,187,0,0,3,121416,1214.16,0.016043,
ken,422,420,0,0,2,16218,162.18,0.004762,
kenda,2,2,0,0,0,0,0.00,0.0,
keneksi,766,759,3,0,4,5856,58.56,0.00527,1.333333
kenwood,81600,80517,391,0,692,11455330,114553.30,0.008594,1.769821
kenzo,3805,3748,0,0,57,367161,3671.61,0.015208,
kerastase,106,104,0,0,2,10415,104.15,0.019231,
kerasys,694,692,0,0,2,1249,12.49,0.00289,
keter,2401,2357,16,0,28,390498,3904.98,0.01188,1.75
kettler,1309,1298,0,0,11,926096,9260.96,0.008475,
keune,1141,1137,0,0,4,8373,83.73,0.003518,
khancomics,6,6,0,0,0,0,0.00,0.0,
khw,159,156,2,0,1,8672,86.72,0.00641,0.5
kicker,199,199,0,0,0,0,0.00,0.0,
kicx,42329,41872,0,0,457,2701761,27017.61,0.010914,
kiddy,148,147,0,0,1,17977,179.77,0.006803,
kidkraft,25,25,0,0,0,0,0.00,0.0,
kidwood,32,32,0,0,0,0,0.00,0.0,
kidzconcept,4,4,0,0,0,0,0.00,0.0,
kiepe,296,296,0,0,0,0,0.00,0.0,
king,10290,9922,215,0,153,2034624,20346.24,0.01542,0.711628
kingmax,413,411,0,0,2,4526,45.26,0.004866,
kingmeda,51,51,0,0,0,0,0.00,0.0,
kingroy,8,8,0,0,0,0,0.00,0.0,
kingrun,2,2,0,0,0,0,0.00,0.0,
kingslong,134,134,0,0,0,0,0.00,0.0,
kingsong,932,929,0,0,3,597699,5976.99,0.003229,
kingstar,3,3,0,0,0,0,0.00,0.0,
kingston,61286,58505,1532,0,1249,5417026,54170.26,0.021349,0.815274
kingtul,5074,5029,0,0,45,272749,2727.49,0.008948,
kink,1194,1194,0,0,0,0,0.00,0.0,
kinklight,35,35,0,0,0,0,0.00,0.0,
kinlee,151,151,0,0,0,0,0.00,0.0,
kipardo,34061,33794,0,0,267,9104143,91041.43,0.007901,
kipocket,529,519,0,0,10,12610,126.10,0.019268,
kipsta,2,2,0,0,0,0,0.00,0.0,
kirkland,1188,1149,0,0,39,129491,1294.91,0.033943,
kirovit,52,52,0,0,0,0,0.00,0.0,
kisswill,844,840,0,0,4,697,6.97,0.004762,
kitchenaid,8569,8551,7,0,11,745487,7454.87,0.001286,1.571429
kite,13,13,0,0,0,0,0.00,0.0,
kitfort,47503,46848,212,0,443,4407790,44077.90,0.009456,2.089623
kiturami,3988,3914,0,0,74,4317971,43179.71,0.018906,
kivi,63733,60399,1750,0,1584,40470053,404700.53,0.026226,0.905143
kleancolor,8,7,0,0,1,167,1.67,0.142857,
klever,21,21,0,0,0,0,0.00,0.0,
klima,4377,4261,47,0,69,831196,8311.96,0.016193,1.468085
klorane,438,437,0,0,1,901,9.01,0.002288,
klx,117,116,0,0,1,770,7.70,0.008621,
kmk,680,678,0,0,2,52249,522.49,0.00295,
knauf,584,575,3,0,6,2784,27.84,0.010435,2.0
kodi,32,32,0,0,0,0,0.00,0.0,
koelf,9,9,0,0,0,0,0.00,0.0,
koffer,646,645,0,0,1,28552,285.52,0.00155,
kogaz,108,108,0,0,0,0,0.00,0.0,
kohala,46,46,0,0,0,0,0.00,0.0,
kokiri,17,17,0,0,0,0,0.00,0.0,
kolibri,4300,4290,0,0,10,432419,4324.19,0.002331,
kolner,20208,20092,2,0,114,428300,4283.00,0.005674,57.0
kolo,335,333,0,0,2,49290,492.90,0.006006,
komfort-s,10165,10135,0,0,30,615723,6157.23,0.00296,
kona,152,151,0,0,1,43759,437.59,0.006623,
konig,18,18,0,0,0,0,0.00,0.0,
konlega,1612,1599,0,0,13,233909,2339.09,0.00813,
konov,367,366,0,0,1,18018,180.18,0.002732,
kontinent,273,273,0,0,0,0,0.00,0.0,
koopman,3470,3450,0,0,20,25383,253.83,0.005797,
kora,20,20,0,0,0,0,0.00,0.0,
korda,11,11,0,0,0,0,0.00,0.0,
korg,1674,1664,2,0,8,778732,7787.32,0.004808,4.0
korin,130,127,0,0,3,34003,340.03,0.023622,
kormoran,8904,8740,21,0,143,891226,8912.26,0.016362,6.809524
korting,769,764,0,0,5,90650,906.50,0.006545,
kosadaka,132,132,0,0,0,0,0.00,0.0,
kose,7,7,0,0,0,0,0.00,0.0,
kosmos,6,6,0,0,0,0,0.00,0.0,
koss,1196,1175,15,0,6,29048,290.48,0.005106,0.4
kovea,1015,1012,0,0,3,15438,154.38,0.002964,
kovi,223,221,0,0,2,139257,1392.57,0.00905,
kovroff,1645,1636,0,0,9,6486,64.86,0.005501,
kraftform,7,7,0,0,0,0,0.00,0.0,
kraftool,911,910,0,0,1,11583,115.83,0.001099,
kramer,60,60,0,0,0,0,0.00,0.0,
kranzle,388,388,0,0,0,0,0.00,0.0,
krasatoys,371,370,0,0,1,3063,30.63,0.002703,
kraton,3,3,0,0,0,0,0.00,0.0,
krause,1517,1500,0,0,17,159461,1594.61,0.011333,
kress,355,354,0,0,1,4203,42.03,0.002825,
kristal,3838,3777,11,0,50,1329201,13292.01,0.013238,4.545455
krk,617,613,0,0,4,235786,2357.86,0.006525,
kroft,7,7,0,0,0,0,0.00,0.0,
kromax,177,176,0,0,1,5045,50.45,0.005682,
kron,23,23,0,0,0,0,0.00,0.0,
kronasteel,1460,1450,0,0,10,183990,1839.90,0.006897,
kronopol,82,82,0,0,0,0,0.00,0.0,
kronospan,4184,4165,0,0,19,29473,294.73,0.004562,
kronostar,119,119,0,0,0,0,0.00,0.0,
kronwerk,449,447,0,0,2,43132,431.32,0.004474,
kroskaa,8,8,0,0,0,0,0.00,0.0,
krosno,155,151,0,0,4,3706,37.06,0.02649,
krups,1025,1003,12,0,10,539753,5397.53,0.00997,0.833333
kstar,25,25,0,0,0,0,0.00,0.0,
kubanfarfor,482,482,0,0,0,0,0.00,0.0,
kuchendorf,9,9,0,0,0,0,0.00,0.0,
kugoo,12025,11882,44,0,99,4982922,49829.22,0.008332,2.25
kuhar,2,2,0,0,0,0,0.00,0.0,
kukmara,10638,10292,183,0,163,618077,6180.77,0.015838,0.89071
kumano,18,18,0,0,0,0,0.00,0.0,
kumanodeve,1,1,0,0,0,0,0.00,0.0,
kumho,3873,3829,0,0,44,308308,3083.08,0.011491,
kumtel,171,171,0,0,0,0,0.00,0.0,
kunlun,138,133,0,0,5,146979,1469.79,0.037594,
kuppersberg,1364,1360,0,0,4,218086,2180.86,0.002941,
kuppersbusch,1001,1001,0,0,0,0,0.00,0.0,
kupu-kupu,1,1,0,0,0,0,0.00,0.0,
kuqidai,6,6,0,0,0,0,0.00,0.0,
kurzweil,6683,6582,44,0,57,5082498,50824.98,0.00866,1.295455
kuttenkeuler,1268,1265,0,0,3,9357,93.57,0.002372,
kx,2298,2272,0,0,26,82835,828.35,0.011444,
kyocera,146,145,0,0,1,32769,327.69,0.006897,
la-di-da,387,387,0,0,0,0,0.00,0.0,
labo,191,191,0,0,0,0,0.00,0.0,
lacoste,6924,6709,93,0,122,649759,6497.59,0.018185,1.311828
ladida,1622,1609,2,0,11,32196,321.96,0.006837,5.5
lador,102,101,0,0,1,1099,10.99,0.009901,
lahn,159,158,0,0,1,3289,32.89,0.006329,
lalaloopsy,45,45,0,0,0,0,0.00,0.0,
lalique,1050,1036,0,0,14,66622,666.22,0.013514,
lamart,19,19,0,0,0,0,0.00,0.0,
lamborghini,87,87,0,0,0,0,0.00,0.0,
lamelprofessional,4,4,0,0,0,0,0.00,0.0,
lanard,450,450,0,0,0,0,0.00,0.0,
lancaster,28,28,0,0,0,0,0.00,0.0,
lancome,2185,2172,0,0,13,126967,1269.67,0.005985,
lange,54,54,0,0,0,0,0.00,0.0,
lanikai,9,9,0,0,0,0,0.00,0.0,
lanvigator,15,15,0,0,0,0,0.00,0.0,
lanvin,22295,21505,158,0,632,2680954,26809.54,0.029389,4.0
lapkin,55,55,0,0,0,0,0.00,0.0,
larktale,75,75,0,0,0,0,0.00,0.0,
laroche-posay,28,28,0,0,0,0,0.00,0.0,
larocheposay,2,2,0,0,0,0,0.00,0.0,
laromano,42,42,0,0,0,0,0.00,0.0,
lashologist,5,5,0,0,0,0,0.00,0.0,
lassa,68,68,0,0,0,0,0.00,0.0,
laston,13019,12945,0,0,74,944613,9446.13,0.005716,
laudio,513,504,0,0,9,117639,1176.39,0.017857,
laufen,761,758,0,0,3,10371,103.71,0.003958,
laurastar,881,871,0,0,10,1045044,10450.44,0.011481,
lava,29,29,0,0,0,0,0.00,0.0,
lazso,6,6,0,0,0,0,0.00,0.0,
lcf,537,531,0,0,6,9639,96.39,0.011299,
leadbros,6343,6249,0,0,94,2062679,20626.79,0.015042,
leader,1320,1271,30,0,19,198025,1980.25,0.014949,0.633333
leaderkids,68,66,0,0,2,9266,92.66,0.030303,
leagoo,207,207,0,0,0,0,0.00,0.0,
lealelo,2,2,0,0,0,0,0.00,0.0,
leatherman,3132,3123,0,0,9,119745,1197.45,0.002882,
leco,450,448,0,0,2,20162,201.62,0.004464,
leeco,1046,1046,0,0,0,0,0.00,0.0,
leefitness,34,34,0,0,0,0,0.00,0.0,
leem,2572,2567,0,0,5,173467,1734.67,0.001948,
lefard,842,841,0,0,1,723,7.23,0.001189,
legeartis,1804,1801,0,0,3,176220,1762.20,0.001666,
lego,36489,36104,148,0,237,1293976,12939.76,0.006564,1.601351
legrand,111,111,0,0,0,0,0.00,0.0,
legre,3058,3043,0,0,15,133674,1336.74,0.004929,
leica,658,654,0,0,4,54302,543.02,0.006116,
leicos,23,23,0,0,0,0,0.00,0.0,
leiya,102,102,0,0,0,0,0.00,0.0,
lel,5,5,0,0,0,0,0.00,0.0,
lem,47,47,0,0,0,0,0.00,0.0,
lemark,2942,2908,7,0,27,409763,4097.63,0.009285,3.857143
lenovo,338103,330608,2917,0,4578,175263853,1752638.53,0.013847,1.569421
lenso,141,141,0,0,0,0,0.00,0.0,
leo,2300,2288,0,0,12,130917,1309.17,0.005245,
leonbergo,6,6,0,0,0,0,0.00,0.0,
lepota,20,20,0,0,0,0,0.00,0.0,
lessar,53,53,0,0,0,0,0.00,0.0,
leven,165,162,0,0,3,4004,40.04,0.018519,
levenhuk,6469,6445,0,0,24,200852,2008.52,0.003724,
levrana,243,240,0,0,3,2214,22.14,0.0125,
lexand,26,26,0,0,0,0,0.00,0.0,
lexmark,1393,1385,0,0,8,55600,556.00,0.005776,
lezard,510,508,0,0,2,3342,33.42,0.003937,
lg,562404,540131,13546,0,8727,338788796,3387887.96,0.016157,0.644249
libbey,58,57,0,0,1,376,3.76,0.017544,
libero,128,127,0,0,1,1436,14.36,0.007874,
liberty,119,119,0,0,0,0,0.00,0.0,
lider,51660,51247,0,0,413,16791350,167913.50,0.008059,
lidonet,2968,2954,0,0,14,26815,268.15,0.004739,
liebert,7,7,0,0,0,0,0.00,0.0,
liebherr,553,549,0,0,4,461426,4614.26,0.007286,
lifedeco,205,201,0,0,4,33195,331.95,0.0199,
lifegear,1,1,0,0,0,0,0.00,0.0,
lifetrons,228,228,0,0,0,0,0.00,0.0,
light,455,455,0,0,0,0,0.00,0.0,
lihom,14,14,0,0,0,0,0.00,0.0,
likato,2,2,0,0,0,0,0.00,0.0,
lilwoodzeez,10,10,0,0,0,0,0.00,0.0,
lina,229,227,0,0,2,7208,72.08,0.008811,
lindsay,6,6,0,0,0,0,0.00,0.0,
line,867,867,0,0,0,0,0.00,0.0,
lioele,20,20,0,0,0,0,0.00,0.0,
lion,10,10,0,0,0,0,0.00,0.0,
lirene,1717,1701,0,0,16,9496,94.96,0.009406,
listvig,948,947,0,0,1,18405,184.05,0.001056,
lite-on,352,347,0,0,5,16102,161.02,0.014409,
liv,643,641,0,0,2,90556,905.56,0.00312,
livdelano,6,6,0,0,0,0,0.00,0.0,
livebook,41,41,0,0,0,0,0.00,0.0,
llarri,68,68,0,0,0,0,0.00,0.0,
llocker,4,4,0,0,0,0,0.00,0.0,
llorens,18087,17803,124,0,160,698498,6984.98,0.008987,1.290323
loctek,140,140,0,0,0,0,0.00,0.0,
logitech,15220,14784,246,0,190,1082250,10822.50,0.012852,0.772358
logona,12,12,0,0,0,0,0.00,0.0,
lol,180,177,3,0,0,0,0.00,0.0,0.0
lolsurprise,23,23,0,0,0,0,0.00,0.0,
lom,202,202,0,0,0,0,0.00,0.0,
lombok,21,21,0,0,0,0,0.00,0.0,
londa,15,15,0,0,0,0,0.00,0.0,
lonex,1238,1233,0,0,5,33772,337.72,0.004055,
longines,7243,7236,0,0,7,1241730,12417.30,9.67E-4,
longstyle,437,432,0,0,5,114545,1145.45,0.011574,
longway,7212,7148,0,0,64,620954,6209.54,0.008954,
lord,111,111,0,0,0,0,0.00,0.0,
loreal,458,453,0,0,5,2683,26.83,0.011038,
lorealparis,26,25,0,0,1,1454,14.54,0.04,
lorelli,36608,36176,110,0,322,2466441,24664.41,0.008901,2.927273
lorelli-bertoni,6095,6005,10,0,80,580200,5802.00,0.013322,8.0
lori,40,40,0,0,0,0,0.00,0.0,
lorus,3164,3150,0,0,14,107544,1075.44,0.004444,
lostkitties,3,3,0,0,0,0,0.00,0.0,
lotos,16,16,0,0,0,0,0.00,0.0,
lovecoil,15,15,0,0,0,0,0.00,0.0,
lovular,285,283,0,0,2,3964,39.64,0.007067,
ls,30,30,0,0,0,0,0.00,0.0,
luazon,66,66,0,0,0,0,0.00,0.0,
lubereckiekovry,51,51,0,0,0,0,0.00,0.0,
lubimyjdom,242,241,0,0,1,4399,43.99,0.004149,
lucente,655861,644283,0,0,11578,312411337,3124113.37,0.01797,
lujun,11,11,0,0,0,0,0.00,0.0,
lumene,3367,3330,0,0,37,43281,432.81,0.011111,
luminarc,70627,69594,501,0,532,3099038,30990.38,0.007644,1.061876
lumion,211,209,0,0,2,5508,55.08,0.009569,
lumme,2692,2679,0,0,13,23742,237.42,0.004853,
luna,4,4,0,0,0,0,0.00,0.0,
lunecase,228,228,0,0,0,0,0.00,0.0,
lunkerhunt,90,90,0,0,0,0,0.00,0.0,
luris,1154,1151,0,0,3,10132,101.32,0.002606,
lutian,773,773,0,0,0,0,0.00,0.0,
lux,27655,27550,0,0,105,1252183,12521.83,0.003811,
lux-tools,51,51,0,0,0,0,0.00,0.0,
luxell,3809,3789,0,0,20,133412,1334.12,0.005278,
luxking,1,1,0,0,0,0,0.00,0.0,
luxvisage,2514,2494,0,0,20,6345,63.45,0.008019,
lysvenskieemali,32,31,0,0,1,4884,48.84,0.032258,
m-audio,5342,5240,0,0,102,1361116,13611.16,0.019466,
maak,84,84,0,0,0,0,0.00,0.0,
maakavto,14,14,0,0,0,0,0.00,0.0,
machaon,3071,3030,0,0,41,114453,1144.53,0.013531,
machete,1115,1099,0,0,16,61776,617.76,0.014559,
machineboy,9,9,0,0,0,0,0.00,0.0,
mackie,57,57,0,0,0,0,0.00,0.0,
maclaren,252,251,1,0,0,0,0.00,0.0,0.0
maclay,3,3,0,0,0,0,0.00,0.0,
mad,636,634,0,0,2,8559,85.59,0.003155,
madcat,262,260,0,0,2,8296,82.96,0.007692,
madina,260,253,0,0,7,31535,315.35,0.027668,
maestro,1345,1335,1,0,9,37044,370.44,0.006742,9.0
magaudio,5,5,0,0,0,0,0.00,0.0,
magellan,1282,1268,6,0,8,17425,174.25,0.006309,1.333333
magformers,172,172,0,0,0,0,0.00,0.0,
magic,72,71,0,0,1,2494,24.94,0.014085,
magictrack,10,10,0,0,0,0,0.00,0.0,
magkijson,3,3,0,0,0,0,0.00,0.0,
magma,87,86,0,0,1,14155,141.55,0.011628,
magnat,8,8,0,0,0,0,0.00,0.0,
magnetta,29022,28767,80,0,175,4152026,41520.26,0.006083,2.1875
magnitoj,7,7,0,0,0,0,0.00,0.0,
maidou,36,36,0,0,0,0,0.00,0.0,
maisonfranciskurkdjian,77,76,0,0,1,51224,512.24,0.013158,
maisto,1636,1625,0,0,11,37168,371.68,0.006769,
majescogames,21,21,0,0,0,0,0.00,0.0,
mak,616,613,0,0,3,214944,2149.44,0.004894,
makarena,185,185,0,0,0,0,0.00,0.0,
makeblock,642,633,3,0,6,205463,2054.63,0.009479,2.0
makers,3,3,0,0,0,0,0.00,0.0,
makita,47539,47300,6,0,233,5977524,59775.24,0.004926,38.833333
malamalama,16,16,0,0,0,0,0.00,0.0,
malushen,1620,1620,0,0,0,0,0.00,0.0,
malva,123,122,0,0,1,695,6.95,0.008197,
mamadoma,1835,1820,0,0,15,150069,1500.69,0.008242,
maman,318,318,0,0,0,0,0.00,0.0,
mammie,225,225,0,0,0,0,0.00,0.0,
mammut,1700,1672,0,0,28,94300,943.00,0.016746,
mamut,48,48,0,0,0,0,0.00,0.0,
mancera,1477,1453,4,0,20,250165,2501.65,0.013765,5.0
manfrotto,2025,1973,26,0,26,453338,4533.38,0.013178,1.0
mangokids,1,1,0,0,0,0,0.00,0.0,
manhattan,493,492,0,0,1,535,5.35,0.002033,
manke,45,45,0,0,0,0,0.00,0.0,
mannivanoviferber,4,4,0,0,0,0,0.00,0.0,
mantra,2424,2423,0,0,1,36690,366.90,4.13E-4,
manuoki,1062,990,42,0,30,40862,408.62,0.030303,0.714286
maomaoku,8036,7954,9,0,73,2475166,24751.66,0.009178,8.111111
mapei,85,85,0,0,0,0,0.00,0.0,
mapex,1633,1631,1,0,1,60928,609.28,6.13E-4,1.0
marcher,3,3,0,0,0,0,0.00,0.0,
marching,7,7,0,0,0,0,0.00,0.0,
marcjacobs,3,3,0,0,0,0,0.00,0.0,
marcomen,12100,12015,0,0,85,709179,7091.79,0.007074,
marcotozzipremio,13,13,0,0,0,0,0.00,0.0,
maribel,19,19,0,0,0,0,0.00,0.0,
mark,7,7,0,0,0,0,0.00,0.0,
markbass,144,143,1,0,0,0,0.00,0.0,0.0
market,26,26,0,0,0,0,0.00,0.0,
markjacobs,2,2,0,0,0,0,0.00,0.0,
marley,894,867,18,0,9,47855,478.55,0.010381,0.5
marmiton,244,237,5,0,2,1282,12.82,0.008439,0.4
mars,530,522,1,0,7,44876,448.76,0.01341,7.0
marshal,4211,4180,0,0,31,186355,1863.55,0.007416,
marshall,16312,15915,172,0,225,2424816,24248.16,0.014138,1.30814
mart,14521,14180,207,0,134,993903,9939.03,0.00945,0.647343
marta,1524,1505,13,0,6,16331,163.31,0.003987,0.461538
martinez,46,45,0,0,1,12819,128.19,0.022222,
maruemsta,16,16,0,0,0,0,0.00,0.0,
marusa,47,47,0,0,0,0,0.00,0.0,
marvel,38,38,0,0,0,0,0.00,0.0,
masaimedved,1,1,0,0,0,0,0.00,0.0,
masei,3855,3852,0,0,3,92589,925.89,7.79E-4,
masi,186,186,0,0,0,0,0.00,0.0,
masima,3,3,0,0,0,0,0.00,0.0,
masstone,75,74,0,0,1,1390,13.90,0.013514,
mastela,2,2,0,0,0,0,0.00,0.0,
master,1774,1760,0,0,14,112812,1128.12,0.007955,
mastercraft,49,49,0,0,0,0,0.00,0.0,
masterfish,94,94,0,0,0,0,0.00,0.0,
masteryard,455,452,0,0,3,189195,1891.95,0.006637,
mastrad,145,145,0,0,0,0,0.00,0.0,
matador,73010,68099,3200,0,1711,9679684,96796.84,0.025125,0.534688
matebo,14,14,0,0,0,0,0.00,0.0,
mateus,512,511,0,0,1,20593,205.93,0.001957,
matex,10,10,0,0,0,0,0.00,0.0,
matrix,25877,25723,5,0,149,833443,8334.43,0.005792,29.8
matrol,2210,2194,0,0,16,185854,1858.54,0.007293,
mattel,5169,5104,40,0,25,59901,599.01,0.004898,0.625
mauboussin,59,59,0,0,0,0,0.00,0.0,
maunfeld,4469,4432,0,0,37,465130,4651.30,0.008348,
max,830,808,13,0,9,52232,522.32,0.011139,0.692308
max-pro,18,18,0,0,0,0,0.00,0.0,
maxcolor,53,53,0,0,0,0,0.00,0.0,
maxfactor,16,16,0,0,0,0,0.00,0.0,
maxi,351,343,0,0,8,23989,239.89,0.023324,
maxi-cosi,1210,1207,0,0,3,56166,561.66,0.002486,
maxima,1007,997,0,0,10,29574,295.74,0.01003,
maxion,100,100,0,0,0,0,0.00,0.0,
maxler,6618,6512,0,0,106,278325,2783.25,0.016278,
maxtrek,7222,7152,0,0,70,479655,4796.55,0.009787,
maxvi,11197,11094,4,0,99,119962,1199.62,0.008924,24.75
maxwell,52752,51416,711,0,625,1891054,18910.54,0.012156,0.879044
maxxis,45712,44793,116,0,803,6571749,65717.49,0.017927,6.922414
maybellinenewyork,1,1,0,0,0,0,0.00,0.0,
maysternya,16,16,0,0,0,0,0.00,0.0,
maysun,168,160,7,0,1,6793,67.93,0.00625,0.142857
maytoni,88,88,0,0,0,0,0.00,0.0,
mazzini,2999,2953,0,0,46,199245,1992.45,0.015577,
mbs,1273,1260,3,0,10,135302,1353.02,0.007937,3.333333
mc,60,60,0,0,0,0,0.00,0.0,
mccan,54,54,0,0,0,0,0.00,0.0,
mcculloch,127,127,0,0,0,0,0.00,0.0,
mdlab,40,40,0,0,0,0,0.00,0.0,
mdv,248,245,3,0,0,0,0.00,0.0,0.0
meade,1130,1128,0,0,2,60456,604.56,0.001773,
meanlove,148,148,0,0,0,0,0.00,0.0,
measy,351,351,0,0,0,0,0.00,0.0,
mebberi,157,157,0,0,0,0,0.00,0.0,
mebbery.kz,126,126,0,0,0,0,0.00,0.0,
mebberykz,428,428,0,0,0,0,0.00,0.0,
mebelazii,238,238,0,0,0,0,0.00,0.0,
mebelcon,8,8,0,0,0,0,0.00,0.0,
mebelev,473,472,0,0,1,47620,476.20,0.002119,
mebelgrad,393,392,0,0,1,4888,48.88,0.002551,
mebels,388,385,0,0,3,36450,364.50,0.007792,
mebelson,6456,6444,0,0,12,187775,1877.75,0.001862,
mebelswow-rn,2593,2559,0,0,34,339180,3391.80,0.013286,
meccano,20,20,0,0,0,0,0.00,0.0,
mecta,113,112,0,0,1,4376,43.76,0.008929,
medalist,693,684,1,0,8,80285,802.85,0.011696,8.0
medela,697,690,0,0,7,84686,846.86,0.010145,
medeli,1631,1617,0,0,14,683672,6836.72,0.008658,
mediheal,52,52,0,0,0,0,0.00,0.0,
medisana,1,1,0,0,0,0,0.00,0.0,
mefferts,24,24,0,0,0,0,0.00,0.0,
mefro,746,740,0,0,6,31662,316.62,0.008108,
megasaurs,20,20,0,0,0,0,0.00,0.0,
meguin,363,362,0,0,1,3212,32.12,0.002762,
mei-cha,7,7,0,0,0,0,0.00,0.0,
meike,48,47,0,0,1,7912,79.12,0.021277,
meinl,593,587,0,0,6,67439,674.39,0.010221,
meizu,160645,158012,898,0,1735,21446565,214465.65,0.01098,1.932071
mekkan,470,469,0,0,1,5446,54.46,0.002132,
melidadi,63,63,0,0,0,0,0.00,0.0,
melissadoug,3,3,0,0,0,0,0.00,0.0,
melitta,2182,2181,0,0,1,425,4.25,4.59E-4,
mello,2,2,0,0,0,0,0.00,0.0,
memo,501,500,0,0,1,22909,229.09,0.002,
mengbadi,71,71,0,0,0,0,0.00,0.0,
mentor,151,147,3,0,1,2829,28.29,0.006803,0.333333
merach,114,111,0,0,3,177612,1776.12,0.027027,
mercedes,2057,2017,0,0,40,925767,9257.67,0.019831,
mercury,6047,6022,0,0,25,4414091,44140.91,0.004151,
mercusys,209,208,0,0,1,1055,10.55,0.004808,
merelani,19893,19843,0,0,50,424673,4246.73,0.00252,
merida,53,53,0,0,0,0,0.00,0.0,
merkurij,43,43,0,0,0,0,0.00,0.0,
merlin,13,13,0,0,0,0,0.00,0.0,
merries,2987,2877,3,0,107,178588,1785.88,0.037192,35.666667
merry,15,15,0,0,0,0,0.00,0.0,
merrylock,123,123,0,0,0,0,0.00,0.0,
mersco,323,318,0,0,5,41185,411.85,0.015723,
mersedes-benz,4,4,0,0,0,0,0.00,0.0,
merzuka,301,300,0,0,1,2760,27.60,0.003333,
metabo,11320,11310,0,0,10,232726,2327.26,8.84E-4,
metalac,2,2,0,0,0,0,0.00,0.0,
metalions,9,9,0,0,0,0,0.00,0.0,
method,135,135,0,0,0,0,0.00,0.0,
metoo,40,40,0,0,0,0,0.00,0.0,
metrot,620,620,0,0,0,0,0.00,0.0,
metsui,1240,1209,18,0,13,64115,641.15,0.010753,0.722222
mexx,659,650,0,0,9,17363,173.63,0.013846,
mgaintertainment,2,2,0,0,0,0,0.00,0.0,
mhp,55,55,0,0,0,0,0.00,0.0,
mibb,770,764,0,0,6,180480,1804.80,0.007853,
mica,51,51,0,0,0,0,0.00,0.0,
micallef,62,62,0,0,0,0,0.00,0.0,
michelin,53354,51042,1212,0,1100,12684936,126849.36,0.021551,0.907591
micio,861,845,0,0,16,166990,1669.90,0.018935,
micmax,1116,1095,0,0,21,40647,406.47,0.019178,
micro,328,325,0,0,3,21751,217.51,0.009231,
microfire,257,257,0,0,0,0,0.00,0.0,
microlab,29239,28348,417,0,474,2756392,27563.92,0.016721,1.136691
micromax,675,674,0,0,1,8485,84.85,0.001484,
micron,161,160,0,0,1,14646,146.46,0.00625,
microsoft,21973,21435,313,0,225,7563273,75632.73,0.010497,0.71885
micuna,716,716,0,0,0,0,0.00,0.0,
midea,133523,129440,1749,0,2334,32420773,324207.73,0.018032,1.334477
mido,1159,1158,0,0,1,97815,978.15,8.64E-4,
midzumi,85,85,0,0,0,0,0.00,0.0,
miele,447,443,0,0,4,157686,1576.86,0.009029,
miescarpe,66,65,0,0,1,1004,10.04,0.015385,
mifold,104,104,0,0,0,0,0.00,0.0,
miif,12,12,0,0,0,0,0.00,0.0,
mikrotik,336,334,0,0,2,9662,96.62,0.005988,
milano,717,716,0,0,1,21054,210.54,0.001397,
milat,1673,1671,0,0,2,17194,171.94,0.001197,
milavitsa,42163,42071,0,0,92,194797,1947.97,0.002187,
milight,179,179,0,0,0,0,0.00,0.0,
milk,1,1,0,0,0,0,0.00,0.0,
millet,171,171,0,0,0,0,0.00,0.0,
millionaire,4495,4466,0,0,29,229884,2298.84,0.006494,
milwaukee,4502,4497,0,0,5,85597,855.97,0.001112,
mima,2687,2676,0,0,11,261266,2612.66,0.004111,
minecraft,143,143,0,0,0,0,0.00,0.0,
minelab,883,879,0,0,4,419573,4195.73,0.004551,
minerva,1344,1327,0,0,17,121514,1215.14,0.012811,
minimen,698,697,0,0,1,3861,38.61,0.001435,
minimotors,770,769,0,0,1,203351,2033.51,0.0013,
minony,1,1,0,0,0,0,0.00,0.0,
mio,1784,1778,1,0,5,72068,720.68,0.002812,5.0
miolla,49,49,0,0,0,0,0.00,0.0,
mioshi,19,19,0,0,0,0,0.00,0.0,
miracase,293,289,3,0,1,2571,25.71,0.00346,0.333333
miracle,127,127,0,0,0,0,0.00,0.0,
miraculous,187,187,0,0,0,0,0.00,0.0,
mirage,4385,4301,6,0,78,474499,4744.99,0.018135,13.0
miromax,50,50,0,0,0,0,0.00,0.0,
misfit,230,230,0,0,0,0,0.00,0.0,
missha,5657,5597,0,0,60,125534,1255.34,0.01072,
misty,770,765,0,0,5,77847,778.47,0.006536,
mitas,12,12,0,0,0,0,0.00,0.0,
mitasu,2914,2890,0,0,24,62287,622.87,0.008304,
mitre,755,754,0,0,1,4505,45.05,0.001326,
mitte,165,164,0,0,1,2263,22.63,0.006098,
miumiu,10,10,0,0,0,0,0.00,0.0,
mjx,478,473,0,0,5,236765,2367.65,0.010571,
mltl,9607,9607,0,0,0,0,0.00,0.0,
mobil,9555,9488,0,0,67,207183,2071.83,0.007062,
modern,923,864,39,0,20,56580,565.80,0.023148,0.512821
moldabela,12413,12345,0,0,68,1063040,10630.40,0.005508,
molfix,28,28,0,0,0,0,0.00,0.0,
moliabal,1673,1666,0,0,7,15115,151.15,0.004202,
molten,134,134,0,0,0,0,0.00,0.0,
momentum,602,601,0,0,1,20798,207.98,0.001664,
momert,1227,1218,0,0,9,54053,540.53,0.007389,
monchhichi,149,149,0,0,0,0,0.00,0.0,
mongoose,76,76,0,0,0,0,0.00,0.0,
monkey,72,72,0,0,0,0,0.00,0.0,
monro,282,280,0,0,2,3154,31.54,0.007143,
monsher,15,15,0,0,0,0,0.00,0.0,
monster,107,107,0,0,0,0,0.00,0.0,
montale,30222,29258,348,0,616,5182584,51825.84,0.021054,1.770115
montblanc,4569,4470,1,0,98,473768,4737.68,0.021924,98.0
moon,1211,1203,0,0,8,390743,3907.43,0.00665,
moony,974,939,0,0,35,65563,655.63,0.037274,
moonybaby,548,539,4,0,5,61647,616.47,0.009276,1.25
moose,254,254,0,0,0,0,0.00,0.0,
moov,967,967,0,0,0,0,0.00,0.0,
mora,930,928,0,0,2,24786,247.86,0.002155,
morakniv,11,11,0,0,0,0,0.00,0.0,
morel,4014,3974,0,0,40,283157,2831.57,0.010065,
moroshka,60,60,0,0,0,0,0.00,0.0,
moschino,7832,7503,90,0,239,1175153,11751.53,0.031854,2.655556
mosconi,302,296,0,0,6,339780,3397.80,0.02027,
moser,3169,3134,0,0,35,287019,2870.19,0.011168,
moshi,13,13,0,0,0,0,0.00,0.0,
motivyotdyha,213,213,0,0,0,0,0.00,0.0,
motorguide,2541,2537,0,0,4,72279,722.79,0.001577,
motorola,2710,2699,0,0,11,102360,1023.60,0.004076,
motul,2982,2969,0,0,13,43295,432.95,0.004379,
moulinex,45261,43939,786,0,536,5785715,57857.15,0.012199,0.681934
moxom,537,533,3,0,1,2445,24.45,0.001876,0.333333
mozgamebel,9,9,0,0,0,0,0.00,0.0,
mr.pixel,30,29,0,0,1,1793,17.93,0.034483,
mrm-power,183,183,0,0,0,0,0.00,0.0,
msb,5,5,0,0,0,0,0.00,0.0,
msi,37637,37334,47,0,256,17638977,176389.77,0.006857,5.446809
mstar,80,80,0,0,0,0,0.00,0.0,
mujjo,14,14,0,0,0,0,0.00,0.0,
muqaba,54,53,0,0,1,512,5.12,0.018868,
muqajankz,4780,4764,0,0,16,62034,620.34,0.003359,
murager,1799,1779,0,0,20,223940,2239.40,0.011242,
murena,10,10,0,0,0,0,0.00,0.0,
musclepharm,203,202,0,0,1,11313,113.13,0.00495,
muscletech,838,824,0,0,14,77501,775.01,0.01699,
musicroom,16,16,0,0,0,0,0.00,0.0,
must,42,42,0,0,0,0,0.00,0.0,
mustang,2,2,0,0,0,0,0.00,0.0,
mustela,220,218,0,0,2,1956,19.56,0.009174,
mutant,7302,7179,0,0,123,512054,5120.54,0.017133,
mutlu,2950,2926,0,0,24,242913,2429.13,0.008202,
mutsy,201,196,0,0,5,450,4.50,0.02551,
mw-light,37,37,0,0,0,0,0.00,0.0,
mydean,1957,1954,0,0,3,55343,553.43,0.001535,
mykita,22,22,0,0,0,0,0.00,0.0,
mykronoz,5320,5271,19,0,30,251892,2518.92,0.005692,1.578947
myprotein,387,383,0,0,4,16318,163.18,0.010444,
mystar,841,839,0,0,2,180180,1801.80,0.002384,
mystery,7179,7089,0,0,90,1107846,11078.46,0.012696,
mz,1563,1558,0,0,5,23154,231.54,0.003209,
nacon,379,370,0,0,9,104247,1042.47,0.024324,
nadoba,565,561,0,0,4,55461,554.61,0.00713,
nady,15,15,0,0,0,0,0.00,0.0,
nagano,1,1,0,0,0,0,0.00,0.0,
nakamichi,9797,9665,23,0,109,841749,8417.49,0.011278,4.73913
namazu,234,233,0,0,1,1659,16.59,0.004292,
nan,4072,3981,0,0,91,93530,935.30,0.022859,
nanga,113,113,0,0,0,0,0.00,0.0,
nania,4354,4325,4,0,25,172560,1725.60,0.00578,6.25
naomi,118,115,0,0,3,37317,373.17,0.026087,
napoleon,37,37,0,0,0,0,0.00,0.0,
naranda,147,145,0,0,2,18920,189.20,0.013793,
nardi,4,4,0,0,0,0,0.00,0.0,
narodnyerecepty,2,2,0,0,0,0,0.00,0.0,
nasomatto,2320,2291,0,0,29,540617,5406.17,0.012658,
nathan,39,39,0,0,0,0,0.00,0.0,
native,2490,2484,0,0,6,86472,864.72,0.002415,
natrol,1416,1398,0,0,18,21558,215.58,0.012876,
naturakamchatka,1,1,0,0,0,0,0.00,0.0,
naturalist,5,5,0,0,0,0,0.00,0.0,
naturasiberica,1,1,0,0,0,0,0.00,0.0,
naturehike,3221,3219,0,0,2,5714,57.14,6.21E-4,
naturepan,5,5,0,0,0,0,0.00,0.0,
navien,20849,20046,199,0,604,38295686,382956.86,0.030131,3.035176
navigator,2,2,0,0,0,0,0.00,0.0,
navitel,14984,14651,202,0,131,1300559,13005.59,0.008941,0.648515
nec,1,1,0,0,0,0,0.00,0.0,
neff,18,18,0,0,0,0,0.00,0.0,
nella,77,77,0,0,0,0,0.00,0.0,
neman,100,100,0,0,0,0,0.00,0.0,
neo,9498,9467,0,0,31,1115768,11157.68,0.003275,
neobio,5,5,0,0,0,0,0.00,0.0,
neoclassic,28,26,0,0,2,438,4.38,0.076923,
neocoregames,1,1,0,0,0,0,0.00,0.0,
neoline,52226,50792,925,0,509,8446059,84460.59,0.010021,0.55027
neposeda,794,789,0,0,5,12615,126.15,0.006337,
neptun,30,27,0,0,3,4971,49.71,0.111111,
nereus,32,32,0,0,0,0,0.00,0.0,
nerf,241,240,0,0,1,6152,61.52,0.004167,
nero,490,484,0,0,6,17308,173.08,0.012397,
nestogen,2916,2850,0,0,66,47046,470.46,0.023158,
netechnics,22401,22282,0,0,119,9468383,94683.83,0.005341,
netgear,112,112,0,0,0,0,0.00,0.0,
netis,71,71,0,0,0,0,0.00,0.0,
neumann,53,52,0,0,1,60338,603.38,0.019231,
neva,74,74,0,0,0,0,0.00,0.0,
neva-taft,9,9,0,0,0,0,0.00,0.0,
newco,7,7,0,0,0,0,0.00,0.0,
newport,9,9,0,0,0,0,0.00,0.0,
nexen,26879,26343,81,0,455,3004553,30045.53,0.017272,5.617284
nexpero,60370,59921,0,0,449,3279917,32799.17,0.007493,
next,1800,1763,0,0,37,274886,2748.86,0.020987,
nexttab,5256,5205,14,0,37,202436,2024.36,0.007109,2.642857
nexttool,95,95,0,0,0,0,0.00,0.0,
nexxt,15,15,0,0,0,0,0.00,0.0,
nicalis,1,1,0,0,0,0,0.00,0.0,
niche,26,26,0,0,0,0,0.00,0.0,
nici,204,202,0,0,2,772,7.72,0.009901,
niio,1154,1135,1,0,18,61180,611.80,0.015859,18.0
nik,38,38,0,0,0,0,0.00,0.0,
nika,29943,29412,21,0,510,2011519,20115.19,0.01734,24.285714
nike,106074,105783,0,0,291,2980223,29802.23,0.002751,
nikon,25646,25021,352,0,273,13093459,130934.59,0.010911,0.775568
nikotex,3411,3400,0,0,11,87623,876.23,0.003235,
nillkin,3408,3391,0,0,17,13586,135.86,0.005013,
ninebot,1723,1709,10,0,4,194083,1940.83,0.002341,0.4
ningbo,31,31,0,0,0,0,0.00,0.0,
nintendo,12834,12441,177,0,216,5664684,56646.84,0.017362,1.220339
nioxin,433,428,0,0,5,20595,205.95,0.011682,
nishane,64,64,0,0,0,0,0.00,0.0,
nissan,339,339,0,0,0,0,0.00,0.0,
nitecore,2264,2253,0,0,11,121071,1210.71,0.004882,
nitro,7804,7734,0,0,70,1930838,19308.38,0.009051,
nitto,4769,4676,9,0,84,658586,6585.86,0.017964,9.333333
nivea,2172,2152,0,0,20,8088,80.88,0.009294,
nixx,180,179,0,0,1,11712,117.12,0.005587,
nmp,3,3,0,0,0,0,0.00,0.0,
nobby,1694,1667,17,0,10,14745,147.45,0.005999,0.588235
nobu,21,21,0,0,0,0,0.00,0.0,
nocnezna,20,20,0,0,0,0,0.00,0.0,
noctua,39,39,0,0,0,0,0.00,0.0,
nodor,96,96,0,0,0,0,0.00,0.0,
nokia,176286,170343,3721,0,2222,16437576,164375.76,0.013044,0.597151
nokian,185123,175310,4906,0,4907,37299764,372997.64,0.02799,1.000204
noktamakro,955,943,0,0,12,402224,4022.24,0.012725,
nomad,368,366,0,0,2,13380,133.80,0.005464,
nomi,66,65,0,0,1,10528,105.28,0.015385,
noordi,6,6,0,0,0,0,0.00,0.0,
noppies,5316,5312,0,0,4,14030,140.30,7.53E-4,
noppiesbaby,7,7,0,0,0,0,0.00,0.0,
nord,461,461,0,0,0,0,0.00,0.0,
norfin,3704,3692,0,0,12,231772,2317.72,0.00325,
norman,10,10,0,0,0,0,0.00,0.0,
normann,25,25,0,0,0,0,0.00,0.0,
norplast,40,40,0,0,0,0,0.00,0.0,
nortec,689,681,0,0,8,45820,458.20,0.011747,
note,1122,1112,0,0,10,11512,115.12,0.008993,
novabright,3,3,0,0,0,0,0.00,0.0,
novatex,4,4,0,0,0,0,0.00,0.0,
novatrack,312,312,0,0,0,0,0.00,0.0,
novigo,1284,1282,1,0,1,107336,1073.36,7.8E-4,1.0
novline,2349,2332,0,0,17,51322,513.22,0.00729,
now,703,695,0,0,8,14235,142.35,0.011511,
nowodvorski,61,61,0,0,0,0,0.00,0.0,
nowystyl,36,36,0,0,0,0,0.00,0.0,
nubia,2099,2091,3,0,5,77005,770.05,0.002391,1.666667
nuforce,13,13,0,0,0,0,0.00,0.0,
nuk,173,173,0,0,0,0,0.00,0.0,
numark,37,37,0,0,0,0,0.00,0.0,
nuna,1437,1414,5,0,18,414631,4146.31,0.01273,3.6
nurpress,12,12,0,0,0,0,0.00,0.0,
nutrex,2436,2407,2,0,27,79472,794.72,0.011217,13.5
nutribullet,547,542,0,0,5,30890,308.90,0.009225,
nutricia,1710,1644,0,0,66,63617,636.17,0.040146,
nutrilak,142,139,0,0,3,1425,14.25,0.021583,
nutrilon,6119,6018,0,0,101,125315,1253.15,0.016783,
nux,154,153,0,0,1,72074,720.74,0.006536,
nuxe,842,840,0,0,2,2896,28.96,0.002381,
nvidia,250,250,0,0,0,0,0.00,0.0,
nvprint,14,14,0,0,0,0,0.00,0.0,
nyce,399,398,0,0,1,5740,57.40,0.002513,
nyne,17,17,0,0,0,0,0.00,0.0,
nz,1750,1733,0,0,17,369582,3695.82,0.00981,
nzxt,977,966,0,0,11,187785,1877.85,0.011387,
oase,42,42,0,0,0,0,0.00,0.0,
oasis,48341,46733,859,0,749,2667935,26679.35,0.016027,0.871944
obi,2473,2469,0,0,4,145708,1457.08,0.00162,
obsessive,473,472,0,0,1,2034,20.34,0.002119,
ocag,11,11,0,0,0,0,0.00,0.0,
ocz,64,62,0,0,2,8648,86.48,0.032258,
ogreen,31,30,0,0,1,16757,167.57,0.033333,
okuma,4458,4421,2,0,35,149287,1492.87,0.007917,17.5
ol-tex,195,195,0,0,0,0,0.00,0.0,
oleo-mac,15,15,0,0,0,0,0.00,0.0,
olimp,85,85,0,0,0,0,0.00,0.0,
olimpic,4,4,0,0,0,0,0.00,0.0,
olivella,155,155,0,0,0,0,0.00,0.0,
ollin,14,14,0,0,0,0,0.00,0.0,
olmeko,1431,1429,0,0,2,55132,551.32,0.0014,
olmio,11277,11120,4,0,153,626094,6260.94,0.013759,38.25
olto,3660,3586,20,0,54,235076,2350.76,0.015059,2.7
olympus,973,954,0,0,19,1472088,14720.88,0.019916,
omabelle,112418,112165,0,0,253,34773087,347730.87,0.002256,
ombra,2875,2862,0,0,13,318092,3180.92,0.004542,
omnimount,181,180,1,0,0,0,0.00,0.0,0.0
omnio,63,63,0,0,0,0,0.00,0.0,
omoikiri,803,802,0,0,1,19905,199.05,0.001247,
omron,57767,54799,1547,0,1421,8416916,84169.16,0.025931,0.918552
on,269,261,0,0,8,48750,487.50,0.030651,
oneplus,65871,65264,98,0,509,35107622,351076.22,0.007799,5.193878
onhillsport,32,31,0,0,1,4891,48.91,0.032258,
onkron,1350,1340,0,0,10,87818,878.18,0.007463,
onlitop,8150,8112,0,0,38,592410,5924.10,0.004684,
ooba,33,33,0,0,0,0,0.00,0.0,
oonies,2,2,0,0,0,0,0.00,0.0,
opadiris,354,354,0,0,0,0,0.00,0.0,
opple,53,53,0,0,0,0,0.00,0.0,
oppo,482887,451449,20547,0,10891,241295976,2412959.76,0.024125,0.530053
optima,1857,1829,2,0,26,275201,2752.01,0.014215,13.0
optimus,319,319,0,0,0,0,0.00,0.0,
optoma,1287,1275,5,0,7,387560,3875.60,0.00549,1.4
oral-b,6461,6216,158,0,87,269208,2692.08,0.013996,0.550633
oralcare,27,27,0,0,0,0,0.00,0.0,
orange,3468,3415,31,0,22,32615,326.15,0.006442,0.709677
orangedaily,58,58,0,0,0,0,0.00,0.0,
organicshop,1,1,0,0,0,0,0.00,0.0,
organiczone,9,9,0,0,0,0,0.00,0.0,
oribel,13,12,0,0,1,24512,245.12,0.083333,
orico,974,955,0,0,19,26063,260.63,0.019895,
orient,40791,40537,0,0,254,3945561,39455.61,0.006266,
origami,82,82,0,0,0,0,0.00,0.0,
origins,1907,1894,0,0,13,55289,552.89,0.006864,
orion,49,49,0,0,0,0,0.00,0.0,
oris,3043,3043,0,0,0,0,0.00,0.0,
orium,482,445,0,0,37,1148705,11487.05,0.083146,
orivel,41,41,0,0,0,0,0.00,0.0,
orjade,13,13,0,0,0,0,0.00,0.0,
orla,363,361,0,0,2,127932,1279.32,0.00554,
orly,13,13,0,0,0,0,0.00,0.0,
ortega,1199,1194,0,0,5,51738,517.38,0.004188,
orto-bed,136,136,0,0,0,0,0.00,0.0,
ortopazl,21,20,0,0,1,3037,30.37,0.05,
os,165,163,0,0,2,5400,54.00,0.01227,
osann,260,260,0,0,0,0,0.00,0.0,
osgona,6,6,0,0,0,0,0.00,0.0,
osprey,38,38,0,0,0,0,0.00,0.0,
ostamebel,5110,5082,0,0,28,2197172,21971.72,0.00551,
oster,482,478,0,0,4,48589,485.89,0.008368,
otan,2732,2723,0,0,9,546988,5469.88,0.003305,
otani,122,117,0,0,5,136704,1367.04,0.042735,
otex,665,663,0,0,2,63429,634.29,0.003017,
oukitel,235,235,0,0,0,0,0.00,0.0,
ourgeneration,40,40,0,0,0,0,0.00,0.0,
oursson,4804,4751,0,0,53,554872,5548.72,0.011156,
outwell,1808,1803,0,0,5,41007,410.07,0.002773,
ovation,5040,4958,0,0,82,541156,5411.56,0.016539,
ovk,88,88,0,0,0,0,0.00,0.0,
owner,63,63,0,0,0,0,0.00,0.0,
ozkaplan,149,147,0,0,2,49422,494.22,0.013605,
p.i.t.,12388,12297,0,0,91,722061,7220.61,0.0074,
pablosky,8911,8892,0,0,19,108934,1089.34,0.002137,
packing,29,29,0,0,0,0,0.00,0.0,
paint,17,17,0,0,0,0,0.00,0.0,
pajak,64,64,0,0,0,0,0.00,0.0,
palisad,757,756,0,0,1,1802,18.02,0.001323,
palit,17668,17171,247,0,250,6005498,60054.98,0.014559,1.012146
palmers,1197,1180,0,0,17,13230,132.30,0.014407,
palms,5,5,0,0,0,0,0.00,0.0,
palplay,4,4,0,0,0,0,0.00,0.0,
pampers,3395,3296,0,0,99,95592,955.92,0.030036,
panasonic,97365,94205,2037,0,1123,11327952,113279.52,0.011921,0.551301
pandect,997,988,4,0,5,147110,1471.10,0.005061,1.25
pandora,28393,28136,78,0,179,3526343,35263.43,0.006362,2.294872
pangao,1143,1128,10,0,5,47041,470.41,0.004433,0.5
panouge,487,483,0,0,4,18534,185.34,0.008282,
papilla,43,43,0,0,0,0,0.00,0.0,
papitto,2,2,0,0,0,0,0.00,0.0,
parkcity,762,757,0,0,5,54055,540.55,0.006605,
parklon,231,231,0,0,0,0,0.00,0.0,
parkmaster,8666,8625,0,0,41,270136,2701.36,0.004754,
parkwood,51,50,0,0,1,13128,131.28,0.02,
parrot,1112,1111,0,0,1,16731,167.31,9.0E-4,
partner,11194,11011,0,0,183,2084226,20842.26,0.01662,
parus,21,21,0,0,0,0,0.00,0.0,
pasabahce,6727,6578,73,0,76,43870,438.70,0.011554,1.041096
pastel,27,27,0,0,0,0,0.00,0.0,
patrino,505,489,13,0,3,30882,308.82,0.006135,0.230769
patriot,2273,2261,0,0,12,107876,1078.76,0.005307,
pawpatrol,11,11,0,0,0,0,0.00,0.0,
payot,585,581,0,0,4,15621,156.21,0.006885,
pccooler,473,473,0,0,0,0,0.00,0.0,
pdw,1431,1416,0,0,15,581996,5819.96,0.010593,
peak,2377,2369,0,0,8,77076,770.76,0.003377,
peavey,4007,3993,0,0,14,619113,6191.13,0.003506,
pebble,5,5,0,0,0,0,0.00,0.0,
peda,47834,47685,0,0,149,21934237,219342.37,0.003125,
pediasure,33,33,0,0,0,0,0.00,0.0,
pedrollo,2229,2224,0,0,5,425731,4257.31,0.002248,
peg-perego,6007,5841,72,0,94,2006595,20065.95,0.016093,1.305556
penn,103,103,0,0,0,0,0.00,0.0,
pensofal,498,498,0,0,0,0,0.00,0.0,
pentax,121,121,0,0,0,0,0.00,0.0,
peppapig,2,2,0,0,0,0,0.00,0.0,
pequetren,204,203,0,0,1,5660,56.60,0.004926,
perilla,21386,20253,711,0,422,1339291,13392.91,0.020836,0.59353
perina,1163,1157,0,0,6,53700,537.00,0.005186,
permanence,327,327,0,0,0,0,0.00,0.0,
persona,9582,9579,0,0,3,107081,1070.81,3.13E-4,
peruzzo,1663,1662,0,0,1,9112,91.12,6.02E-4,
pervenec,10,10,0,0,0,0,0.00,0.0,
petek,14382,14299,0,0,83,576736,5767.36,0.005805,
peterhof,4297,4206,0,0,91,620189,6201.89,0.021636,
petitfee,55,54,0,0,1,1355,13.55,0.018519,
petro-canada,819,809,0,0,10,14277,142.77,0.012361,
phantom,7079,7007,0,0,72,112588,1125.88,0.010275,
philippus,45,45,0,0,0,0,0.00,0.0,
philips,282699,271734,6502,0,4463,51443340,514433.40,0.016424,0.686404
phillips,1129,1102,17,0,10,162400,1624.00,0.009074,0.588235
phoenix,26191,25401,556,0,234,4102349,41023.49,0.009212,0.420863
piatnik,655,646,6,0,3,6873,68.73,0.004644,0.5
picard,12099,12057,0,0,42,324198,3241.98,0.003483,
pierrelannier,3,3,0,0,0,0,0.00,0.0,
pikate,2085,2064,0,0,21,202713,2027.13,0.010174,
pilsan,74,74,0,0,0,0,0.00,0.0,
pinarello,114,114,0,0,0,0,0.00,0.0,
pinghudakebabycarrier,56,56,0,0,0,0,0.00,0.0,
pinskdrev,794,792,0,0,2,25401,254.01,0.002525,
pinti,190,190,0,0,0,0,0.00,0.0,
pintinox,1126,1125,0,0,1,5560,55.60,8.89E-4,
pinus,221,220,0,0,1,34928,349.28,0.004545,
pioneer,184582,182298,451,0,1833,19085571,190855.71,0.010055,4.064302
pirelli,31006,30093,291,0,622,5733644,57336.44,0.020669,2.137457
pisen,391,389,0,0,2,3437,34.37,0.005141,
pit,23,23,0,0,0,0,0.00,0.0,
pituso,12195,11956,70,0,169,1567624,15676.24,0.014135,2.414286
plamers,9,8,0,0,1,473,4.73,0.125,
planet,292,292,0,0,0,0,0.00,0.0,
planetaorganica,9,9,0,0,0,0,0.00,0.0,
plano,1549,1546,0,0,3,29938,299.38,0.00194,
plantex,252,251,0,0,1,1538,15.38,0.003984,
plantronics,16529,15844,444,0,241,972451,9724.51,0.015211,0.542793
playgro,938,933,2,0,3,3261,32.61,0.003215,1.5
playlab,124,124,0,0,0,0,0.00,0.0,
playmates,224,223,0,0,1,4324,43.24,0.004484,
playme,10026,9877,88,0,61,937905,9379.05,0.006176,0.693182
playmobil,20,20,0,0,0,0,0.00,0.0,
playskool,10,10,0,0,0,0,0.00,0.0,
playway,51,51,0,0,0,0,0.00,0.0,
plextor,705,701,0,0,4,24530,245.30,0.005706,
plitex,3976,3939,21,0,16,69587,695.87,0.004062,0.761905
pnb,1351,1297,0,0,54,28991,289.91,0.041635,
pny,1136,1130,0,0,6,231510,2315.10,0.00531,
pocketbook,20788,20115,422,0,251,4251105,42511.05,0.012478,0.594787
polar,2457,2451,0,0,6,225642,2256.42,0.002448,
polaris,201806,196467,2746,0,2593,10539354,105393.54,0.013198,0.944283
polaroid,1468,1459,0,0,9,53155,531.55,0.006169,
polarring,120,119,0,0,1,2316,23.16,0.008403,
polese,121,118,0,0,3,11892,118.92,0.025424,
polesie,9,9,0,0,0,0,0.00,0.0,
poli,238,238,0,0,0,0,0.00,0.0,
police,55,55,0,0,0,0,0.00,0.0,
polini,15679,15501,43,0,135,2077689,20776.89,0.008709,3.139535
polo,221,213,4,0,4,5188,51.88,0.018779,1.0
polti,976,970,0,0,6,104945,1049.45,0.006186,
poopsie,520,519,0,0,1,10191,101.91,0.001927,
poppuri,1,1,0,0,0,0,0.00,0.0,
popurri,63,63,0,0,0,0,0.00,0.0,
porsche,1018,1002,0,0,16,226512,2265.12,0.015968,
portcase,1972,1872,61,0,39,35107,351.07,0.020833,0.639344
portdesigns,1,1,0,0,0,0,0.00,0.0,
potatohead,2,2,0,0,0,0,0.00,0.0,
powcan,1205,1198,0,0,7,226519,2265.19,0.005843,
powercolor,3068,3042,0,0,26,541319,5413.19,0.008547,
powerplant,4675,4578,67,0,30,220564,2205.64,0.006553,0.447761
powertec,2137,2137,0,0,0,0,0.00,0.0,
powertrac,22677,22109,69,0,499,2127728,21277.28,0.02257,7.231884
pozis,10646,10478,107,0,61,1777629,17776.29,0.005822,0.570093
pqi,88,85,0,0,3,9261,92.61,0.035294,
prada,1753,1738,0,0,15,131312,1313.12,0.008631,
prc,798,796,0,0,2,668,6.68,0.002513,
preciosa,796,796,0,0,0,0,0.00,0.0,
premier,18,18,0,0,0,0,0.00,0.0,
president,3,3,0,0,0,0,0.00,0.0,
presonus,72,72,0,0,0,0,0.00,0.0,
prestige,947,942,0,0,5,116144,1161.44,0.005308,
prestigio,55205,52702,1285,0,1218,6490946,64909.46,0.023111,0.94786
pride,26162,25959,0,0,203,2467428,24674.28,0.00782,
privia,36,35,0,0,1,515,5.15,0.028571,
pro-karaoke,1426,1423,0,0,3,54054,540.54,0.002108,
proel,119,119,0,0,0,0,0.00,0.0,
progress,178,177,0,0,1,18591,185.91,0.00565,
prolike,1544,1541,0,0,3,15366,153.66,0.001947,
prologic,8799,8767,6,0,26,205759,2057.59,0.002966,4.333333
prology,1363,1362,0,0,1,3604,36.04,7.34E-4,
proma,175,174,0,0,1,25792,257.92,0.005747,
promate,42,42,0,0,0,0,0.00,0.0,
promountain,160,159,1,0,0,0,0.00,0.0,0.0
promozer,620,608,0,0,12,23013,230.13,0.019737,
prosperplast,64,64,0,0,0,0,0.00,0.0,
protherm,294,289,0,0,5,313612,3136.12,0.017301,
provence,112,111,1,0,0,0,0.00,0.0,0.0
provoc,103,103,0,0,0,0,0.00,0.0,
proxxon,520,520,0,0,0,0,0.00,0.0,
psyonix,51,51,0,0,0,0,0.00,0.0,
pt-group,34671,34467,0,0,204,4081719,40817.19,0.005919,
pubg,5,5,0,0,0,0,0.00,0.0,
puckator,1570,1561,0,0,9,16461,164.61,0.005766,
pulser,77019,76597,0,0,422,29756253,297562.53,0.005509,
puma,18566,18491,0,0,75,714237,7142.37,0.004056,
pupa,9318,9198,0,0,120,175510,1755.10,0.013046,
purederm,1770,1746,0,0,24,4801,48.01,0.013746,
puridea,22,22,0,0,0,0,0.00,0.0,
pyrex,2569,2473,62,0,34,44116,441.16,0.013748,0.548387
qazaqkhan,51,49,2,0,0,0,0.00,0.0,0.0
qazprotein,244,241,0,0,3,5110,51.10,0.012448,
qcyber,230,229,0,0,1,6023,60.23,0.004367,
qiangchi,1588,1556,0,0,32,462456,4624.56,0.020566,
qixels,2,2,0,0,0,0,0.00,0.0,
qmax,4752,4725,0,0,27,209412,2094.12,0.005714,
qnap,330,330,0,0,0,0,0.00,0.0,
qnt,452,448,0,0,4,3128,31.28,0.008929,
qplay,26,26,0,0,0,0,0.00,0.0,
quatro,432,428,0,0,4,81339,813.39,0.009346,
quechua,290,287,0,0,3,5397,53.97,0.010453,
quinny,908,906,0,0,2,95987,959.87,0.002208,
qvs,294,291,0,0,3,1473,14.73,0.010309,
r-senda,16,16,0,0,0,0,0.00,0.0,
racer,13774,13668,0,0,106,2643071,26430.71,0.007755,
radaway,5374,5305,50,0,19,1273494,12734.94,0.003582,0.38
radiant,20,20,0,0,0,0,0.00,0.0,
rado,5029,5024,0,0,5,1034775,10347.75,9.95E-4,
ragolle,69,69,0,0,0,0,0.00,0.0,
rainbo,1301,1268,19,0,14,123010,1230.10,0.011041,0.736842
rals,29921,29779,0,0,142,7966704,79667.04,0.004768,
ramili,454,443,7,0,4,17655,176.55,0.009029,0.571429
ramilibaby,22,22,0,0,0,0,0.00,0.0,
rant,9514,9299,126,0,89,757847,7578.47,0.009571,0.706349
rapala,268,268,0,0,0,0,0.00,0.0,
rapid,3291,3204,56,0,31,44213,442.13,0.009675,0.553571
rapoo,3685,3623,23,0,39,100774,1007.74,0.010765,1.695652
rare,63,63,0,0,0,0,0.00,0.0,
rasch,227,227,0,0,0,0,0.00,0.0,
rastar,14704,14364,245,0,95,277834,2778.34,0.006614,0.387755
ravak,98,98,0,0,0,0,0.00,0.0,
raval,11,11,0,0,0,0,0.00,0.0,
raveltex,195,193,0,0,2,41494,414.94,0.010363,
ray-ban,2290,2271,0,0,19,396490,3964.90,0.008366,
razer,7816,7669,47,0,100,979387,9793.87,0.01304,2.12766
rcf,314,312,0,0,2,83939,839.39,0.00641,
rcr,1260,1258,0,0,2,3604,36.04,0.00159,
rebellion,292,290,0,0,2,6409,64.09,0.006897,
rebus,7704,7639,11,0,54,977567,9775.67,0.007069,4.909091
recaro,170,169,0,0,1,54055,540.55,0.005917,
recci,4,4,0,0,0,0,0.00,0.0,
redblu,67,66,0,0,1,17115,171.15,0.015152,
redbo,4161,4144,0,0,17,740936,7409.36,0.004102,
redford,2969,2950,0,0,19,367495,3674.95,0.006441,
redken,29,29,0,0,0,0,0.00,0.0,
redline,182,182,0,0,0,0,0.00,0.0,
redmond,279734,269944,5787,0,4003,27316898,273168.98,0.014829,0.691723
redragon,6716,6592,35,0,89,201088,2010.88,0.013501,2.542857
reebok,24403,24208,0,0,195,2254493,22544.93,0.008055,
regatta,358,356,0,0,2,3500,35.00,0.005618,
regent,413,407,1,0,5,46392,463.92,0.012285,5.0
relouis,684,681,0,0,3,810,8.10,0.004405,
reluce,1068,1056,0,0,12,18558,185.58,0.011364,
remain,3012,2988,0,0,24,548171,5481.71,0.008032,
remax,7353,7137,117,0,99,231143,2311.43,0.013871,0.846154
remer,14,14,0,0,0,0,0.00,0.0,
remington,31220,29759,906,0,555,2978740,29787.40,0.01865,0.612583
remix,1075,1074,0,0,1,7597,75.97,9.31E-4,
remo,169,169,0,0,0,0,0.00,0.0,
remonte,2788,2776,0,0,12,85924,859.24,0.004323,
renberg,125,124,0,0,1,2048,20.48,0.008065,
renegade,355,353,0,0,2,234240,2342.40,0.005666,
renova,4059,3975,0,0,84,677143,6771.43,0.021132,
renovator,20,20,0,0,0,0,0.00,0.0,
repetto,90,89,0,0,1,3126,31.26,0.011236,
replica,3,3,0,0,0,0,0.00,0.0,
resanta,1200,1174,15,0,11,224587,2245.87,0.00937,0.733333
respect,271167,269310,0,0,1857,13962674,139626.74,0.006895,
restar,15,15,0,0,0,0,0.00,0.0,
retrosuperfuture,21,21,0,0,0,0,0.00,0.0,
rev,5,5,0,0,0,0,0.00,0.0,
revlon,155,155,0,0,0,0,0.00,0.0,
revuele,15,15,0,0,0,0,0.00,0.0,
rexco,28,28,0,0,0,0,0.00,0.0,
rextor,588,583,0,0,5,30547,305.47,0.008576,
rezult,1210,1204,0,0,6,10052,100.52,0.004983,
rheinberger,628,625,0,0,3,12021,120.21,0.0048,
rial,9188,9129,0,0,59,2006974,20069.74,0.006463,
ricco,181,181,0,0,0,0,0.00,0.0,
riche,148,148,0,0,0,0,0.00,0.0,
ricoh,961,956,1,0,4,39716,397.16,0.004184,4.0
ridata,2,2,0,0,0,0,0.00,0.0,
ride,1013,1010,0,0,3,68907,689.07,0.00297,
ridian,347,347,0,0,0,0,0.00,0.0,
rieker,66642,66321,0,0,321,2875488,28754.88,0.00484,
riello,1,1,0,0,0,0,0.00,0.0,
riga,5072,4975,0,0,97,3350463,33504.63,0.019497,
rihanna,19,19,0,0,0,0,0.00,0.0,
rika,180,180,0,0,0,0,0.00,0.0,
riken,225,220,0,0,5,10940,109.40,0.022727,
riko,1295,1281,0,0,14,466384,4663.84,0.010929,
rimax,3488,3432,0,0,56,1607519,16075.19,0.016317,
riminiflash,8,8,0,0,0,0,0.00,0.0,
rimmel,12,11,0,0,1,352,3.52,0.090909,
rimmellondon,125,125,0,0,0,0,0.00,0.0,
rinax,20,20,0,0,0,0,0.00,0.0,
rinnai,8618,8406,108,0,104,8534906,85349.06,0.012372,0.962963
rise,45,45,0,0,0,0,0.00,0.0,
risoli,6,6,0,0,0,0,0.00,0.0,
ristanskaakeramika,21,21,0,0,0,0,0.00,0.0,
ritmix,50433,49841,227,0,365,626228,6262.28,0.007323,1.60793
rivacase,2970,2922,21,0,27,72416,724.16,0.00924,1.285714
rivakoch,84,84,0,0,0,0,0.00,0.0,
rivalli,801,800,0,0,1,51456,514.56,0.00125,
rivertoys,13284,13059,0,0,225,4027033,40270.33,0.017229,
riviera,3250,3240,0,0,10,478281,4782.81,0.003086,
rline,39,39,0,0,0,0,0.00,0.0,
roadcruza,300,288,0,0,12,132977,1329.77,0.041667,
roadstone,13156,12949,0,0,207,1372094,13720.94,0.015986,
roadx,26678,26049,61,0,568,2611776,26117.76,0.021805,9.311475
roamer,774,774,0,0,0,0,0.00,0.0,
robens,80,80,0,0,0,0,0.00,0.0,
roblox,23,23,0,0,0,0,0.00,0.0,
robobloq,26,26,0,0,0,0,0.00,0.0,
roborock,457,456,0,0,1,48367,483.67,0.002193,
robotime,68,68,0,0,0,0,0.00,0.0,
robotis,172,172,0,0,0,0,0.00,0.0,
roca,1286,1284,0,0,2,7288,72.88,0.001558,
rochas,402,397,0,0,5,23723,237.23,0.012594,
rock,330,329,1,0,0,0,0.00,0.0,0.0
rockdale,839,821,0,0,18,194598,1945.98,0.021924,
rockforce,2790,2782,0,0,8,56114,561.14,0.002876,
rockstargames,173,172,1,0,0,0,0.00,0.0,0.0
rode,197,193,0,0,4,56116,561.16,0.020725,
rodi,297,288,6,0,3,12579,125.79,0.010417,0.5
roeyuta,61,61,0,0,0,0,0.00,0.0,
rogervandenberghenv,59,59,0,0,0,0,0.00,0.0,
roingto,545,514,0,0,31,765474,7654.74,0.060311,
roison,2,2,0,0,0,0,0.00,0.0,
rokids,586,583,0,0,3,37092,370.92,0.005146,
roland,4143,4124,0,0,19,1849563,18495.63,0.004607,
rolife,12,12,0,0,0,0,0.00,0.0,
romack,882,881,0,0,1,33463,334.63,0.001135,
romana,5266,5233,0,0,33,548225,5482.25,0.006306,
romanson,5759,5706,0,0,53,686875,6868.75,0.009288,
romax,1093,1091,0,0,2,31069,310.69,0.001833,
rombica,4343,4240,69,0,34,93423,934.23,0.008019,0.492754
romer,155,154,0,0,1,10425,104.25,0.006494,
ronas,415,415,0,0,0,0,0.00,0.0,
roncato,7308,7279,0,0,29,606424,6064.24,0.003984,
rondell,59241,57912,814,0,515,2634119,26341.19,0.008893,0.632678
rooman,19463,19275,0,0,188,1024735,10247.35,0.009754,
rosa,3389,3334,0,0,55,310125,3101.25,0.016497,
rosato,202,202,0,0,0,0,0.00,0.0,
rosetta,1686,1663,0,0,23,253316,2533.16,0.01383,
rosmen,12,12,0,0,0,0,0.00,0.0,
rossia,5,5,0,0,0,0,0.00,0.0,
rossignol,58,58,0,0,0,0,0.00,0.0,
rossinka,1749,1731,0,0,18,54237,542.37,0.010399,
rotiform,32,32,0,0,0,0,0.00,0.0,
rotor,27,27,0,0,0,0,0.00,0.0,
rotorazer,19,19,0,0,0,0,0.00,0.0,
rowenta,85660,80970,2805,0,1885,9798300,97983.00,0.02328,0.672014
roxy,900,892,0,0,8,3272,32.72,0.008969,
royal,1639,1635,0,0,4,13020,130.20,0.002446,
royalblack,86,86,0,0,0,0,0.00,0.0,
royallondon,13,13,0,0,0,0,0.00,0.0,
rozenbal,1094,1091,0,0,3,3784,37.84,0.00275,
rubelli,263,262,0,0,1,2304,23.04,0.003817,
rubiks,326,326,0,0,0,0,0.00,0.0,
rubineta,1451,1440,0,0,11,42991,429.91,0.007639,
rucelf,673,653,8,0,12,136901,1369.01,0.018377,1.5
ruike,67,67,0,0,0,0,0.00,0.0,
ruixinlang,84,84,0,0,0,0,0.00,0.0,
runwin,1,1,0,0,0,0,0.00,0.0,
rusgoldart,52,52,0,0,0,0,0.00,0.0,
rush,4601,4562,0,0,39,675409,6754.09,0.008549,
russia,124,124,0,0,0,0,0.00,0.0,
rw,628,624,0,0,4,34483,344.83,0.00641,
ryobi,7368,7351,7,0,10,124208,1242.08,0.00136,1.428571
ryor,49,49,0,0,0,0,0.00,0.0,
s-oil,854,848,0,0,6,10786,107.86,0.007075,
s.a.n.,2419,2392,0,0,27,81499,814.99,0.011288,
sabi,83,83,0,0,0,0,0.00,0.0,
sachiko,165,163,0,0,2,2794,27.94,0.01227,
sacvoyage,453,452,0,0,1,6939,69.39,0.002212,
sades,10,10,0,0,0,0,0.00,0.0,
safecess,1,1,0,0,0,0,0.00,0.0,
saferich,2438,2410,0,0,28,166835,1668.35,0.011618,
sailun,7154,7033,0,0,121,908573,9085.73,0.017205,
saipo,36,36,0,0,0,0,0.00,0.0,
sakura,1245,1227,0,0,18,31970,319.70,0.01467,
salamander,45050,44797,0,0,253,2130503,21305.03,0.005648,
salewa,546,545,0,0,1,16989,169.89,0.001835,
sallyhansen,46,46,0,0,0,0,0.00,0.0,
salmo,1651,1635,0,0,16,25574,255.74,0.009786,
salomon,349,342,0,0,7,142163,1421.63,0.020468,
salvatoreferragamo,2,2,0,0,0,0,0.00,0.0,
salvinelli,55,55,0,0,0,0,0.00,0.0,
samo,481,470,0,0,11,14724,147.24,0.023404,
samonite,8,8,0,0,0,0,0.00,0.0,
samson,756,751,0,0,5,469770,4697.70,0.006658,
samsonite,431,429,0,0,2,29859,298.59,0.004662,
samsung,5282775,4806630,303249,0,172896,4640753261,46407532.61,0.03597,0.570145
samy,7,7,0,0,0,0,0.00,0.0,
san,259,259,0,0,0,0,0.00,0.0,
sandisk,1973,1947,11,0,15,37949,379.49,0.007704,1.363636
saniano,42,42,0,0,0,0,0.00,0.0,
sanita,2495,2479,0,0,16,89116,891.16,0.006454,
sanjia,12,12,0,0,0,0,0.00,0.0,
sanovit,34,34,0,0,0,0,0.00,0.0,
santak,6,6,0,0,0,0,0.00,0.0,
santek,2411,2396,0,0,15,107748,1077.48,0.00626,
santeri,4234,4164,15,0,55,323482,3234.82,0.013208,3.666667
sapphire,2829,2780,0,0,49,1312668,13126.68,0.017626,
sariel,709,700,0,0,9,5769,57.69,0.012857,
sasta,168,168,0,0,0,0,0.00,0.0,
satura,731,731,0,0,0,0,0.00,0.0,
saturn,45614,44674,395,0,545,2106917,21069.17,0.012199,1.379747
sava,12096,11801,3,0,292,3213545,32135.45,0.024744,97.333333
sbs,18,18,0,0,0,0,0.00,0.0,
sbw,58,58,0,0,0,0,0.00,0.0,
scarlett,118575,116013,1232,0,1330,4280209,42802.09,0.011464,1.079545
schardt,1,1,0,0,0,0,0.00,0.0,
schaublorenz,14,14,0,0,0,0,0.00,0.0,
schecter,314,302,0,0,12,504328,5043.28,0.039735,
scher-khan,1983,1979,0,0,4,28828,288.28,0.002021,
schneider,1264,1263,0,0,1,10242,102.42,7.92E-4,
schreuders,965,959,0,0,6,29808,298.08,0.006257,
schwinn,389,389,0,0,0,0,0.00,0.0,
scierra,1475,1473,0,0,2,17241,172.41,0.001358,
scinic,50,50,0,0,0,0,0.00,0.0,
scivation,236,231,0,0,5,16910,169.10,0.021645,
scool,204,204,0,0,0,0,0.00,0.0,
scoole,2189,2169,8,0,12,33413,334.13,0.005533,1.5
scooter,534,521,7,0,6,13894,138.94,0.011516,0.857143
scott,1195,1195,0,0,0,0,0.00,0.0,
scovo,3506,3481,0,0,25,82599,825.99,0.007182,
scruff-a-luvs,41,41,0,0,0,0,0.00,0.0,
scythe,9,9,0,0,0,0,0.00,0.0,
sdt,235,233,0,0,2,16628,166.28,0.008584,
seagate,8000,7831,59,0,110,781311,7813.11,0.014047,1.864407
sebamed,67,67,0,0,0,0,0.00,0.0,
seed,144,144,0,0,0,0,0.00,0.0,
sega,4287,4242,0,0,45,169231,1692.31,0.010608,
segotep,433,429,0,0,4,4853,48.53,0.009324,
segway,2433,2422,9,0,2,92098,920.98,8.26E-4,0.222222
seiko,5269,5262,0,0,7,490385,4903.85,0.00133,
seintex,277,276,0,0,1,2034,20.34,0.003623,
selby,9035,8678,197,0,160,652362,6523.62,0.018437,0.812183
selective,977,969,0,0,8,36939,369.39,0.008256,
selena,11,11,0,0,0,0,0.00,0.0,
seletti,201,201,0,0,0,0,0.00,0.0,
senci,1202,1196,0,0,6,1077730,10777.30,0.005017,
sencor,61,61,0,0,0,0,0.00,0.0,
sennheiser,4271,4234,0,0,37,242751,2427.51,0.008739,
serebro,1402,1348,0,0,54,21568,215.68,0.040059,
sevenfriday,187,187,0,0,0,0,0.00,0.0,
sgary,4,4,0,0,0,0,0.00,0.0,
shagovita,16223,16155,0,0,68,404027,4040.27,0.004209,
shaik,587,584,0,0,3,78498,784.98,0.005137,
shakira,627,620,0,0,7,11820,118.20,0.01129,
shangpree,13,13,0,0,0,0,0.00,0.0,
sharking,189,189,0,0,0,0,0.00,0.0,
sheba,409,395,5,0,9,129728,1297.28,0.022785,1.8
sheffilton,287,287,0,0,0,0,0.00,0.0,
shell,12016,11924,7,0,85,207571,2075.71,0.007128,12.142857
shengyuan,4,4,0,0,0,0,0.00,0.0,
shenma,1965,1936,0,0,29,164227,1642.27,0.014979,
sheyk,52,52,0,0,0,0,0.00,0.0,
shima,4,4,0,0,0,0,0.00,0.0,
shimano,9259,9220,0,0,39,655918,6559.18,0.00423,
shindo,486,477,0,0,9,59123,591.23,0.018868,
ship,392,389,0,0,3,1383,13.83,0.007712,
shiraz,9,9,0,0,0,0,0.00,0.0,
shiseido,4074,4033,0,0,41,249511,2495.11,0.010166,
shishi,5,5,0,0,0,0,0.00,0.0,
shivaki,26579,26206,140,0,233,3488753,34887.53,0.008891,1.664286
sho-me,46832,45180,945,0,707,9848863,98488.63,0.015649,0.748148
shogun,578,572,0,0,6,401556,4015.56,0.01049,
shoiberg,450,450,0,0,0,0,0.00,0.0,
shopkins,221,219,0,0,2,2000,20.00,0.009132,
shua,1012,1009,0,0,3,601606,6016.06,0.002973,
shunxiang,10,10,0,0,0,0,0.00,0.0,
shure,3956,3922,0,0,34,845600,8456.00,0.008669,
sibirskietovary,60,60,0,0,0,0,0.00,0.0,
sibrteh,138,138,0,0,0,0,0.00,0.0,
siee,134,134,0,0,0,0,0.00,0.0,
siemens,284,284,0,0,0,0,0.00,0.0,
siger,2316,2280,23,0,13,103849,1038.49,0.005702,0.565217
sigma,1697,1695,0,0,2,19512,195.12,0.00118,
signal,681,681,0,0,0,0,0.00,0.0,
signature,40,40,0,0,0,0,0.00,0.0,
silampos,42,42,0,0,0,0,0.00,0.0,
silhouette,418,418,0,0,0,0,0.00,0.0,
silva,2225,2217,0,0,8,270046,2700.46,0.003608,
silverlit,27695,27655,0,0,40,220287,2202.87,0.001446,
silverstone,144,144,0,0,0,0,0.00,0.0,
sima-land,993,990,0,0,3,7715,77.15,0.00303,
simax,33,33,0,0,0,0,0.00,0.0,
simba,1636,1626,0,0,10,43062,430.62,0.00615,
simfer,1448,1429,13,0,6,78497,784.97,0.004199,0.461538
similac,1353,1336,0,0,17,19286,192.86,0.012725,
simpleparenting,594,591,0,0,3,115062,1150.62,0.005076,
simurg,60,59,0,0,1,37942,379.42,0.016949,
sinbo,879,872,0,0,7,16603,166.03,0.008028,
singer,1281,1279,0,0,2,40433,404.33,0.001564,
sinotex,1439,1419,0,0,20,184180,1841.80,0.014094,
sinusprofi,135,135,0,0,0,0,0.00,0.0,
sirius,998,991,0,0,7,9191,91.91,0.007064,
sis,668,668,0,0,0,0,0.00,0.0,
sisley,258,240,0,0,18,263214,2632.14,0.075,
siton,11,11,0,0,0,0,0.00,0.0,
sitparad,139,139,0,0,0,0,0.00,0.0,
sjcam,5998,5893,69,0,36,402135,4021.35,0.006109,0.521739
skad,98592,97741,0,0,851,18985102,189851.02,0.008707,
skagen,2052,2047,0,0,5,99154,991.54,0.002443,
skandika,109,109,0,0,0,0,0.00,0.0,
skechers,17,17,0,0,0,0,0.00,0.0,
skil,127,120,0,0,7,70273,702.73,0.058333,
skindoctors,1,1,0,0,0,0,0.00,0.0,
skullcandy,10,10,0,0,0,0,0.00,0.0,
skv,3,3,0,0,0,0,0.00,0.0,
skwooshi,12,12,0,0,0,0,0.00,0.0,
skylor,744,731,0,0,13,102966,1029.66,0.017784,
skytech,1185,1171,0,0,14,35994,359.94,0.011956,
skyworth,983,979,1,0,3,214671,2146.71,0.003064,3.0
slaro,102,102,0,0,0,0,0.00,0.0,
slider,282,281,0,0,1,14155,141.55,0.003559,
slonimmebel,7,7,0,0,0,0,0.00,0.0,
sluban,56,55,0,0,1,746,7.46,0.018182,
slumberjack,2,2,0,0,0,0,0.00,0.0,
sly,2837,2829,0,0,8,27037,270.37,0.002828,
smalvic,105,105,0,0,0,0,0.00,0.0,
smart,9984,9918,17,0,49,2978393,29783.93,0.004941,2.882353
smartbuy,514,511,0,0,3,1442,14.42,0.005871,
smartrike,1882,1871,2,0,9,135499,1354.99,0.00481,4.5
smarttrike,22,22,0,0,0,0,0.00,0.0,
smartway,3,3,0,0,0,0,0.00,0.0,
smashbox,4626,4592,0,0,34,141208,1412.08,0.007404,
smeg,26856,26639,118,0,99,4044865,40448.65,0.003716,0.838983
smiger,275,272,0,0,3,36808,368.08,0.011029,
smile,9738,9668,10,0,60,248644,2486.44,0.006206,6.0
smoby,859,858,0,0,1,19563,195.63,0.001166,
sms,1083,1063,0,0,20,20580,205.80,0.018815,
smtt,40,40,0,0,0,0,0.00,0.0,
snez,18,18,0,0,0,0,0.00,0.0,
snowcap,3233,3221,2,0,10,36376,363.76,0.003105,5.0
softoy,242,239,0,0,3,3658,36.58,0.012552,
sokany,74,73,0,0,1,2548,25.48,0.013699,
sokolov,98409,97278,0,0,1131,15926438,159264.38,0.011626,
solaris,1162,1154,0,0,8,52672,526.72,0.006932,
solarstorm,147,147,0,0,0,0,0.00,0.0,
solite,1420,1393,0,0,27,227809,2278.09,0.019383,
solomon,2717,2709,0,0,8,135140,1351.40,0.002953,
solostyle,68,68,0,0,0,0,0.00,0.0,
sonar,13,13,0,0,0,0,0.00,0.0,
sonda,632,630,0,0,2,5148,51.48,0.003175,
sonel,7189,7081,0,0,108,1058608,10586.08,0.015252,
sonifer,1,1,0,0,0,0,0.00,0.0,
sonny,11,11,0,0,0,0,0.00,0.0,
sonor,36,36,0,0,0,0,0.00,0.0,
sony,456644,439855,10060,0,6729,247819668,2478196.68,0.015298,0.668887
sonyinteractiveentertainment,1061,985,55,0,21,140490,1404.90,0.02132,0.381818
sospiro,122,121,0,0,1,31043,310.43,0.008264,
soundking,569,566,0,0,3,86566,865.66,0.0053,
soundstream,263,262,0,0,1,2445,24.45,0.003817,
sowell,41,40,0,0,1,41700,417.00,0.025,
soyntec,373,373,0,0,0,0,0.00,0.0,
spalding,216,216,0,0,0,0,0.00,0.0,
spalenka,6,6,0,0,0,0,0.00,0.0,
spaquatoria,1013,1013,0,0,0,0,0.00,0.0,
sparta,12600,12461,0,0,139,332920,3329.20,0.011155,
specialized,443,442,0,0,1,102963,1029.63,0.002262,
speroni,170,170,0,0,0,0,0.00,0.0,
sphero,90,90,0,0,0,0,0.00,0.0,
spider-man,9,9,0,0,0,0,0.00,0.0,
spiegelau,339,335,2,0,2,7202,72.02,0.00597,1.0
spinmaster,251,243,2,0,6,83400,834.00,0.024691,3.0
spinmop,10,10,0,0,0,0,0.00,0.0,
splashlings,41,41,0,0,0,0,0.00,0.0,
sportbaby,1011,1004,3,0,4,110778,1107.78,0.003984,1.333333
sportelite,10,10,0,0,0,0,0.00,0.0,
sportop,850,842,0,0,8,978144,9781.44,0.009501,
spur,3108,3087,0,0,21,65095,650.95,0.006803,
squier,2898,2870,1,0,27,668563,6685.63,0.009408,27.0
ssm,38,38,0,0,0,0,0.00,0.0,
stabila,145,144,0,0,1,17329,173.29,0.006944,
stagg,5869,5789,0,0,80,918550,9185.50,0.013819,
stahlberg,65,65,0,0,0,0,0.00,0.0,
stalemal,114,114,0,0,0,0,0.00,0.0,
stalker,552,550,0,0,2,12350,123.50,0.003636,
standard,62,60,0,0,2,22790,227.90,0.033333,
standart,40,40,0,0,0,0,0.00,0.0,
stanley,35816,35586,72,0,158,730062,7300.62,0.00444,2.194444
stark,2348,2339,4,0,5,249925,2499.25,0.002138,1.25
starline,129655,123875,3826,0,1954,27456395,274563.95,0.015774,0.510716
starmix,353,353,0,0,0,0,0.00,0.0,
starmom,2,2,0,0,0,0,0.00,0.0,
startline,41,41,0,0,0,0,0.00,0.0,
startul,10353,10293,0,0,60,413235,4132.35,0.005829,
starwars,9,9,0,0,0,0,0.00,0.0,
starway,106,105,0,0,1,1158,11.58,0.009524,
staub,5,5,0,0,0,0,0.00,0.0,
stavia,33,33,0,0,0,0,0.00,0.0,
stavr,12,12,0,0,0,0,0.00,0.0,
stayer,5264,5229,0,0,35,116896,1168.96,0.006693,
stealth,37,37,0,0,0,0,0.00,0.0,
steba,92,85,5,0,2,24192,241.92,0.023529,0.4
steelflex,1838,1837,0,0,1,99153,991.53,5.44E-4,
steelpower,23,23,0,0,0,0,0.00,0.0,
steelseries,6851,6658,94,0,99,687151,6871.51,0.014869,1.053191
steger,105,104,0,0,1,9009,90.09,0.009615,
stellar,69,69,0,0,0,0,0.00,0.0,
stels,236278,232868,367,0,3043,28258583,282585.83,0.013067,8.291553
stelz,23,23,0,0,0,0,0.00,0.0,
stendmebel,13543,13453,0,0,90,1556997,15569.97,0.00669,
steppuzzle,308,307,0,0,1,3578,35.78,0.003257,
stern,82,82,0,0,0,0,0.00,0.0,
sterntaler,475,474,0,0,1,3166,31.66,0.00211,
sti,251,250,0,0,1,3998,39.98,0.004,
stiga,1866,1843,14,0,9,94708,947.08,0.004883,0.642857
stihl,19240,19021,0,0,219,5608596,56085.96,0.011514,
stikbot,155,154,0,0,1,2777,27.77,0.006494,
stilvasejspalni,11,11,0,0,0,0,0.00,0.0,
stilzizni,4,4,0,0,0,0,0.00,0.0,
stinger,1168,1163,0,0,5,30761,307.61,0.004299,
stinol,177,177,0,0,0,0,0.00,0.0,
stl,89,89,0,0,0,0,0.00,0.0,
stn,6,6,0,0,0,0,0.00,0.0,
stockli,100,100,0,0,0,0,0.00,0.0,
stokke,1323,1318,0,0,5,107834,1078.34,0.003794,
stolplit,2363,2363,0,0,0,0,0.00,0.0,
stonelock,175,174,0,0,1,18533,185.33,0.005747,
storm,178,178,0,0,0,0,0.00,0.0,
strobbs,38565,38229,0,0,336,1652479,16524.79,0.008789,
strunal,23,23,0,0,0,0,0.00,0.0,
stryj,7,7,0,0,0,0,0.00,0.0,
studio,29,29,0,0,0,0,0.00,0.0,
studiomaster,194,194,0,0,0,0,0.00,0.0,
studioprofessional,56,56,0,0,0,0,0.00,0.0,
stuntcar,42,42,0,0,0,0,0.00,0.0,
suave,2090,2075,0,0,15,158822,1588.22,0.007229,
subini,3828,3801,0,0,27,280964,2809.64,0.007103,
suda,2,2,0,0,0,0,0.00,0.0,
sufix,147,147,0,0,0,0,0.00,0.0,
sulu,3913,3889,0,0,24,205920,2059.20,0.006171,
sumadl,1,1,0,0,0,0,0.00,0.0,
sumdex,5018,4921,46,0,51,152633,1526.33,0.010364,1.108696
sumitomo,24,24,0,0,0,0,0.00,0.0,
sunbody,607,606,0,0,1,6049,60.49,0.00165,
suncolor,175,175,0,0,0,0,0.00,0.0,
sunday,1609,1602,0,0,7,191251,1912.51,0.00437,
sunfull,780,755,0,0,25,135150,1351.50,0.033113,
sunmi,400,397,0,0,3,61779,617.79,0.007557,
sunsuki,806,804,0,0,2,236814,2368.14,0.002488,
sunsystem,132,132,0,0,0,0,0.00,0.0,
suntech-msks,43,43,0,0,0,0,0.00,0.0,
sunwide,2780,2716,2,0,62,354908,3549.08,0.022828,31.0
superfine,31,30,0,0,1,821,8.21,0.033333,
superlux,172,171,0,0,1,8237,82.37,0.005848,
supermicro,38,38,0,0,0,0,0.00,0.0,
supra,8,8,0,0,0,0,0.00,0.0,
suunto,3699,3693,0,0,6,326242,3262.42,0.001625,
suzuki,106,106,0,0,0,0,0.00,0.0,
sv,172985,171989,0,0,996,23993881,239938.81,0.005791,
svar,68,68,0,0,0,0,0.00,0.0,
svc,8917,8707,101,0,109,456163,4561.63,0.012519,1.079208
sven,39319,38298,437,0,584,2392160,23921.60,0.015249,1.336384
svetogor,3,3,0,0,0,0,0.00,0.0,
svoboda,2,2,0,0,0,0,0.00,0.0,
swarovski,31,31,0,0,0,0,0.00,0.0,
swat,14445,14297,0,0,148,1073175,10731.75,0.010352,
swatch,3427,3413,0,0,14,132410,1324.10,0.004102,
sweety,1020,991,0,0,29,40660,406.60,0.029263,
sweetyhome,7,7,0,0,0,0,0.00,0.0,
swisshome,10553,10436,0,0,117,1363929,13639.29,0.011211,
swissimage,4,4,0,0,0,0,0.00,0.0,
swissline,322,319,0,0,3,5090,50.90,0.009404,
sx,1,1,0,0,0,0,0.00,0.0,
syma,8460,8423,0,0,37,256488,2564.88,0.004393,
synology,194,193,0,0,1,56835,568.35,0.005181,
syntrax,967,960,0,0,7,22717,227.17,0.007292,
t-max,7678,7653,0,0,25,1420466,14204.66,0.003267,
t-rex,1223,1207,0,0,16,99416,994.16,0.013256,
t.bone,1,1,0,0,0,0,0.00,0.0,
tactic,133,133,0,0,0,0,0.00,0.0,
tacx,1618,1590,6,0,22,681564,6815.64,0.013836,3.666667
tailg,15,15,0,0,0,0,0.00,0.0,
taitong,11,11,0,0,0,0,0.00,0.0,
takamine,1403,1396,1,0,6,756399,7563.99,0.004298,6.0
takeit,501,491,7,0,3,4191,41.91,0.00611,0.428571
tako,232,232,0,0,0,0,0.00,0.0,
taller,1226,1221,0,0,5,9511,95.11,0.004095,
tamaris,10699,10626,0,0,73,536760,5367.60,0.00687,
tamish,618,618,0,0,0,0,0.00,0.0,
tanglewood,252,250,0,0,2,43245,432.45,0.008,
tao-tao,32,32,0,0,0,0,0.00,0.0,
targus,54,54,0,0,0,0,0.00,0.0,
tarkett,15428,15348,0,0,80,50524,505.24,0.005212,
tarlan,172,172,0,0,0,0,0.00,0.0,
tascam,75,75,0,0,0,0,0.00,0.0,
taxi,151,149,0,0,2,12445,124.45,0.013423,
tch,1229,1227,0,0,2,9704,97.04,0.00163,
tcl,39893,38394,768,0,731,19483751,194837.51,0.019039,0.951823
tdm,178,177,1,0,0,0,0.00,0.0,0.0
teamgroup,67,66,0,0,1,6487,64.87,0.015152,
tec,1657,1652,1,0,4,100787,1007.87,0.002421,4.0
tech-line,2375,2348,0,0,27,717659,7176.59,0.011499,
technogym,604,604,0,0,0,0,0.00,0.0,
technomax,2585,2569,0,0,16,253296,2532.96,0.006228,
tecno,5933,5838,0,0,95,987297,9872.97,0.016273,
tedmyfriend,9,9,0,0,0,0,0.00,0.0,
tefal,198552,190545,4654,0,3353,32998060,329980.60,0.017597,0.720456
tega,1475,1468,0,0,7,8113,81.13,0.004768,
teka,1326,1320,0,0,6,192776,1927.76,0.004545,
teknetics,333,331,0,0,2,67451,674.51,0.006042,
teknum,749,745,0,0,4,28829,288.29,0.005369,
tekstilnaalavka,5,5,0,0,0,0,0.00,0.0,
telecom,12,12,0,0,0,0,0.00,0.0,
telefunken,1054,1053,0,0,1,2445,24.45,9.5E-4,
telwin,300,298,0,0,2,227756,2277.56,0.006711,
temp,110,110,0,0,0,0,0.00,0.0,
tempish,797,795,0,0,2,8186,81.86,0.002516,
tenda,2004,1993,1,0,10,28914,289.14,0.005018,10.0
teorema,269,269,0,0,0,0,0.00,0.0,
teosa,10561,10490,0,0,71,327696,3276.96,0.006768,
teplokryma,45,45,0,0,0,0,0.00,0.0,
teploross,6187,6018,98,0,71,1859128,18591.28,0.011798,0.72449
terra,1030,1021,0,0,9,116233,1162.33,0.008815,
terris,2350,2322,0,0,28,83015,830.15,0.012059,
teslastyle,56,56,0,0,0,0,0.00,0.0,
tesler,430,427,0,0,3,23088,230.88,0.007026,
tesma,25,25,0,0,0,0,0.00,0.0,
tesoro,4236,4231,0,0,5,25110,251.10,0.001182,
texet,40092,38946,592,0,554,1381920,13819.20,0.014225,0.935811
textura,252,252,0,0,0,0,0.00,0.0,
teyko,140,140,0,0,0,0,0.00,0.0,
thermalright,9,9,0,0,0,0,0.00,0.0,
thermaltake,10539,10466,21,0,52,395890,3958.90,0.004968,2.47619
thermex,14044,13513,255,0,276,2919738,29197.38,0.020425,1.082353
thomas,34762,33778,577,0,407,13367207,133672.07,0.012049,0.705373
thor,53,53,0,0,0,0,0.00,0.0,
thorvik,590,588,0,0,2,15136,151.36,0.003401,
three-a,48,48,0,0,0,0,0.00,0.0,
thrustmaster,2993,2959,22,0,12,405481,4054.81,0.004055,0.545455
thule,12275,12145,88,0,42,1017164,10171.64,0.003458,0.477273
tierra,75,75,0,0,0,0,0.00,0.0,
tigar,23496,22977,140,0,379,2778246,27782.46,0.016495,2.707143
tigerking,7,7,0,0,0,0,0.00,0.0,
tigres,31,31,0,0,0,0,0.00,0.0,
tima,600,595,0,0,5,11323,113.23,0.008403,
timbergroup,14,14,0,0,0,0,0.00,0.0,
timberk,17638,17337,22,0,279,1284134,12841.34,0.016093,12.681818
timson,1658,1604,43,0,11,16962,169.62,0.006858,0.255814
tisa,121,121,0,0,0,0,0.00,0.0,
tissot,34456,34305,0,0,151,9582124,95821.24,0.004402,
titan,3517,3486,0,0,31,317615,3176.15,0.008893,
tizo,199,196,0,0,3,3528,35.28,0.015306,
tl,6,6,0,0,0,0,0.00,0.0,
tmnt,209,208,0,0,1,4630,46.30,0.004808,
to-plan,1,1,0,0,0,0,0.00,0.0,
tobot,435,432,0,0,3,10509,105.09,0.006944,
tognana,1766,1766,0,0,0,0,0.00,0.0,
tokler,317,310,0,0,7,81070,810.70,0.022581,
tokuryo,60,60,0,0,0,0,0.00,0.0,
tomahawk,13500,13407,0,0,93,938380,9383.80,0.006937,
tomfarr,24429,24384,0,0,45,702255,7022.55,0.001845,
tomoloo,11,11,0,0,0,0,0.00,0.0,
tonar,127,127,0,0,0,0,0.00,0.0,
tontarelli,64,64,0,0,0,0,0.00,0.0,
tonybellucci,43,43,0,0,0,0,0.00,0.0,
toocool,119,119,0,0,0,0,0.00,0.0,
tools,263,263,0,0,0,0,0.00,0.0,
topex,116,116,0,0,0,0,0.00,0.0,
topface,1631,1614,0,0,17,5663,56.63,0.010533,
topicrem,712,707,0,0,5,7206,72.06,0.007072,
torgue,93,93,0,0,0,0,0.00,0.0,
tornado,4,4,0,0,0,0,0.00,0.0,
torneo,8,8,0,0,0,0,0.00,0.0,
toro,7844,7630,135,0,79,105163,1051.63,0.010354,0.585185
torrent,9963,9808,73,0,82,777795,7777.95,0.008361,1.123288
torres,140,140,0,0,0,0,0.00,0.0,
torso,50,50,0,0,0,0,0.00,0.0,
toscom,40,40,0,0,0,0,0.00,0.0,
toshiba,20798,20401,152,0,245,5824982,58249.82,0.012009,1.611842
totaku,55,55,0,0,0,0,0.00,0.0,
total,21179,20535,426,0,218,805083,8050.83,0.010616,0.511737
totalbox,20,20,0,0,0,0,0.00,0.0,
totu,1,1,0,0,0,0,0.00,0.0,
touchbeauty,1880,1876,0,0,4,10346,103.46,0.002132,
tourist,60,60,0,0,0,0,0.00,0.0,
tous,176,176,0,0,0,0,0.00,0.0,
toway,604,572,0,0,32,838528,8385.28,0.055944,
toyland,148,148,0,0,0,0,0.00,0.0,
toyo,17510,17112,45,0,353,3191835,31918.35,0.020629,7.844444
toyota,8911,8829,18,0,64,662785,6627.85,0.007249,3.555556
toysmax,118,117,0,0,1,5985,59.85,0.008547,
tp-link,57919,55928,1116,0,875,5782581,57825.81,0.015645,0.78405
tpmaster,52,51,0,0,1,2059,20.59,0.019608,
tracker,56,56,0,0,0,0,0.00,0.0,
tradiciatekstila,5,5,0,0,0,0,0.00,0.0,
tramontina,26,26,0,0,0,0,0.00,0.0,
transcend,38783,36846,1161,0,776,3465740,34657.40,0.021061,0.668389
transformers,141,139,2,0,0,0,0.00,0.0,0.0
traser,639,639,0,0,0,0,0.00,0.0,
travelite,1625,1605,0,0,20,230635,2306.35,0.012461,
travellight,340,336,0,0,4,19434,194.34,0.011905,
trazano,100,100,0,0,0,0,0.00,0.0,
trebl,28084,27816,0,0,268,1880607,18806.07,0.009635,
trefl,93,93,0,0,0,0,0.00,0.0,
trek,2592,2588,0,0,4,245283,2452.83,0.001546,
trendbeauty,33,32,0,0,1,798,7.98,0.03125,
trendvision,132,132,0,0,0,0,0.00,0.0,
trendy,51,51,0,0,0,0,0.00,0.0,
trespass,275,273,0,0,2,952,9.52,0.007326,
triangle,212952,206560,557,0,5835,28855038,288550.38,0.028248,10.475763
trianglegroup,82,79,0,0,3,22935,229.35,0.037975,
trinx,3549,3520,0,0,29,545963,5459.63,0.008239,
tripplite,4,4,0,0,0,0,0.00,0.0,
tristar,8056,7985,25,0,46,141327,1413.27,0.005761,1.84
triton,5644,5621,0,0,23,616340,6163.40,0.004092,
triumphtree,6,6,0,0,0,0,0.00,0.0,
trollbeads,13427,13412,0,0,15,149244,1492.44,0.001118,
troyka,1770,1701,48,0,21,24420,244.20,0.012346,0.4375
trussardi,2564,2523,0,0,41,238258,2382.58,0.01625,
trust,14934,14697,117,0,120,619902,6199.02,0.008165,1.025641
tsubaki,532,527,0,0,5,3604,36.04,0.009488,
tsv,18,18,0,0,0,0,0.00,0.0,
tuarex,74,72,0,0,2,10586,105.86,0.027778,
tucano,654,632,11,0,11,42055,420.55,0.017405,1.0
tuffoni,2121,2106,0,0,15,130586,1305.86,0.007123,
tuka,2835,2806,0,0,29,56889,568.89,0.010335,
tuncmatik,119,118,0,0,1,3442,34.42,0.008475,
tundra,1559,1556,0,0,3,14158,141.58,0.001928,
tundracomfort,2,2,0,0,0,0,0.00,0.0,
tunga,56135,54819,77,0,1239,4355443,43554.43,0.022602,16.090909
turbo,9489,9166,218,0,105,628581,6285.81,0.011455,0.481651
turboair,8598,8314,196,0,88,424922,4249.22,0.010585,0.44898
turbosound,181,181,0,0,0,0,0.00,0.0,
tutis,2496,2480,0,0,16,613406,6134.06,0.006452,
tutti,912,906,0,0,6,20076,200.76,0.006623,
tutu,80,80,0,0,0,0,0.00,0.0,
tv-shop,609,600,0,0,9,22932,229.32,0.015,
tvs,61,61,0,0,0,0,0.00,0.0,
twins,990,990,0,0,0,0,0.00,0.0,
twistclimbingcar,10,10,0,0,0,0,0.00,0.0,
ty,1278,1269,0,0,9,5513,55.13,0.007092,
tyr,79,79,0,0,0,0,0.00,0.0,
tyrex,2349,2246,0,0,103,2555756,25557.56,0.045859,
tytan,94,94,0,0,0,0,0.00,0.0,
ubear,14,14,0,0,0,0,0.00,0.0,
ubiquiti,271,271,0,0,0,0,0.00,0.0,
ubisoft,6240,6111,50,0,79,250707,2507.07,0.012928,1.58
ubtech,1,1,0,0,0,0,0.00,0.0,
ugreen,1068,1060,0,0,8,12708,127.08,0.007547,
ultraflash,715,705,5,0,5,5766,57.66,0.007092,1.0
ultrasone,5,5,0,0,0,0,0.00,0.0,
ultravit,71,69,0,0,2,2548,25.48,0.028986,
umi,3724,3640,57,0,27,1424450,14244.50,0.007418,0.473684
uniforce,200,198,0,0,2,3294,32.94,0.010101,
unikum,39,36,0,0,3,38610,386.10,0.083333,
unilux,7566,7513,0,0,53,2776437,27764.37,0.007054,
unison,142,141,0,0,1,2368,23.68,0.007092,
unit,9502,9345,9,0,148,322568,3225.68,0.015837,16.444444
uno,3801,3716,50,0,35,2256386,22563.86,0.009419,0.7
uomo,122,122,0,0,0,0,0.00,0.0,
upright,407,403,0,0,4,8822,88.22,0.009926,
uragan,798,762,0,0,36,139932,1399.32,0.047244,
urbanears,102,102,0,0,0,0,0.00,0.0,
urgaz,116,115,0,0,1,27800,278.00,0.008696,
usams,7431,7357,1,0,73,353279,3532.79,0.009923,73.0
usborne,39,39,0,0,0,0,0.00,0.0,
useandcare,6,6,0,0,0,0,0.00,0.0,
uta,20,20,0,0,0,0,0.00,0.0,
uvelirnyetradicii,58,55,0,0,3,4080,40.80,0.054545,
v-color,10,10,0,0,0,0,0.00,0.0,
v-t,34,34,0,0,0,0,0.00,0.0,
v-unic,41,41,0,0,0,0,0.00,0.0,
vaiper,52,52,0,0,0,0,0.00,0.0,
vako,655,653,0,0,2,14191,141.91,0.003063,
valentino,414,404,0,0,10,76730,767.30,0.024752,
value,259,259,0,0,0,0,0.00,0.0,
valve,19,19,0,0,0,0,0.00,0.0,
vans,1335,1334,0,0,1,9756,97.56,7.5E-4,
vard,10,10,0,0,0,0,0.00,0.0,
vardoven,173,168,0,0,5,314038,3140.38,0.029762,
vargame,11,11,0,0,0,0,0.00,0.0,
vari,75,75,0,0,0,0,0.00,0.0,
varta,12075,11867,2,0,206,2436426,24364.26,0.017359,103.0
vasco,10,10,0,0,0,0,0.00,0.0,
vasilisa,7,7,0,0,0,0,0.00,0.0,
vasin,50,50,0,0,0,0,0.00,0.0,
vaude,227,227,0,0,0,0,0.00,0.0,
vectron,1212,1207,0,0,5,167185,1671.85,0.004143,
vega,49212,48920,0,0,292,740535,7405.35,0.005969,
vegas,36223,35896,0,0,327,6594324,65943.24,0.00911,
veho,4025,4004,0,0,21,26650,266.50,0.005245,
vellarti,11,11,0,0,0,0,0.00,0.0,
velvet,10,10,0,0,0,0,0.00,0.0,
venta,805,802,0,0,3,118384,1183.84,0.003741,
ventara,649,649,0,0,0,0,0.00,0.0,
venti,216,215,0,0,1,20593,205.93,0.004651,
ventura,124,121,0,0,3,119054,1190.54,0.024793,
verbatim,1131,1113,5,0,13,63891,638.91,0.01168,2.6
verdi,111,111,0,0,0,0,0.00,0.0,
verico,6,6,0,0,0,0,0.00,0.0,
veritas,794,774,9,0,11,173220,1732.20,0.014212,1.222222
verloni,3995,3964,18,0,13,72052,720.52,0.00328,0.722222
verossa,493,489,0,0,4,12870,128.70,0.00818,
verran,57,57,0,0,0,0,0.00,0.0,
versace,26586,25831,270,0,485,5152147,51521.47,0.018776,1.796296
versal,3,3,0,0,0,0,0.00,0.0,
versus,496,493,0,0,3,87083,870.83,0.006085,
vertex,1069,1069,0,0,0,0,0.00,0.0,
ves,465,462,0,0,3,5793,57.93,0.006494,
vesna,2,2,0,0,0,0,0.00,0.0,
vestel,3050,3010,0,0,40,1405763,14057.63,0.013289,
veston,4502,4450,0,0,52,209026,2090.26,0.011685,
vgp,16,16,0,0,0,0,0.00,0.0,
viatti,92648,90000,494,0,2154,9674196,96741.96,0.023933,4.360324
vibe,388,385,0,0,3,24427,244.27,0.007792,
vichy,7063,6993,0,0,70,160991,1609.91,0.01001,
victorinox,1760,1753,0,0,7,22343,223.43,0.003993,
viessmann,464,462,0,0,2,186818,1868.18,0.004329,
viewsonic,1964,1925,29,0,10,400242,4002.42,0.005195,0.344828
vigoole,1,1,0,0,0,0,0.00,0.0,
vihr,3411,3264,102,0,45,165817,1658.17,0.013787,0.441176
viking,2165,2161,0,0,4,181626,1816.26,0.001851,
vilia,20,20,0,0,0,0,0.00,0.0,
villa,5,5,0,0,0,0,0.00,0.0,
vilt,9,9,0,0,0,0,0.00,0.0,
vim-art,10,10,0,0,0,0,0.00,0.0,
vinzer,6038,5976,23,0,39,202262,2022.62,0.006526,1.695652
vionne,14,13,0,0,1,384,3.84,0.076923,
vip,163,162,0,0,1,1537,15.37,0.006173,
vipe,871,871,0,0,0,0,0.00,0.0,
vira,8,8,0,0,0,0,0.00,0.0,
visavis,2,2,0,0,0,0,0.00,0.0,
vissol,51,51,0,0,0,0,0.00,0.0,
vista,24,24,0,0,0,0,0.00,0.0,
vita,24,24,0,0,0,0,0.00,0.0,
vitaluce,660,658,0,0,2,2208,22.08,0.00304,
vitax,4,4,0,0,0,0,0.00,0.0,
vitebskiekovry,1027,1025,0,0,2,13668,136.68,0.001951,
vitek,237162,228474,4581,0,4107,16709865,167098.65,0.017976,0.896529
vitelia,27,27,0,0,0,0,0.00,0.0,
vitesse,77,77,0,0,0,0,0.00,0.0,
vitra,296,296,0,0,0,0,0.00,0.0,
vitross,8,8,0,0,0,0,0.00,0.0,
viviennesabo,115,113,0,0,2,330,3.30,0.017699,
vivitek,643,643,0,0,0,0,0.00,0.0,
vivo,113205,108180,3000,0,2025,49567860,495678.60,0.018719,0.675
vladi,2690,2677,0,0,13,43557,435.57,0.004856,
vladitoys,28,28,0,0,0,0,0.00,0.0,
vlk,131,130,0,0,1,1696,16.96,0.007692,
vmv,242,241,0,0,1,2571,25.71,0.004149,
vobix,274,273,1,0,0,0,0.00,0.0,0.0
voda,24,24,0,0,0,0,0.00,0.0,
voin,8,8,0,0,0,0,0.00,0.0,
vokter,32,32,0,0,0,0,0.00,0.0,
vokul,107,105,0,0,2,16422,164.22,0.019048,
volcano,101,101,0,0,0,0,0.00,0.0,
volkl,242,242,0,0,0,0,0.00,0.0,
volta,6623,6394,32,0,197,923660,9236.60,0.03081,6.15625
voltman,6435,6265,0,0,170,1381777,13817.77,0.027135,
voltmaster,450,444,0,0,6,60767,607.67,0.013514,
vorson,1,1,0,0,0,0,0.00,0.0,
vortex,46,46,0,0,0,0,0.00,0.0,
vossen,1128,1128,0,0,0,0,0.00,0.0,
vov,10,10,0,0,0,0,0.00,0.0,
vox,26,26,0,0,0,0,0.00,0.0,
voyager,13,13,0,0,0,0,0.00,0.0,
vplaboratory,4,4,0,0,0,0,0.00,0.0,
vt,60,60,0,0,0,0,0.00,0.0,
vtech,700,697,0,0,3,17401,174.01,0.004304,
vulli,441,439,0,0,2,6328,63.28,0.004556,
w-star,1145,1128,0,0,17,109186,1091.86,0.015071,
wacom,6728,6507,129,0,92,1304551,13045.51,0.014139,0.713178
wader,5,5,0,0,0,0,0.00,0.0,
wagner,1896,1873,0,0,23,864349,8643.49,0.01228,
wahl,970,961,0,0,9,75430,754.30,0.009365,
walfix,2366,2351,1,0,14,20706,207.06,0.005955,14.0
wallberry,3473,3454,0,0,19,23238,232.38,0.005501,
wangfeng,215,214,0,0,1,4373,43.73,0.004673,
warmic,9,9,0,0,0,0,0.00,0.0,
waspo,899,897,0,0,2,8238,82.38,0.00223,
waterpik,1174,1169,0,0,5,84220,842.20,0.004277,
waterworld,18,18,0,0,0,0,0.00,0.0,
weber,22,22,0,0,0,0,0.00,0.0,
weber-vetonit,41,41,0,0,0,0,0.00,0.0,
weekend,11243,11241,0,0,2,129733,1297.33,1.78E-4,
wehncke,476,476,0,0,0,0,0.00,0.0,
weichao,11,11,0,0,0,0,0.00,0.0,
weider,73,72,0,0,1,1287,12.87,0.013889,
weifeng,1488,1460,0,0,28,46844,468.44,0.019178,
weina,66,66,0,0,0,0,0.00,0.0,
welcos,1,1,0,0,0,0,0.00,0.0,
wella,110,109,0,0,1,2831,28.31,0.009174,
wellberg,4668,4629,0,0,39,87513,875.13,0.008425,
welldone,6,6,0,0,0,0,0.00,0.0,
welly,14064,13971,0,0,93,82466,824.66,0.006657,
welss,2895,2867,17,0,11,74878,748.78,0.003837,0.647059
wenge,3751,3720,0,0,31,80568,805.68,0.008333,
wengemotion,17,17,0,0,0,0,0.00,0.0,
wensheng,6,6,0,0,0,0,0.00,0.0,
wenyi,113,112,0,0,1,1071,10.71,0.008929,
wera,7084,7084,0,0,0,0,0.00,0.0,
werner,71,71,0,0,0,0,0.00,0.0,
wert,271,271,0,0,0,0,0.00,0.0,
wess,419,405,0,0,14,4676,46.76,0.034568,
westa,1523,1503,0,0,20,143862,1438.62,0.013307,
wester,237,237,0,0,0,0,0.00,0.0,
westerndigital,18,18,0,0,0,0,0.00,0.0,
westlake,5,5,0,0,0,0,0.00,0.0,
westmark,61,61,0,0,0,0,0.00,0.0,
westone,104,104,0,0,0,0,0.00,0.0,
wethepeople,1919,1911,6,0,2,70736,707.36,0.001047,0.333333
whirlpool,6922,6864,27,0,31,1625869,16258.69,0.004516,1.148148
whistler,676,669,0,0,7,34237,342.37,0.010463,
wibtek,11,11,0,0,0,0,0.00,0.0,
willmark,18939,18520,80,0,339,714304,7143.04,0.018305,4.2375
willmax,132,132,0,0,0,0,0.00,0.0,
wilmax,25,25,0,0,0,0,0.00,0.0,
wilo,529,527,0,0,2,83168,831.68,0.003795,
wilson,641,639,0,0,2,8595,85.95,0.00313,
winca,3882,3866,0,0,16,626270,6262.70,0.004139,
wincars,553,552,0,0,1,4270,42.70,0.001812,
wind,12,12,0,0,0,0,0.00,0.0,
winda,70,70,0,0,0,0,0.00,0.0,
wing,45,45,0,0,0,0,0.00,0.0,
wingo,495,490,0,0,5,100390,1003.90,0.010204,
wingoffly,20870,20418,185,0,267,3094273,30942.73,0.013077,1.443243
wintek,254,254,0,0,0,0,0.00,0.0,
withings,327,327,0,0,0,0,0.00,0.0,
wize,5,5,0,0,0,0,0.00,0.0,
wk,374,373,0,0,1,515,5.15,0.002681,
wltoys,41,41,0,0,0,0,0.00,0.0,
woddon,308,308,0,0,0,0,0.00,0.0,
wolf,26,26,0,0,0,0,0.00,0.0,
wonderlab,1179,1161,0,0,18,16721,167.21,0.015504,
wonlex,37127,36449,276,0,402,1337401,13374.01,0.011029,1.456522
work,50,50,0,0,0,0,0.00,0.0,
wortex,1249,1243,0,0,6,35044,350.44,0.004827,
worth,37,37,0,0,0,0,0.00,0.0,
worwo,74,73,0,0,1,3073,30.73,0.013699,
wowwee,559,559,0,0,0,0,0.00,0.0,
wsp,63,62,0,0,1,38611,386.11,0.016129,
wster,2097,2068,0,0,29,104762,1047.62,0.014023,
wtflabz,34,32,0,0,2,5946,59.46,0.0625,
wuben,92,92,0,0,0,0,0.00,0.0,
wurth,1061,1053,0,0,8,23192,231.92,0.007597,
wuw,944,943,0,0,1,309,3.09,0.00106,
ww,493,487,0,0,6,8737,87.37,0.01232,
x-digital,106,106,0,0,0,0,0.00,0.0,
x-game,19600,19213,176,0,211,631845,6318.45,0.010982,1.198864
x-level,2367,2352,8,0,7,10793,107.93,0.002976,0.875
x-race,797,790,0,0,7,187598,1875.98,0.008861,
xerox,5253,5186,1,0,66,889678,8896.78,0.012727,66.0
xgimi,790,763,20,0,7,642841,6428.41,0.009174,0.35
xiaomi,3083763,2922650,104497,0,56616,919403329,9194033.29,0.019371,0.541795
xiaoyueliangtoys,3,3,0,0,0,0,0.00,0.0,
xieming,144,144,0,0,0,0,0.00,0.0,
xing,3454,3428,0,0,26,475758,4757.58,0.007585,
xinyu,419,406,0,0,13,11289,112.89,0.03202,
xp-pen,2694,2626,19,0,49,1258926,12589.26,0.01866,2.578947
xti,10,10,0,0,0,0,0.00,0.0,
xxr,1525,1523,0,0,2,166361,1663.61,0.001313,
yacco,3474,3467,0,0,7,19896,198.96,0.002019,
yamaguchi,876,869,7,0,0,0,0.00,0.0,0.0
yamaha,37876,37458,0,0,418,14294813,142948.13,0.011159,
yamato,2029,2016,0,0,13,350801,3508.01,0.006448,
yaole,2,2,0,0,0,0,0.00,0.0,
yardforce,19,19,0,0,0,0,0.00,0.0,
yasham,94,94,0,0,0,0,0.00,0.0,
yasin,45635,45039,18,0,578,14472817,144728.17,0.012833,32.111111
yato,4480,4456,0,0,24,195195,1951.95,0.005386,
yegam,239,237,0,0,2,583,5.83,0.008439,
yellow,6,6,0,0,0,0,0.00,0.0,
yema,5699,5695,0,0,4,19460,194.60,7.02E-4,
yes,19,19,0,0,0,0,0.00,0.0,
yh,189,188,0,0,1,10294,102.94,0.005319,
yika,330,327,0,0,3,16218,162.18,0.009174,
yison,1,1,0,0,0,0,0.00,0.0,
yokatta,218,217,0,0,1,34338,343.38,0.004608,
yokohama,115014,110521,1758,0,2735,23725795,237257.95,0.024746,1.555745
yokosun,3,3,0,0,0,0,0.00,0.0,
yoobao,1,1,0,0,0,0,0.00,0.0,
yota,114,108,0,0,6,17246,172.46,0.055556,
yotrix,57,57,0,0,0,0,0.00,0.0,
yoya,2977,2945,8,0,24,188878,1888.78,0.008149,3.0
yoyofactory,9,9,0,0,0,0,0.00,0.0,
yst,21,21,0,0,0,0,0.00,0.0,
yuandong,179,178,0,0,1,35329,353.29,0.005618,
yuka,37,37,0,0,0,0,0.00,0.0,
yulu,170,170,0,0,0,0,0.00,0.0,
yuneec,2,2,0,0,0,0,0.00,0.0,
yunteng,510,506,0,0,4,18327,183.27,0.007905,
yusufhali,206,205,0,0,1,26487,264.87,0.004878,
yvesrocher,107,107,0,0,0,0,0.00,0.0,
zabiaka,5,5,0,0,0,0,0.00,0.0,
zadoor,375,375,0,0,0,0,0.00,0.0,
zalman,2399,2387,0,0,12,53591,535.91,0.005027,
zancaster,4,4,0,0,0,0,0.00,0.0,
zangavar,9,9,0,0,0,0,0.00,0.0,
zanussi,2480,2456,12,0,12,255317,2553.17,0.004886,1.0
zapco,232,229,0,0,3,78509,785.09,0.0131,
zara,110,109,0,0,1,925,9.25,0.009174,
zarkoperfume,30,30,0,0,0,0,0.00,0.0,
zass,6,6,0,0,0,0,0.00,0.0,
zazu,1,1,0,0,0,0,0.00,0.0,
zebratoys,1127,1127,0,0,0,0,0.00,0.0,
zeetex,1268,1248,0,0,20,111546,1115.46,0.016026,
zegan,64,62,0,0,2,6430,64.30,0.032258,
zelmer,4964,4908,3,0,53,252387,2523.87,0.010799,17.666667
zemex,2481,2467,6,0,8,67146,671.46,0.003243,1.333333
zengen,595,595,0,0,0,0,0.00,0.0,
zenmart,57,56,0,0,1,9447,94.47,0.017857,
zenzia,1,1,0,0,0,0,0.00,0.0,
zeppelin,3230,3196,0,0,34,365619,3656.19,0.010638,
zerten,179,179,0,0,0,0,0.00,0.0,
zeta,74793,72287,1624,0,882,6243889,62438.89,0.012201,0.543103
zfts,123,123,0,0,0,0,0.00,0.0,
zhejiang,10,8,0,0,2,10034,100.34,0.25,
zhejiangjiajia,10,10,0,0,0,0,0.00,0.0,
zic,1075,1070,0,0,5,9782,97.82,0.004673,
zilli,15,15,0,0,0,0,0.00,0.0,
zilmer,351,348,1,0,2,5766,57.66,0.005747,2.0
zinc,514,513,0,0,1,2441,24.41,0.001949,
zing,105,103,0,0,2,2054,20.54,0.019417,
zinvo,83,83,0,0,0,0,0.00,0.0,
zlatek,10042,9718,189,0,135,676342,6763.42,0.013892,0.714286
zmi,133,133,0,0,0,0,0.00,0.0,
zobo,3,3,0,0,0,0,0.00,0.0,
zolotoeruno,64,64,0,0,0,0,0.00,0.0,
zongshen,533,531,0,0,2,81300,813.00,0.003766,
zoom,455,454,0,0,1,16731,167.31,0.002203,
zoops,54,54,0,0,0,0,0.00,0.0,
zorg,118,118,0,0,0,0,0.00,0.0,
zotac,584,579,1,0,4,27943,279.43,0.006908,4.0
zpao,6,6,0,0,0,0,0.00,0.0,
zte,10762,10376,213,0,173,1362387,13623.87,0.016673,0.812207
zubr,1540,1526,0,0,14,65905,659.05,0.009174,
zuru,80,78,0,0,2,2568,25.68,0.025641,
zvezda,25,25,0,0,0,0,0.00,0.0,
zyxel,342,342,0,0,0,0,0.00,0.0,
