brand,events,views,carts,removes,purchases,revenue_minor,revenue,view_to_purchase,cart_to_purchase
__UNKNOWN__,612424,604799,1827,0,5798,86474162,864741.62,0.009587,3.173508
a-case,675,668,1,0,6,3075,30.75,0.008982,6.0
a-derma,30,30,0,0,0,0,0.00,0.0,
a-elita,26,26,0,0,0,0,0.00,0.0,
a-mega,41,40,0,0,1,6693,66.93,0.025,
aardwolf,2,2,0,0,0,0,0.00,0.0,
abk,16,16,0,0,0,0,0.00,0.0,
abtoys,60,59,0,0,1,4631,46.31,0.016949,
academie,7,7,0,0,0,0,0.00,0.0,
accord,10,10,0,0,0,0,0.00,0.0,
accumaster,6,6,0,0,0,0,0.00,0.0,
acd,3,3,0,0,0,0,0.00,0.0,
acebeam,6,6,0,0,0,0,0.00,0.0,
acer,42853,41182,984,0,687,34413546,344135.46,0.016682,0.698171
aces,19,19,0,0,0,0,0.00,0.0,
achilles,158,157,0,0,1,6487,64.87,0.006369,
acm,77,77,0,0,0,0,0.00,0.0,
acme,1346,1340,0,0,6,17321,173.21,0.004478,
acqua,13,13,0,0,0,0,0.00,0.0,
acron,5,5,0,0,0,0,0.00,0.0,
activision,324,318,4,0,2,9780,97.80,0.006289,0.5
acuvue,214,210,0,0,4,9139,91.39,0.019048,
acv,65,65,0,0,0,0,0.00,0.0,
adagio,2,2,0,0,0,0,0.00,0.0,
adam,11,11,0,0,0,0,0.00,0.0,
adamas,18,18,0,0,0,0,0.00,0.0,
adamex,584,577,0,0,7,209015,2090.15,0.012132,
adata,449,433,6,0,10,55910,559.10,0.023095,1.666667
addlink,8,7,0,0,1,589,5.89,0.142857,
adel,5,5,0,0,0,0,0.00,0.0,
adelline,78,77,0,0,1,1153,11.53,0.012987,
adidas,3021,3010,0,0,11,62726,627.26,0.003654,
adil,1034,1015,4,0,15,171824,1718.24,0.014778,3.75
adile,238,234,0,0,4,26772,267.72,0.017094,
admira,195,184,7,0,4,62911,629.11,0.021739,0.571429
adriatica,445,444,0,0,1,18327,183.27,0.002252,
advan,34,33,0,0,1,66926,669.26,0.030303,
aeg,414,406,0,0,8,37397,373.97,0.019704,
aeolus,164,157,0,0,7,122756,1227.56,0.044586,
aero,422,420,0,0,2,24453,244.53,0.004762,
aerocool,2913,2869,20,0,24,152495,1524.95,0.008365,1.2
aeroforce,4623,4590,9,0,24,368939,3689.39,0.005229,2.666667
aerosystem,39,39,0,0,0,0,0.00,0.0,
afnan,269,268,0,0,1,5141,51.41,0.003731,
afox,61,61,0,0,0,0,0.00,0.0,
ag,49,49,0,0,0,0,0.00,0.0,
agatharuizdelaprada,33,33,0,0,0,0,0.00,0.0,
agl,706,706,0,0,0,0,0.00,0.0,
agness,716,708,0,0,8,28399,283.99,0.011299,
agrimotor,1,1,0,0,0,0,0.00,0.0,
agu,58,54,2,0,2,18528,185.28,0.037037,1.0
aiken,7,7,0,0,0,0,0.00,0.0,
aileron,14,14,0,0,0,0,0.00,0.0,
aimoto,2242,2181,34,0,27,145322,1453.22,0.01238,0.794118
air-cool,167,165,1,0,1,1844,18.44,0.006061,1.0
airline,122,122,0,0,0,0,0.00,0.0,
airmax,3,3,0,0,0,0,0.00,0.0,
airwheel,83,82,1,0,0,0,0.00,0.0,0.0
aivengo,260,260,0,0,0,0,0.00,0.0,
akai,263,259,0,0,4,44567,445.67,0.015444,
akel,4,4,0,0,0,0,0.00,0.0,
akg,85,82,0,0,3,70477,704.77,0.036585,
akom,900,875,0,0,25,173234,1732.34,0.028571,
akpo,275,273,0,0,2,22642,226.42,0.007326,
aksion,4,4,0,0,0,0,0.00,0.0,
akvafor,3,3,0,0,0,0,0.00,0.0,
akvarel,5,5,0,0,0,0,0.00,0.0,
akvaton,568,567,0,0,1,7261,72.61,0.001764,
al-ko,63,63,0,0,0,0,0.00,0.0,
alaia,8,7,0,0,1,5792,57.92,0.142857,
alaskaoriginale,2,2,0,0,0,0,0.00,0.0,
alavann,16,16,0,0,0,0,0.00,0.0,
alca,117,117,0,0,0,0,0.00,0.0,
alcasta,451,449,0,0,2,40670,406.70,0.004454,
alcon,155,155,0,0,0,0,0.00,0.0,
alctron,37,37,0,0,0,0,0.00,0.0,
aldit,2,2,0,0,0,0,0.00,0.0,
alerana,50,49,0,0,1,618,6.18,0.020408,
alesis,1136,1121,0,0,15,399719,3997.19,0.013381,
aletant,1,1,0,0,0,0,0.00,0.0,
alex,9,9,0,0,0,0,0.00,0.0,
alexandre.j,31,30,0,0,1,9626,96.26,0.033333,
alexika,51,51,0,0,0,0,0.00,0.0,
alfa,8,8,0,0,0,0,0.00,0.0,
algotherm,46,46,0,0,0,0,0.00,0.0,
alilo,57,55,0,0,2,10708,107.08,0.036364,
alinex,11,11,0,0,0,0,0.00,0.0,
alis,1286,1270,8,0,8,77688,776.88,0.006299,1.0
alkor,259,255,0,0,4,123337,1233.37,0.015686,
alligator,285,285,0,0,0,0,0.00,0.0,
allocacoc,19,19,0,0,0,0,0.00,0.0,
allvega,38,38,0,0,0,0,0.00,0.0,
almacom,2564,2534,7,0,23,204536,2045.36,0.009077,3.285714
almada,16,16,0,0,0,0,0.00,0.0,
alondra,7,7,0,0,0,0,0.00,0.0,
alphaline,47,47,0,0,0,0,0.00,0.0,
alphard,2211,2196,0,0,15,181150,1811.50,0.006831,
alpicool,132,131,0,0,1,66878,668.78,0.007634,
alpika,61,61,0,0,0,0,0.00,0.0,
alpina,518,516,0,0,2,44016,440.16,0.003876,
alpine,4064,4030,6,0,28,393752,3937.52,0.006948,4.666667
alser,161,160,1,0,0,0,0.00,0.0,0.0
altacto,11,11,0,0,0,0,0.00,0.0,
altair,105,105,0,0,0,0,0.00,0.0,
alteco,5296,5222,21,0,53,264845,2648.45,0.010149,2.52381
altenzo,112,110,0,0,2,14456,144.56,0.018182,
alterna,19,19,0,0,0,0,0.00,0.0,
altinbasak,85,85,0,0,0,0,0.00,0.0,
alumet,3,3,0,0,0,0,0.00,0.0,
alutec,277,276,0,0,1,37067,370.67,0.003623,
alvarez,3,3,0,0,0,0,0.00,0.0,
alvitek,437,431,0,0,6,24712,247.12,0.013921,
am.pm,114,114,0,0,0,0,0.00,0.0,
amalbooks,31,29,0,0,2,2316,23.16,0.068966,
amarobaby,8,8,0,0,0,0,0.00,0.0,
amazon,583,579,0,0,4,55620,556.20,0.006908,
ambition,99,98,0,0,1,695,6.95,0.010204,
amd,1776,1761,3,0,12,206255,2062.55,0.006814,4.0
amefa,27,26,1,0,0,0,0.00,0.0,0.0
amercook,1,1,0,0,0,0,0.00,0.0,
amet,2,2,0,0,0,0,0.00,0.0,
amf,7,7,0,0,0,0,0.00,0.0,
amico,1,1,0,0,0,0,0.00,0.0,
amigami,7,7,0,0,0,0,0.00,0.0,
amos,41,41,0,0,0,0,0.00,0.0,
amouage,146,146,0,0,0,0,0.00,0.0,
ampeg,4,4,0,0,0,0,0.00,0.0,
ampm,1,1,0,0,0,0,0.00,0.0,
ams,341,340,0,0,1,22137,221.37,0.002941,
amtel,80,79,0,0,1,3766,37.66,0.012658,
anesi,4,4,0,0,0,0,0.00,0.0,
anex,387,384,0,0,3,159231,1592.31,0.007813,
annaanna,123,123,0,0,0,0,0.00,0.0,
anon,67,67,0,0,0,0,0.00,0.0,
anreks,2,2,0,0,0,0,0.00,0.0,
anskin,39,37,0,0,2,1158,11.58,0.054054,
ansmann,322,321,0,0,1,770,7.70,0.003115,
ant,44,44,0,0,0,0,0.00,0.0,
anta,78,77,0,0,1,10036,100.36,0.012987,
antec,2,2,0,0,0,0,0.00,0.0,
antika,49,49,0,0,0,0,0.00,0.0,
anytek,885,874,0,0,11,93957,939.57,0.012586,
aoc,603,591,4,0,8,242340,2423.40,0.013536,2.0
aoki,17,17,0,0,0,0,0.00,0.0,
aorus,34,34,0,0,0,0,0.00,0.0,
aoteli,330,324,0,0,6,28176,281.76,0.018519,
apacer,1640,1595,0,0,45,175857,1758.57,0.028213,
apache,170,169,0,0,1,15685,156.85,0.005917,
apart,27,27,0,0,0,0,0.00,0.0,
apc,64,61,1,0,2,3702,37.02,0.032787,2.0
apex,28,28,0,0,0,0,0.00,0.0,
aplus,249,248,0,0,1,5792,57.92,0.004032,
apollo,563,544,12,0,7,11311,113.11,0.012868,0.583333
apple,412018,376956,20867,0,14195,1097862070,10978620.70,0.037657,0.680261
appollo,297,297,0,0,0,0,0.00,0.0,
aqua,1542,1485,40,0,17,55853,558.53,0.011448,0.425
aquamarine,1096,1084,0,0,12,17993,179.93,0.01107,
aquapick,219,210,4,0,5,38600,386.00,0.02381,1.25
aquatic,36,36,0,0,0,0,0.00,0.0,
aquavis,27,27,0,0,0,0,0.00,0.0,
aquilon,4,4,0,0,0,0,0.00,0.0,
ara,83,83,0,0,0,0,0.00,0.0,
ardahali,85,84,0,0,1,50452,504.52,0.011905,
ardell,31,31,0,0,0,0,0.00,0.0,
ardesia,53,53,0,0,0,0,0.00,0.0,
ardoni,4,4,0,0,0,0,0.00,0.0,
arena,230,230,0,0,0,0,0.00,0.0,
arg,4058,3786,182,0,90,1060579,10605.79,0.023772,0.494505
aria,74,71,0,0,3,45361,453.61,0.042254,
ariete,145,144,0,0,1,28517,285.17,0.006944,
ariston,7057,6650,253,0,154,1894025,18940.25,0.023158,0.608696
ark,6,6,0,0,0,0,0.00,0.0,
arkadia,28,28,0,0,0,0,0.00,0.0,
armani,1490,1482,0,0,8,213828,2138.28,0.005398,
armos,21,21,0,0,0,0,0.00,0.0,
arms,8,8,0,0,0,0,0.00,0.0,
armytek,3,3,0,0,0,0,0.00,0.0,
arnica,2129,2098,0,0,31,564133,5641.33,0.014776,
arpenaz,126,125,0,0,1,669,6.69,0.008,
arrivo,103,101,0,0,2,18224,182.24,0.019802,
arsi,211,211,0,0,0,0,0.00,0.0,
art-visage,94,93,0,0,1,322,3.22,0.010753,
artel,33660,32420,634,0,606,9445290,94452.90,0.018692,0.955836
arteolfatto,2,2,0,0,0,0,0.00,0.0,
artiny,2,2,0,0,0,0,0.00,0.0,
artmusical,1416,1411,0,0,5,73617,736.17,0.003544,
artplays,1,1,0,0,0,0,0.00,0.0,
arturia,4,4,0,0,0,0,0.00,0.0,
artway,43,43,0,0,0,0,0.00,0.0,
arua,1084,1081,0,0,3,11499,114.99,0.002775,
ascoli,1,1,0,0,0,0,0.00,0.0,
asel,2971,2907,0,0,64,361805,3618.05,0.022016,
asics,1418,1409,0,0,9,69317,693.17,0.006388,
askona,2056,2040,0,0,16,246808,2468.08,0.007843,
asm,33,33,0,0,0,0,0.00,0.0,
asrock,1696,1673,6,0,17,250932,2509.32,0.010161,2.833333
ast,3,3,0,0,0,0,0.00,0.0,
aston,106,106,0,0,0,0,0.00,0.0,
astrid,11,11,0,0,0,0,0.00,0.0,
asus,21640,21259,220,0,161,8068241,80682.41,0.007573,0.731818
asustor,19,19,0,0,0,0,0.00,0.0,
atelier,16,15,0,0,1,6847,68.47,0.066667,
ateliero,6,6,0,0,0,0,0.00,0.0,
aten,17,17,0,0,0,0,0.00,0.0,
atlant,8430,8229,108,0,93,2396294,23962.94,0.011301,0.861111
atlantic,1219,1207,0,0,12,216448,2164.48,0.009942,
atlas,4,4,0,0,0,0,0.00,0.0,
atoll,4,4,0,0,0,0,0.00,0.0,
atomic,26,25,0,0,1,14394,143.94,0.04,
atrai,86,86,0,0,0,0,0.00,0.0,
ats,136,136,0,0,0,0,0.00,0.0,
attribute,67,66,0,0,1,1802,18.02,0.015152,
audac,26,26,0,0,0,0,0.00,0.0,
audio-technica,372,369,1,0,2,14078,140.78,0.00542,2.0
audiotop,2,2,0,0,0,0,0.00,0.0,
audison,380,378,0,0,2,155518,1555.18,0.005291,
aurora,127,126,0,0,1,1339,13.39,0.007937,
ausini,269,266,1,0,2,2569,25.69,0.007519,2.0
author,177,173,2,0,2,38560,385.60,0.011561,1.0
autojet,31,31,0,0,0,0,0.00,0.0,
autoline,85,85,0,0,0,0,0.00,0.0,
autopower,36,35,0,0,1,16989,169.89,0.028571,
autoprofi,493,491,0,0,2,8173,81.73,0.004073,
autovirazh,61,61,0,0,0,0,0.00,0.0,
aux,7,7,0,0,0,0,0.00,0.0,
ava,468,464,0,0,4,21626,216.26,0.008621,
avalon,996,985,3,0,8,385593,3855.93,0.008122,2.666667
avaloncarpet,2,2,0,0,0,0,0.00,0.0,
avatar,630,621,0,0,9,92692,926.92,0.014493,
avel,149,148,0,0,1,5534,55.34,0.006757,
avene,185,182,0,0,3,3552,35.52,0.016484,
avengers,3,3,0,0,0,0,0.00,0.0,
avermedia,5,5,0,0,0,0,0.00,0.0,
avina,4,4,0,0,0,0,0.00,0.0,
avis,65,65,0,0,0,0,0.00,0.0,
avizor,73,71,0,0,2,1159,11.59,0.028169,
avs,31,31,0,0,0,0,0.00,0.0,
awei,773,753,4,0,16,28408,284.08,0.021248,4.0
axis,1686,1668,0,0,18,262014,2620.14,0.010791,
axper,623,620,0,0,3,11499,114.99,0.004839,
azzaro,68,65,0,0,3,18380,183.80,0.046154,
b-kids,1,1,0,0,0,0,0.00,0.0,
babolat,21,21,0,0,0,0,0.00,0.0,
baboo,41,40,0,0,1,2571,25.71,0.025,
babor,159,158,0,0,1,10142,101.42,0.006329,
baby,2,2,0,0,0,0,0.00,0.0,
babybotte,252,252,0,0,0,0,0.00,0.0,
babygo,88,87,0,0,1,9524,95.24,0.011494,
babyhit,88,88,0,0,0,0,0.00,0.0,
babykiss,187,185,0,0,2,43760,437.60,0.010811,
babyliss,2962,2860,65,0,37,238663,2386.63,0.012937,0.569231
babylisspro,169,169,0,0,0,0,0.00,0.0,
babylock,87,87,0,0,0,0,0.00,0.0,
babymoov,25,25,0,0,0,0,0.00,0.0,
babyono,54,53,0,0,1,2100,21.00,0.018868,
babys,128,126,0,0,2,8560,85.60,0.015873,
babyswing,9,9,0,0,0,0,0.00,0.0,
babytime,1498,1464,9,0,25,150240,1502.40,0.017077,2.777778
babywood,46,46,0,0,0,0,0.00,0.0,
babyzen,442,438,0,0,4,252260,2522.60,0.009132,
babyzz,95,95,0,0,0,0,0.00,0.0,
baden,12831,12756,0,0,75,477464,4774.64,0.00588,
bafang,199,198,0,0,1,152869,1528.69,0.005051,
baige,80,80,0,0,0,0,0.00,0.0,
bair,1,1,0,0,0,0,0.00,0.0,
bakugan,7,7,0,0,0,0,0.00,0.0,
baldessarini,29,29,0,0,0,0,0.00,0.0,
ballarini,100,97,1,0,2,6079,60.79,0.020619,2.0
ballist-x,1,1,0,0,0,0,0.00,0.0,
ballistix,33,32,0,0,1,11815,118.15,0.03125,
ballu,2406,2364,10,0,32,160140,1601.40,0.013536,3.2
balmain,57,57,0,0,0,0,0.00,0.0,
balta,1528,1528,0,0,0,0,0.00,0.0,
baltekstil,129,129,0,0,0,0,0.00,0.0,
balterio,18,18,0,0,0,0,0.00,0.0,
bambi,19,19,0,0,0,0,0.00,0.0,
bambini,127,126,0,0,1,8281,82.81,0.007937,
bambola,932,922,3,0,7,42933,429.33,0.007592,2.333333
bamboo,9,9,0,0,0,0,0.00,0.0,
banbao,13,13,0,0,0,0,0.00,0.0,
bandai,11,11,0,0,0,0,0.00,0.0,
baratto,165,165,0,0,0,0,0.00,0.0,
barbie,599,596,2,0,1,2803,28.03,0.001678,0.5
bardahl,609,600,0,0,9,23013,230.13,0.015,
barer,13,13,0,0,0,0,0.00,0.0,
barneo,479,470,0,0,9,59920,599.20,0.019149,
barokko,171,169,0,0,2,2569,25.69,0.011834,
bars,2785,2701,0,0,84,579640,5796.40,0.0311,
barty,76,75,0,0,1,4373,43.73,0.013333,
barum,1,1,0,0,0,0,0.00,0.0,
basaran,21,21,0,0,0,0,0.00,0.0,
baseus,1,1,0,0,0,0,0.00,0.0,
basf,9,9,0,0,0,0,0.00,0.0,
basharan,76,74,0,0,2,115524,1155.24,0.027027,
basic,71,70,0,0,1,46307,463.07,0.014286,
basik,173,173,0,0,0,0,0.00,0.0,
batiste,1,1,0,0,0,0,0.00,0.0,
batman,1,1,0,0,0,0,0.00,0.0,
battat,2,2,0,0,0,0,0.00,0.0,
battipav,72,71,0,0,1,27156,271.56,0.014085,
baudet,24,24,0,0,0,0,0.00,0.0,
bauer,437,428,0,0,9,68497,684.97,0.021028,
bayer,6,6,0,0,0,0,0.00,0.0,
bayerlux,2,2,0,0,0,0,0.00,0.0,
baymak,1,1,0,0,0,0,0.00,0.0,
bazhou,65,65,0,0,0,0,0.00,0.0,
bbk,232,231,1,0,0,0,0.00,0.0,0.0
bburago,306,302,2,0,2,3398,33.98,0.006623,1.0
beaba,5,5,0,0,0,0,0.00,0.0,
beanzeez,4,4,0,0,0,0,0.00,0.0,
beats,548,543,3,0,2,33175,331.75,0.003683,0.666667
beautycreations,25,25,0,0,0,0,0.00,0.0,
becker,34,34,0,0,0,0,0.00,0.0,
beeline,69,67,0,0,2,11436,114.36,0.029851,
behringer,190,190,0,0,0,0,0.00,0.0,
beijing,7,7,0,0,0,0,0.00,0.0,
beisier,35,35,0,0,0,0,0.00,0.0,
beko,22176,21246,542,0,388,9424422,94244.22,0.018262,0.715867
bel,6,6,0,0,0,0,0.00,0.0,
bela,70,70,0,0,0,0,0.00,0.0,
belaakalitva,3,3,0,0,0,0,0.00,0.0,
belashoff,529,526,0,0,3,9267,92.67,0.005703,
belcat,16,16,0,0,0,0,0.00,0.0,
belecoo,3883,3814,12,0,57,679716,6797.16,0.014945,4.75
belis,4,4,0,0,0,0,0.00,0.0,
belka,4,4,0,0,0,0,0.00,0.0,
belkin,19,18,1,0,0,0,0.00,0.0,0.0
bellamebel,74,74,0,0,0,0,0.00,0.0,
belletti,9,9,0,0,0,0,0.00,0.0,
bene,1464,1456,1,0,7,16050,160.50,0.004808,7.0
benebaby,96,95,0,0,1,10271,102.71,0.010526,
benq,31,31,0,0,0,0,0.00,0.0,
bentley,9,9,0,0,0,0,0.00,0.0,
berber,27,26,0,0,1,1455,14.55,0.038462,
bergauf,9,9,0,0,0,0,0.00,0.0,
berger,14,14,0,0,0,0,0.00,0.0,
berghoff,1657,1640,12,0,5,49857,498.57,0.003049,0.416667
bergner,825,820,0,0,5,10082,100.82,0.006098,
berkley,42,42,0,0,0,0,0.00,0.0,
berkut,273,273,0,0,0,0,0.00,0.0,
berlingerhaus,106,98,6,0,2,8876,88.76,0.020408,0.333333
bernina,813,802,1,0,10,773625,7736.25,0.012469,10.0
bertoni,1026,1009,5,0,12,68750,687.50,0.011893,2.4
besafe,10,10,0,0,0,0,0.00,0.0,
bessey,17,16,0,0,1,2301,23.01,0.0625,
bestlife,20,19,0,0,1,1030,10.30,0.052632,
bestoy,651,640,0,0,11,64865,648.65,0.017188,
bestway,2192,2180,1,0,11,54095,540.95,0.005046,11.0
besty,163,163,0,0,0,0,0.00,0.0,
bethesda,162,160,0,0,2,4631,46.31,0.0125,
betsy,289,289,0,0,0,0,0.00,0.0,
beurer,76,76,0,0,0,0,0.00,0.0,
beyblade,6,6,0,0,0,0,0.00,0.0,
beyerdynamic,120,120,0,0,0,0,0.00,0.0,
beyonce,20,19,0,0,1,1892,18.92,0.052632,
beyond,336,328,1,0,7,8314,83.14,0.021341,7.0
bfgoodrich,1591,1562,11,0,18,212650,2126.50,0.011524,1.636364
bfz,4,4,0,0,0,0,0.00,0.0,
bibalina,22,22,0,0,0,0,0.00,0.0,
biema,30,30,0,0,0,0,0.00,0.0,
biemmedue,3,3,0,0,0,0,0.00,0.0,
bigben,11,11,0,0,0,0,0.00,0.0,
billi,18,18,0,0,0,0,0.00,0.0,
binatone,11,11,0,0,0,0,0.00,0.0,
bio-oil,9,9,0,0,0,0,0.00,0.0,
bioderma,511,502,0,0,9,12059,120.59,0.017928,
biol,2,2,0,0,0,0,0.00,0.0,
biolane,29,29,0,0,0,0,0.00,0.0,
biomecanics,144,144,0,0,0,0,0.00,0.0,
biostar,80,79,0,0,1,4916,49.16,0.012658,
biotech,235,233,0,0,2,14456,144.56,0.008584,
biovea,15,15,0,0,0,0,0.00,0.0,
birusa,2,2,0,0,0,0,0.00,0.0,
bisou,37,37,0,0,0,0,0.00,0.0,
bissell,97,94,2,0,1,38096,380.96,0.010638,0.5
biwec,121,121,0,0,0,0,0.00,0.0,
bkf,26,26,0,0,0,0,0.00,0.0,
blackberry,410,410,0,0,0,0,0.00,0.0,
blackbox,1,1,0,0,0,0,0.00,0.0,
blackdecker,6,6,0,0,0,0,0.00,0.0,
blackmores,22,22,0,0,0,0,0.00,0.0,
blackvue,211,209,1,0,1,53071,530.71,0.004785,1.0
blam,71,71,0,0,0,0,0.00,0.0,
blanco,69,69,0,0,0,0,0.00,0.0,
blaster,2,2,0,0,0,0,0.00,0.0,
blaumann,10,10,0,0,0,0,0.00,0.0,
blaupunkt,711,675,28,0,8,178363,1783.63,0.011852,0.285714
blenderbottle,38,38,0,0,0,0,0.00,0.0,
blg,6,6,0,0,0,0,0.00,0.0,
bloomsbury,17,17,0,0,0,0,0.00,0.0,
bluedio,19,18,1,0,0,0,0.00,0.0,0.0
blueseven,60,60,0,0,0,0,0.00,0.0,
bluesonic,66,66,0,0,0,0,0.00,0.0,
blumarine,19,19,0,0,0,0,0.00,0.0,
blw,4,4,0,0,0,0,0.00,0.0,
bmw,22,22,0,0,0,0,0.00,0.0,
boccia,1155,1148,0,0,7,80596,805.96,0.006098,
bochetti,99,97,0,0,2,24145,241.45,0.020619,
body-solid,23,23,0,0,0,0,0.00,0.0,
bodysculpture,10,10,0,0,0,0,0.00,0.0,
bogates,4,4,0,0,0,0,0.00,0.0,
bohemia,508,508,0,0,0,0,0.00,0.0,
bohemian,15,15,0,0,0,0,0.00,0.0,
bombbar,38,37,0,0,1,2046,20.46,0.027027,
bombcat,16,16,0,0,0,0,0.00,0.0,
bomberg,27,27,0,0,0,0,0.00,0.0,
bompani,10,10,0,0,0,0,0.00,0.0,
bona,26,26,0,0,0,0,0.00,0.0,
bond,4,4,0,0,0,0,0.00,0.0,
bondibon,1,1,0,0,0,0,0.00,0.0,
boneco,217,213,0,0,4,63441,634.41,0.018779,
bonita,28,28,0,0,0,0,0.00,0.0,
bonvini,15,15,0,0,0,0,0.00,0.0,
borasco,16,16,0,0,0,0,0.00,0.0,
bork,490,486,0,0,4,207460,2074.60,0.00823,
borovici,8,8,0,0,0,0,0.00,0.0,
bosch,55773,54487,727,0,559,11736328,117363.28,0.010259,0.768913
bose,420,416,3,0,1,47746,477.46,0.002404,0.333333
bosher,408,399,0,0,9,195351,1953.51,0.022556,
bosnic,3,3,0,0,0,0,0.00,0.0,
boss,22,22,0,0,0,0,0.00,0.0,
bossh,1,1,0,0,0,0,0.00,0.0,
bot,46,46,0,0,0,0,0.00,0.0,
botas,82,82,0,0,0,0,0.00,0.0,
boto,33,33,0,0,0,0,0.00,0.0,
botticelli,1,1,0,0,0,0,0.00,0.0,
boucheron,11,11,0,0,0,0,0.00,0.0,
bouncin,3,3,0,0,0,0,0.00,0.0,
bourjois,391,383,0,0,8,9590,95.90,0.020888,
bovidix,365,364,0,0,1,636,6.36,0.002747,
boyscout,641,635,2,0,4,5561,55.61,0.006299,2.0
bq,5754,5669,45,0,40,193143,1931.43,0.007056,0.888889
bra,9,9,0,0,0,0,0.00,0.0,
bradex,167,160,2,0,5,14145,141.45,0.03125,2.5
brahner,60,59,0,0,1,8494,84.94,0.016949,
brain,1,1,0,0,0,0,0.00,0.0,
brateck,308,292,14,0,2,5211,52.11,0.006849,0.142857
brauberg,1,1,0,0,0,0,0.00,0.0,
braumauto,3,3,0,0,0,0,0.00,0.0,
braun,10033,9681,175,0,177,1841898,18418.98,0.018283,1.011429
bravat,72,71,0,0,1,15641,156.41,0.014085,
bravis,63,62,0,0,1,1891,18.91,0.016129,
bravo,652,651,0,0,1,2227,22.27,0.001536,
breezeboat,47,46,0,0,1,12552,125.52,0.021739,
bresser,119,119,0,0,0,0,0.00,0.0,
brevi,69,69,0,0,0,0,0.00,0.0,
bridgestone,4215,4072,69,0,74,1126030,11260.30,0.018173,1.072464
brita,6,6,0,0,0,0,0.00,0.0,
briverre,1,1,0,0,0,0,0.00,0.0,
brizoll,58,58,0,0,0,0,0.00,0.0,
bro,46,45,0,0,1,5406,54.06,0.022222,
broomer,538,537,0,0,1,36294,362.94,0.001862,
brother,1260,1227,19,0,14,216211,2162.11,0.01141,0.736842
bruder,786,785,0,0,1,10965,109.65,0.001274,
brumer,53,53,0,0,0,0,0.00,0.0,
brw,17182,17103,0,0,79,1684001,16840.01,0.004619,
bsa-wheels,2,2,0,0,0,0,0.00,0.0,
bsn,402,393,0,0,9,48289,482.89,0.022901,
bts,11587,11505,0,0,82,2201876,22018.76,0.007127,
buderus,192,185,6,0,1,72097,720.97,0.005405,0.166667
bueno,11,11,0,0,0,0,0.00,0.0,
buffalo,19,19,0,0,0,0,0.00,0.0,
bugaboo,49,49,0,0,0,0,0.00,0.0,
bugati,156,156,0,0,0,0,0.00,0.0,
bugatti,104,104,0,0,0,0,0.00,0.0,
buggy,118,118,0,0,0,0,0.00,0.0,
bulgari,609,594,2,0,13,95213,952.13,0.021886,6.5
bulova,21,21,0,0,0,0,0.00,0.0,
bumbleride,248,248,0,0,0,0,0.00,0.0,
burberry,174,170,0,0,4,25454,254.54,0.023529,
burgerschuhe,1818,1813,0,0,5,47904,479.04,0.002758,
burton,166,164,0,0,2,33926,339.26,0.012195,
bushnell,191,190,0,0,1,14927,149.27,0.005263,
bwell,1,1,0,0,0,0,0.00,0.0,
bws,15,15,0,0,0,0,0.00,0.0,
bwt,6,6,0,0,0,0,0.00,0.0,
byintek,284,278,0,0,6,85917,859.17,0.021583,
byredo,87,85,0,0,2,44396,443.96,0.023529,
cablexpert,364,362,1,0,1,7041,70.41,0.002762,1.0
cacharel,140,138,0,0,2,7807,78.07,0.014493,
cadillac,1,1,0,0,0,0,0.00,0.0,
cafemimi,69,68,0,0,1,283,2.83,0.014706,
cailyn,30,30,0,0,0,0,0.00,0.0,
caiman,9,9,0,0,0,0,0.00,0.0,
calgaro,41,41,0,0,0,0,0.00,0.0,
callida,17,17,0,0,0,0,0.00,0.0,
calligrata,34,34,0,0,0,0,0.00,0.0,
calorie,174,173,0,0,1,3309,33.09,0.00578,
calve,131,130,0,0,1,3475,34.75,0.007692,
calvinklein,7,7,0,0,0,0,0.00,0.0,
calypso,22,22,0,0,0,0,0.00,0.0,
cam,58,58,0,0,0,0,0.00,0.0,
camelion,10,10,0,0,0,0,0.00,0.0,
cameo,40,40,0,0,0,0,0.00,0.0,
cameron,23,23,0,0,0,0,0.00,0.0,
campinggaz,8,8,0,0,0,0,0.00,0.0,
camptown,16,16,0,0,0,0,0.00,0.0,
camshel,3,3,0,0,0,0,0.00,0.0,
candide,50,50,0,0,0,0,0.00,0.0,
candy,3122,3025,63,0,34,911424,9114.24,0.01124,0.539683
cannondale,178,177,0,0,1,43733,437.33,0.00565,
canon,7119,6884,118,0,117,6188500,61885.00,0.016996,0.991525
canton,1,1,0,0,0,0,0.00,0.0,
cantra,5099,5072,0,0,27,237905,2379.05,0.005323,
canyon,3025,2937,52,0,36,153620,1536.20,0.012257,0.692308
capanni,1,1,0,0,0,0,0.00,0.0,
capcom,139,134,4,0,1,5663,56.63,0.007463,0.25
capella,24,24,0,0,0,0,0.00,0.0,
caprice,767,763,0,0,4,27723,277.23,0.005242,
caramelia,1587,1563,13,0,11,37760,377.60,0.007038,0.846154
caraya,20,20,0,0,0,0,0.00,0.0,
carcam,5,5,0,0,0,0,0.00,0.0,
carfashion,4231,4187,0,0,44,346821,3468.21,0.010509,
carhome,2,2,0,0,0,0,0.00,0.0,
carlsbad,903,903,0,0,0,0,0.00,0.0,
carlsbro,9,9,0,0,0,0,0.00,0.0,
carmani,10,10,0,0,0,0,0.00,0.0,
carpet,9,9,0,0,0,0,0.00,0.0,
carpisa,82,82,0,0,0,0,0.00,0.0,
carrera,11,11,0,0,0,0,0.00,0.0,
cars,8,8,0,0,0,0,0.00,0.0,
carters,846,841,0,0,5,13284,132.84,0.005945,
cartier,310,309,0,0,1,255528,2555.28,0.003236,
carver,498,494,0,0,4,56629,566.29,0.008097,
carwel,90,87,0,0,3,64661,646.61,0.034483,
casamorati,2,2,0,0,0,0,0.00,0.0,
casela,5,4,0,0,1,3583,35.83,0.25,
casio,25999,25747,6,0,246,2037688,20376.88,0.009555,41.0
casper,658,655,0,0,3,30732,307.32,0.00458,
casta,1,1,0,0,0,0,0.00,0.0,
castelgarden,2,2,0,0,0,0,0.00,0.0,
castorland,80,80,0,0,0,0,0.00,0.0,
castrol,452,449,0,0,3,11275,112.75,0.006682,
cata,47,47,0,0,0,0,0.00,0.0,
catunltd,154,154,0,0,0,0,0.00,0.0,
cavaletto,338,337,0,0,1,14904,149.04,0.002967,
cavanova,14,14,0,0,0,0,0.00,0.0,
cayee,20,20,0,0,0,0,0.00,0.0,
cayin,55,55,0,0,0,0,0.00,0.0,
ccm,111,110,0,0,1,16731,167.31,0.009091,
ceinio,3,3,0,0,0,0,0.00,0.0,
celestron,193,192,0,0,1,30889,308.89,0.005208,
celine,28,28,0,0,0,0,0.00,0.0,
cellio,155,154,0,0,1,3217,32.17,0.006494,
cellucor,24,24,0,0,0,0,0.00,0.0,
cenmax,929,909,12,0,8,55854,558.54,0.008801,0.666667
centara,78,78,0,0,0,0,0.00,0.0,
centurion,778,765,1,0,12,105967,1059.67,0.015686,12.0
ceriotti,1,1,0,0,0,0,0.00,0.0,
cerruti,8,8,0,0,0,0,0.00,0.0,
cersanit,581,575,0,0,6,46071,460.71,0.010435,
certina,456,456,0,0,0,0,0.00,0.0,
cettua,40,40,0,0,0,0,0.00,0.0,
cezaris,91,91,0,0,0,0,0.00,0.0,
chairman,58,58,0,0,0,0,0.00,0.0,
chameleon,326,323,0,0,3,18688,186.88,0.009288,
champion,6,6,0,0,0,0,0.00,0.0,
chanel,1733,1708,0,0,25,427792,4277.92,0.014637,
changerobot,35,35,0,0,0,0,0.00,0.0,
changhong,1660,1605,30,0,25,581788,5817.88,0.015576,0.833333
chaod,2,2,0,0,0,0,0.00,0.0,
char-broil,32,32,0,0,0,0,0.00,0.0,
chariots,6,6,0,0,0,0,0.00,0.0,
chayka,1774,1697,48,0,29,273199,2731.99,0.017089,0.604167
chenri,2,2,0,0,0,0,0.00,0.0,
chic,3,3,0,0,0,0,0.00,0.0,
chicco,4115,4063,28,0,24,283365,2833.65,0.005907,0.857143
chieftec,6,6,0,0,0,0,0.00,0.0,
chigo,45,43,0,0,2,61878,618.78,0.046512,
childhome,41,41,0,0,0,0,0.00,0.0,
chilok,19,19,0,0,0,0,0.00,0.0,
ching-ching,52,52,0,0,0,0,0.00,0.0,
chingching,1,1,0,0,0,0,0.00,0.0,
chloe,239,235,0,0,4,49069,490.69,0.017021,
chopard,45,45,0,0,0,0,0.00,0.0,
christina,139,139,0,0,0,0,0.00,0.0,
chub,10,10,0,0,0,0,0.00,0.0,
chuggington,8,8,0,0,0,0,0.00,0.0,
ciaobimbi,2,2,0,0,0,0,0.00,0.0,
cifyurm,14,14,0,0,0,0,0.00,0.0,
cinemood,39,39,0,0,0,0,0.00,0.0,
circle,15,14,0,0,1,10039,100.39,0.071429,
citilux,11,11,0,0,0,0,0.00,0.0,
citizen,261,259,0,0,2,42626,426.26,0.007722,
cityrover,15,15,0,0,0,0,0.00,0.0,
cityup,93,93,0,0,0,0,0.00,0.0,
clarion,235,233,0,0,2,18018,180.18,0.008584,
classen,48,48,0,0,0,0,0.00,0.0,
clatronic,965,960,3,0,2,6126,61.26,0.002083,0.666667
clevan,1,1,0,0,0,0,0.00,0.0,
clever,18,18,0,0,0,0,0.00,0.0,
cliff,17,17,0,0,0,0,0.00,0.0,
climadiff,15,15,0,0,0,0,0.00,0.0,
cmi,40,40,0,0,0,0,0.00,0.0,
cmt,14,14,0,0,0,0,0.00,0.0,
cnd,245,239,5,0,1,18788,187.88,0.004184,0.2
coballe,645,643,0,0,2,14385,143.85,0.00311,
cobi,57,57,0,0,0,0,0.00,0.0,
cobra,77,76,0,0,1,99846,998.46,0.013158,
coccinelle,135,135,0,0,0,0,0.00,0.0,
cocochoco,19,19,0,0,0,0,0.00,0.0,
cocoonababy,2,2,0,0,0,0,0.00,0.0,
codemasters,14,14,0,0,0,0,0.00,0.0,
coghlans,2,2,0,0,0,0,0.00,0.0,
coleman,325,324,0,0,1,6433,64.33,0.003086,
colgate,44,44,0,0,0,0,0.00,0.0,
collistar,289,286,0,0,3,8371,83.71,0.01049,
coloma,1,1,0,0,0,0,0.00,0.0,
colombo,82,80,0,0,2,8494,84.94,0.025,
colorfix,20,20,0,0,0,0,0.00,0.0,
colorful,39,38,0,0,1,14067,140.67,0.026316,
colourpop,16,16,0,0,0,0,0.00,0.0,
comfee,136,128,7,0,1,10809,108.09,0.007813,0.142857
comforser,1752,1715,0,0,37,213093,2130.93,0.021574,
comfort,38,38,0,0,0,0,0.00,0.0,
comma,52,52,0,0,0,0,0.00,0.0,
compasal,121,119,0,0,2,7670,76.70,0.016807,
compliment,25,25,0,0,0,0,0.00,0.0,
complimenti,12,12,0,0,0,0,0.00,0.0,
concept,17,17,0,0,0,0,0.00,0.0,
conceptclub,522,520,0,0,2,6126,61.26,0.003846,
condtrol,94,91,0,0,3,40842,408.42,0.032967,
confetti,787,780,0,0,7,5404,54.04,0.008974,
constancy,13,12,0,0,1,26384,263.84,0.083333,
constantdelight,1,1,0,0,0,0,0.00,0.0,
continent,846,828,10,0,8,20338,203.38,0.009662,0.8
continental,2878,2815,24,0,39,541406,5414.06,0.013854,1.625
converse,78,78,0,0,0,0,0.00,0.0,
coolermaster,5,4,0,0,1,9729,97.29,0.25,
coolfort,630,625,5,0,0,0,0.00,0.0,0.0
coopervision,106,105,0,0,1,2188,21.88,0.009524,
cordiant,36950,35388,571,0,991,4837243,48372.43,0.028004,1.735552
corpus,10,9,0,0,1,1017,10.17,0.111111,
corsair,79,79,0,0,0,0,0.00,0.0,
cort,572,566,0,0,6,108955,1089.55,0.010601,
cortland,1440,1357,55,0,28,293358,2933.58,0.020634,0.509091
coty,203,197,0,0,6,8802,88.02,0.030457,
cougar,311,309,0,0,2,18044,180.44,0.006472,
courvoisier,2,2,0,0,0,0,0.00,0.0,
covani,288,287,0,0,1,12072,120.72,0.003484,
cover,1209,1204,0,0,5,140029,1400.29,0.004153,
cowon,42,42,0,0,0,0,0.00,0.0,
cralusso,25,25,0,0,0,0,0.00,0.0,
crane,84,84,0,0,0,0,0.00,0.0,
crea,5,5,0,0,0,0,0.00,0.0,
creative,6,6,0,0,0,0,0.00,0.0,
creature,2,2,0,0,0,0,0.00,0.0,
creavit,1,1,0,0,0,0,0.00,0.0,
creed,1499,1470,8,0,21,388167,3881.67,0.014286,2.625
creo,2,2,0,0,0,0,0.00,0.0,
creoceramique,1,1,0,0,0,0,0.00,0.0,
crescina,28,28,0,0,0,0,0.00,0.0,
crest,6,6,0,0,0,0,0.00,0.0,
crisa,1,1,0,0,0,0,0.00,0.0,
crockid,1112,1108,0,0,4,2523,25.23,0.00361,
crona,123,123,0,0,0,0,0.00,0.0,
crosby,559,558,0,0,1,4296,42.96,0.001792,
crossstreet,10,10,0,0,0,0,0.00,0.0,
crown,7613,7540,4,0,69,381948,3819.48,0.009151,17.25
crucial,486,482,0,0,4,24980,249.80,0.008299,
crunch,22,22,0,0,0,0,0.00,0.0,
crybabies,7,7,0,0,0,0,0.00,0.0,
csmedica,8,8,0,0,0,0,0.00,0.0,
cube,325,324,0,0,1,84919,849.19,0.003086,
cubicfun,73,73,0,0,0,0,0.00,0.0,
cullmann,27,26,0,0,1,4170,41.70,0.038462,
cvgaudio,13,13,0,0,0,0,0.00,0.0,
cybermass,4,4,0,0,0,0,0.00,0.0,
cyberpower,46,44,0,0,2,36836,368.36,0.045455,
cybex,1057,1043,6,0,8,220041,2200.41,0.00767,1.333333
d-clinic,46,45,0,0,1,2574,25.74,0.022222,
d-link,648,638,6,0,4,7801,78.01,0.00627,0.666667
dab,16,16,0,0,0,0,0.00,0.0,
daesung,37,37,0,0,0,0,0.00,0.0,
daewoo,362,358,0,0,4,259615,2596.15,0.011173,
daewooelectronics,3,3,0,0,0,0,0.00,0.0,
dahon,84,81,1,0,2,82318,823.18,0.024691,2.0
dahua,3,3,0,0,0,0,0.00,0.0,
daisy,142,139,0,0,3,47727,477.27,0.021583,
daiwa,191,189,1,0,1,12742,127.42,0.005291,1.0
dalianhantaitradecoltd,1,1,0,0,0,0,0.00,0.0,
dam,399,398,0,0,1,6790,67.90,0.002513,
damask,17,17,0,0,0,0,0.00,0.0,
damixa,1,1,0,0,0,0,0.00,0.0,
damper,12,11,0,0,1,6616,66.16,0.090909,
danau,20,20,0,0,0,0,0.00,0.0,
daneildesch,3,3,0,0,0,0,0.00,0.0,
danielklein,132,131,0,0,1,2188,21.88,0.007634,
danke,163,163,0,0,0,0,0.00,0.0,
dardav,48,48,0,0,0,0,0.00,0.0,
darina,1231,1196,24,0,11,137679,1376.79,0.009197,0.458333
dariush,12,12,0,0,0,0,0.00,0.0,
dauscher,28824,28240,213,0,371,6378264,63782.64,0.013137,1.741784
davidoff,52,51,0,0,1,3484,34.84,0.019608,
davita,26,26,0,0,0,0,0.00,0.0,
daye,6,6,0,0,0,0,0.00,0.0,
dayun,246,246,0,0,0,0,0.00,0.0,
dbpower,44,44,0,0,0,0,0.00,0.0,
dds,91,91,0,0,0,0,0.00,0.0,
dearest,13,13,0,0,0,0,0.00,0.0,
decocode,24,24,0,0,0,0,0.00,0.0,
decoroom,832,817,4,0,11,27135,271.35,0.013464,2.75
deepcool,1490,1472,6,0,12,34842,348.42,0.008152,2.0
deeper,225,224,0,0,1,35985,359.85,0.004464,
deerma,84,83,0,0,1,2211,22.11,0.012048,
deestone,26,25,0,0,1,31532,315.32,0.04,
defalucy,3,3,0,0,0,0,0.00,0.0,
defender,3860,3778,26,0,56,58026,580.26,0.014823,2.153846
dekok,51,51,0,0,0,0,0.00,0.0,
dell,3568,3542,7,0,19,2107974,21079.74,0.005364,2.714286
delma,1,1,0,0,0,0,0.00,0.0,
delmax,476,468,3,0,5,22807,228.07,0.010684,1.666667
delonghi,4196,4077,78,0,41,1289368,12893.68,0.010056,0.525641
delsey,374,370,2,0,2,17838,178.38,0.005405,1.0
delta,53,53,0,0,0,0,0.00,0.0,
delux,1069,1035,17,0,17,12810,128.10,0.016425,1.0
deluxe,928,911,4,0,13,42247,422.47,0.01427,3.25
demark,22,22,0,0,0,0,0.00,0.0,
demiray,190,190,0,0,0,0,0.00,0.0,
dendy,10,10,0,0,0,0,0.00,0.0,
denn,437,421,10,0,6,12134,121.34,0.014252,0.6
denon,6,6,0,0,0,0,0.00,0.0,
denzel,1646,1638,0,0,8,111039,1110.39,0.004884,
deoproce,2,2,0,0,0,0,0.00,0.0,
deppa,15,15,0,0,0,0,0.00,0.0,
derevaski,2,2,0,0,0,0,0.00,0.0,
dermacol,614,602,0,0,12,9476,94.76,0.019934,
derspur,8,8,0,0,0,0,0.00,0.0,
desatoekorolevstvo,7,7,0,0,0,0,0.00,0.0,
desigual,33,33,0,0,0,0,0.00,0.0,
destra,134,133,0,0,1,3758,37.58,0.007519,
deta,221,217,0,0,4,49443,494.43,0.018433,
detomaso,17,17,0,0,0,0,0.00,0.0,
deton,12,12,0,0,0,0,0.00,0.0,
deuter,31,31,0,0,0,0,0.00,0.0,
devar,5,5,0,0,0,0,0.00,0.0,
devente,1,0,0,0,1,6634,66.34,,
devos,112,112,0,0,0,0,0.00,0.0,
dewalt,5308,5247,34,0,27,500983,5009.83,0.005146,0.794118
dfc,95,93,0,0,2,40465,404.65,0.021505,
diamant,837,826,0,0,11,147648,1476.48,0.013317,
diamond,76,70,4,0,2,7356,73.56,0.028571,0.5
diamondunion,68,67,0,0,1,1313,13.13,0.014925,
dickie,16,16,0,0,0,0,0.00,0.0,
didistyle,13,13,0,0,0,0,0.00,0.0,
diesel,443,439,0,0,4,91329,913.29,0.009112,
dilis,4,4,0,0,0,0,0.00,0.0,
dinastia,37,37,0,0,0,0,0.00,0.0,
dion,1047,1042,0,0,5,14800,148.00,0.004798,
dior,1649,1608,8,0,33,397401,3974.01,0.020522,4.125
dirkje,295,294,0,0,1,4556,45.56,0.003401,
dirkjebabywear,9,9,0,0,0,0,0.00,0.0,
disney,643,642,0,0,1,1429,14.29,0.001558,
ditreex,28,27,0,0,1,3077,30.77,0.037037,
divalux,86,86,0,0,0,0,0.00,0.0,
divoom,3,3,0,0,0,0,0.00,0.0,
dizel,2,2,0,0,0,0,0.00,0.0,
dji,2074,2066,2,0,6,691041,6910.41,0.002904,3.0
dk,241,241,0,0,0,0,0.00,0.0,
dkny,357,356,0,0,1,6044,60.44,0.002809,
dla,3,3,0,0,0,0,0.00,0.0,
dls,127,127,0,0,0,0,0.00,0.0,
dobrusskijfarforovyjzavod,75,75,0,0,0,0,0.00,0.0,
dodo,1,1,0,0,0,0,0.00,0.0,
doff,3,3,0,0,0,0,0.00,0.0,
dogrular,2,2,0,0,0,0,0.00,0.0,
doliva,49,49,0,0,0,0,0.00,0.0,
domani-spa,250,247,0,0,3,65717,657.17,0.012146,
domasnijocag,19,19,0,0,0,0,0.00,0.0,
domcraft,92,92,0,0,0,0,0.00,0.0,
domenik,54,54,0,0,0,0,0.00,0.0,
dometic,726,726,0,0,0,0,0.00,0.0,
domika,1,1,0,0,0,0,0.00,0.0,
dominant-print,3,3,0,0,0,0,0.00,0.0,
domini,1553,1544,0,0,9,90865,908.65,0.005829,
domyos,220,203,12,0,5,83753,837.53,0.024631,0.416667
dongma,53,52,0,0,1,23141,231.41,0.019231,
doogee,1788,1770,8,0,10,100607,1006.07,0.00565,1.25
doohan,302,302,0,0,0,0,0.00,0.0,
dopdrops,30,29,0,0,1,1802,18.02,0.034483,
doubleeagle,11,11,0,0,0,0,0.00,0.0,
doupro,21,21,0,0,0,0,0.00,0.0,
dowontec,6,6,0,0,0,0,0.00,0.0,
dox,118,117,0,0,1,644,6.44,0.008547,
dr.jart,13,13,0,0,0,0,0.00,0.0,
dreammachines,9,8,1,0,0,0,0.00,0.0,0.0
dreamwave,27,27,0,0,0,0,0.00,0.0,
dremel,121,118,2,0,1,7205,72.05,0.008475,0.5
drhedison,1,1,0,0,0,0,0.00,0.0,
drjart,55,50,0,0,5,13500,135.00,0.1,
drop,1,1,0,0,0,0,0.00,0.0,
dsland,183,181,0,0,2,113260,1132.60,0.01105,
dsp,13,13,0,0,0,0,0.00,0.0,
dsppa,55,55,0,0,0,0,0.00,0.0,
dsquared,24,24,0,0,0,0,0.00,0.0,
dub,145,144,0,0,1,670,6.70,0.006944,
ducray,62,61,0,0,1,4376,43.76,0.016393,
dulevskijfarfor,18,18,0,0,0,0,0.00,0.0,
dunavox,3,3,0,0,0,0,0.00,0.0,
dune,34,34,0,0,0,0,0.00,0.0,
dunhill,116,115,0,0,1,9788,97.88,0.008696,
dunlop,1395,1376,1,0,18,155349,1553.49,0.013081,18.0
dunu,8,8,0,0,0,0,0.00,0.0,
dunya,21,21,0,0,0,0,0.00,0.0,
duo,81,81,0,0,0,0,0.00,0.0,
dwt,1773,1756,4,0,13,84022,840.22,0.007403,3.25
dxracer,1388,1360,21,0,7,197801,1978.01,0.005147,0.333333
dyflon,7,7,0,0,0,0,0.00,0.0,
dymatize,169,164,0,0,5,34170,341.70,0.030488,
dynacord,11,11,0,0,0,0,0.00,0.0,
dynafit,9,9,0,0,0,0,0.00,0.0,
dynamic,59,59,0,0,0,0,0.00,0.0,
dynastar,2,2,0,0,0,0,0.00,0.0,
dyson,1830,1793,24,0,13,633629,6336.29,0.00725,0.541667
e-blue,70,68,0,0,2,59280,592.80,0.029412,
e-twow,123,123,0,0,0,0,0.00,0.0,
ea,1567,1333,167,0,67,485776,4857.76,0.050263,0.401198
easycamp,21,21,0,0,0,0,0.00,0.0,
easylink,5,5,0,0,0,0,0.00,0.0,
easywalker,184,183,0,0,1,47517,475.17,0.005464,
eaton,3,3,0,0,0,0,0.00,0.0,
ecler,1,1,0,0,0,0,0.00,0.0,
eco,139,138,0,0,1,16471,164.71,0.007246,
ecocool,427,415,5,0,7,69739,697.39,0.016867,1.4
ecolab,138,138,0,0,0,0,0.00,0.0,
ecolight,41,41,0,0,0,0,0.00,0.0,
ecologystone,1,1,0,0,0,0,0.00,0.0,
ecoterm,30,30,0,0,0,0,0.00,0.0,
ecotex,331,329,0,0,2,2136,21.36,0.006079,
edcon,29,29,0,0,0,0,0.00,0.0,
edelform,2,2,0,0,0,0,0.00,0.0,
eden,2,2,0,0,0,0,0.00,0.0,
edge,1636,1614,0,0,22,353054,3530.54,0.013631,
edifier,280,279,1,0,0,0,0.00,0.0,0.0
edon,526,525,0,0,1,5457,54.57,0.001905,
edox,224,224,0,0,0,0,0.00,0.0,
educa,5,5,0,0,0,0,0.00,0.0,
educo,1,1,0,0,0,0,0.00,0.0,
edufun,836,808,25,0,3,29337,293.37,0.003713,0.12
efremov,1770,1752,0,0,18,314423,3144.23,0.010274,
eger,14,14,0,0,0,0,0.00,0.0,
egg,20,20,0,0,0,0,0.00,0.0,
egger,18,18,0,0,0,0,0.00,0.0,
egp,5,5,0,0,0,0,0.00,0.0,
egreat,32,32,0,0,0,0,0.00,0.0,
ehome,9,9,0,0,0,0,0.00,0.0,
einhell,378,376,0,0,2,18482,184.82,0.005319,
ekel,1,1,0,0,0,0,0.00,0.0,
elan,122,122,0,0,0,0,0.00,0.0,
elari,5981,5708,169,0,104,613526,6135.26,0.01822,0.615385
elaud,31,31,0,0,0,0,0.00,0.0,
elco,122,121,0,0,1,2291,22.91,0.008264,
electro-voice,251,250,0,0,1,107648,1076.48,0.004,
electrolux,7043,6864,104,0,75,1222254,12222.54,0.010927,0.721154
electronicarts,22,21,0,0,1,6972,69.72,0.047619,
electronicsdeluxe,67,66,0,0,1,22369,223.69,0.015152,
elegant,119,119,0,0,0,0,0.00,0.0,
elektrostandard,16,16,0,0,0,0,0.00,0.0,
element,439,427,0,0,12,151994,1519.94,0.028103,
elenberg,24371,22934,853,0,584,2618869,26188.69,0.025464,0.684642
elf,150,150,0,0,0,0,0.00,0.0,
elica,64,64,0,0,0,0,0.00,0.0,
elikor,583,576,0,0,7,57666,576.66,0.012153,
elite,29,29,0,0,0,0,0.00,0.0,
elitech,15,15,0,0,0,0,0.00,0.0,
elizavecca,403,395,0,0,8,10671,106.71,0.020253,
elleci,4,4,0,0,0,0,0.00,0.0,
elna,235,232,1,0,2,51152,511.52,0.008621,2.0
eltempo,6,6,0,0,0,0,0.00,0.0,
eltex,21,21,0,0,0,0,0.00,0.0,
eltreco,255,255,0,0,0,0,0.00,0.0,
elysium,1570,1566,0,0,4,5964,59.64,0.002554,
emal,16,16,0,0,0,0,0.00,0.0,
embawood,85,85,0,0,0,0,0.00,0.0,
embryolisse,233,233,0,0,0,0,0.00,0.0,
emer,26,26,0,0,0,0,0.00,0.0,
emily,3,3,0,0,0,0,0.00,0.0,
emsa,423,417,3,0,3,11576,115.76,0.007194,1.0
enchantimals,2,2,0,0,0,0,0.00,0.0,
energenie,12,10,0,0,2,3598,35.98,0.2,
energizer,180,179,0,0,1,8433,84.33,0.005587,
energybodysystems,2,2,0,0,0,0,0.00,0.0,
energysistem,3,3,0,0,0,0,0.00,0.0,
enermax,53,52,0,0,1,5242,52.42,0.019231,
engenius,20,20,0,0,0,0,0.00,0.0,
enkor,1,1,0,0,0,0,0.00,0.0,
enough,83,80,0,0,3,1545,15.45,0.0375,
envision,50,50,0,0,0,0,0.00,0.0,
enya,20,20,0,0,0,0,0.00,0.0,
epiphone,9,9,0,0,0,0,0.00,0.0,
epr,1093,1081,0,0,12,460759,4607.59,0.011101,
epson,6089,5762,199,0,128,3071670,30716.70,0.022215,0.643216
era,3,3,0,0,0,0,0.00,0.0,
erbis,18,18,0,0,0,0,0.00,0.0,
erdenet,176,173,0,0,3,75678,756.78,0.017341,
ergo,574,560,7,0,7,193666,1936.66,0.0125,1.0
ergolux,17,17,0,0,0,0,0.00,0.0,
erismann,22,22,0,0,0,0,0.00,0.0,
erisson,151,151,0,0,0,0,0.00,0.0,
erkaplan,628,626,0,0,2,48959,489.59,0.003195,
erlit,2094,2068,0,0,26,810217,8102.17,0.012573,
ermila,9,9,0,0,0,0,0.00,0.0,
ersport,409,407,0,0,2,23166,231.66,0.004914,
escada,139,139,0,0,0,0,0.00,0.0,
escan,1342,1334,0,0,8,35084,350.84,0.005997,
eskar,5,5,0,0,0,0,0.00,0.0,
esko,3,3,0,0,0,0,0.00,0.0,
espiro,1,1,0,0,0,0,0.00,0.0,
esse,27,26,0,0,1,824,8.24,0.038462,
essence,11,11,0,0,0,0,0.00,0.0,
estap,26,26,0,0,0,0,0.00,0.0,
estel,46,46,0,0,0,0,0.00,0.0,
esthetichouse,8,7,0,0,1,1339,13.39,0.142857,
estomoda,34,34,0,0,0,0,0.00,0.0,
esun,1,1,0,0,0,0,0.00,0.0,
etalon,99,99,0,0,0,0,0.00,0.0,
etaltech,2,2,0,0,0,0,0.00,0.0,
etor,2197,2191,0,0,6,63837,638.37,0.002738,
etro,17,17,0,0,0,0,0.00,0.0,
eurogold,53,49,3,0,1,770,7.70,0.020408,0.333333
eurolight,17,17,0,0,0,0,0.00,0.0,
eurolux,1917,1825,62,0,30,218841,2188.41,0.016438,0.483871
europrint,59,58,0,0,1,1433,14.33,0.017241,
eurosvet,36,36,0,0,0,0,0.00,0.0,
evamosaic,5,5,0,0,0,0,0.00,0.0,
eveline,3,3,0,0,0,0,0.00,0.0,
evelinecosmetics,1,1,0,0,0,0,0.00,0.0,
everflo,3,3,0,0,0,0,0.00,0.0,
evga,38,37,0,0,1,146593,1465.93,0.027027,
evgo,32,32,0,0,0,0,0.00,0.0,
eviza,162,157,0,0,5,58073,580.73,0.031847,
evrodetal,17,17,0,0,0,0,0.00,0.0,
ewa,8,8,0,0,0,0,0.00,0.0,
exide,258,254,0,0,4,54373,543.73,0.015748,
expression,3,3,0,0,0,0,0.00,0.0,
expromt,44,44,0,0,0,0,0.00,0.0,
ezetil,466,466,0,0,0,0,0.00,0.0,
f-power,2,2,0,0,0,0,0.00,0.0,
f-promo,2,2,0,0,0,0,0.00,0.0,
faans,3,1,0,0,2,6272,62.72,2.0,
faber,19,19,0,0,0,0,0.00,0.0,
fabretti,678,677,0,0,1,1261,12.61,0.001477,
fagor,6,6,0,0,0,0,0.00,0.0,
falken,9,9,0,0,0,0,0.00,0.0,
falmec,6,6,0,0,0,0,0.00,0.0,
fancy,121,120,0,0,1,1027,10.27,0.008333,
fanline,150,150,0,0,0,0,0.00,0.0,
fant-mebel,35,35,0,0,0,0,0.00,0.0,
fantasia,61,61,0,0,0,0,0.00,0.0,
fanzon,1,1,0,0,0,0,0.00,0.0,
farcar,62,62,0,0,0,0,0.00,0.0,
farmavita,120,117,0,0,3,9576,95.76,0.025641,
farmstay,17,17,0,0,0,0,0.00,0.0,
farroad,655,648,1,0,6,36969,369.69,0.009259,6.0
fassen,3005,2979,0,0,26,119666,1196.66,0.008728,
favourite,15,15,0,0,0,0,0.00,0.0,
fea,4,4,0,0,0,0,0.00,0.0,
febest,1171,1165,0,0,6,14621,146.21,0.00515,
federal,3,3,0,0,0,0,0.00,0.0,
felisatti,13,13,0,0,0,0,0.00,0.0,
fender,1419,1400,12,0,7,187057,1870.57,0.005,0.583333
fendi,25,24,0,0,1,3989,39.89,0.041667,
fengnix,29,28,0,0,1,15187,151.87,0.035714,
fenix,345,343,0,0,2,25993,259.93,0.005831,
feron,34,34,0,0,0,0,0.00,0.0,
ferrari,34,34,0,0,0,0,0.00,0.0,
ferre,7,7,0,0,0,0,0.00,0.0,
ferrino,260,259,0,0,1,5637,56.37,0.003861,
festina,3,3,0,0,0,0,0.00,0.0,
festool,137,134,0,0,3,309930,3099.30,0.022388,
fibos,1,1,0,0,0,0,0.00,0.0,
fidan,1,1,0,0,0,0,0.00,0.0,
fiesta,220,218,0,0,2,39123,391.23,0.009174,
fiio,124,123,0,0,1,8355,83.55,0.00813,
fila,1301,1296,0,0,5,52733,527.33,0.003858,
finezza,48,48,0,0,0,0,0.00,0.0,
finish,118,118,0,0,0,0,0.00,0.0,
firepower,65,65,0,0,0,0,0.00,0.0,
firestone,201,196,0,0,5,150480,1504.80,0.02551,
firman,227,225,0,0,2,39060,390.60,0.008889,
first,299,297,1,0,1,1570,15.70,0.003367,1.0
fischer,42,42,0,0,0,0,0.00,0.0,
fisher,371,370,0,0,1,26201,262.01,0.002703,
fisher-price,333,323,6,0,4,16233,162.33,0.012384,0.666667
fisherman,116,116,0,0,0,0,0.00,0.0,
fisherprice,13,13,0,0,0,0,0.00,0.0,
fissler,22,22,0,0,0,0,0.00,0.0,
fissman,176,175,0,0,1,7092,70.92,0.005714,
fit,31,31,0,0,0,0,0.00,0.0,
fit-rx,61,60,0,0,1,1004,10.04,0.016667,
fitbit,234,234,0,0,0,0,0.00,0.0,
fitchbaby,48,47,0,0,1,3835,38.35,0.021277,
fitlux,325,324,0,0,1,148009,1480.09,0.003086,
fitokosmetik,3,3,0,0,0,0,0.00,0.0,
fitrider,17,17,0,0,0,0,0.00,0.0,
fitwell,10,10,0,0,0,0,0.00,0.0,
fivestars,26,26,0,0,0,0,0.00,0.0,
fixsen,4,4,0,0,0,0,0.00,0.0,
flama,1898,1858,21,0,19,272884,2728.84,0.010226,0.904762
flambeau,98,98,0,0,0,0,0.00,0.0,
flashpoint,34,34,0,0,0,0,0.00,0.0,
flavia,93,93,0,0,0,0,0.00,0.0,
fleet,2,2,0,0,0,0,0.00,0.0,
flexter,40,40,0,0,0,0,0.00,0.0,
fli,169,168,0,0,1,14157,141.57,0.005952,
flight,581,575,0,0,6,32924,329.24,0.010435,
floralis,2,2,0,0,0,0,0.00,0.0,
florentina,50,49,0,0,1,12743,127.43,0.020408,
floresan,10,10,0,0,0,0,0.00,0.0,
flormar,50,49,0,0,1,849,8.49,0.020408,
fly,2199,2144,28,0,27,746184,7461.84,0.012593,0.964286
focal,382,381,0,0,1,5174,51.74,0.002625,
focushomeinteractive,5,5,0,0,0,0,0.00,0.0,
foligain,11,11,0,0,0,0,0.00,0.0,
fondital,47,47,0,0,0,0,0.00,0.0,
force,16480,16256,12,0,212,3222182,32221.82,0.013041,17.666667
forcekraft,336,335,0,0,1,8623,86.23,0.002985,
ford,8,8,0,0,0,0,0.00,0.0,
forlux,52,52,0,0,0,0,0.00,0.0,
forminabanyo,2,2,0,0,0,0,0.00,0.0,
fornelli,74,74,0,0,0,0,0.00,0.0,
fornite,1,1,0,0,0,0,0.00,0.0,
forsage,26,26,0,0,0,0,0.00,0.0,
fortnite,22,22,0,0,0,0,0.00,0.0,
forward,412,407,0,0,5,59658,596.58,0.012285,
forza,144,144,0,0,0,0,0.00,0.0,
fossil,862,857,0,0,5,87826,878.26,0.005834,
fostex,20,20,0,0,0,0,0.00,0.0,
fotomate,8,8,0,0,0,0,0.00,0.0,
fotorama,19,19,0,0,0,0,0.00,0.0,
fox,25,25,0,0,0,0,0.00,0.0,
foxx,8,8,0,0,0,0,0.00,0.0,
framesi,67,67,0,0,0,0,0.00,0.0,
franke,147,146,0,0,1,18211,182.11,0.006849,
freedom,9,9,0,0,0,0,0.00,0.0,
freefeet,7,7,0,0,0,0,0.00,0.0,
freeway,58,58,0,0,0,0,0.00,0.0,
fresh,20,19,1,0,0,0,0.00,0.0,0.0
freya,3,3,0,0,0,0,0.00,0.0,
frozen,62,62,0,0,0,0,0.00,0.0,
fsd,13,13,0,0,0,0,0.00,0.0,
fubag,995,987,0,0,8,385377,3853.77,0.008105,
fuel,14,14,0,0,0,0,0.00,0.0,
fujida,297,294,0,0,3,37297,372.97,0.010204,
fujifilm,805,795,0,0,10,125463,1254.63,0.012579,
funville,32,32,0,0,0,0,0.00,0.0,
furreal,2,2,0,0,0,0,0.00,0.0,
futura,28,27,0,0,1,4595,45.95,0.037037,
g-cube,33,33,0,0,0,0,0.00,0.0,
g-stone,1,1,0,0,0,0,0.00,0.0,
ga-de,272,271,0,0,1,1773,17.73,0.00369,
gabriella,3,3,0,0,0,0,0.00,0.0,
gaga,33,33,0,0,0,0,0.00,0.0,
gaint,20,20,0,0,0,0,0.00,0.0,
gainward,142,142,0,0,0,0,0.00,0.0,
galacticos,33,33,0,0,0,0,0.00,0.0,
galanz,290,279,0,0,11,75389,753.89,0.039427,
galaxy,6084,6002,8,0,74,192226,1922.26,0.012329,9.25
gamdias,88,85,2,0,1,18531,185.31,0.011765,0.5
gamemax,331,322,4,0,5,86037,860.37,0.015528,1.25
gamma,335,331,0,0,4,19610,196.10,0.012085,
garage,4,4,0,0,0,0,0.00,0.0,
garant,60,60,0,0,0,0,0.00,0.0,
garanterm,218,213,0,0,5,45995,459.95,0.023474,
gardena,112,112,0,0,0,0,0.00,0.0,
garmin,6867,6802,36,0,29,1636192,16361.92,0.004263,0.805556
garnier,194,193,0,0,1,462,4.62,0.005181,
garrett,769,763,0,0,6,123375,1233.75,0.007864,
garvalin,658,656,0,0,2,13900,139.00,0.003049,
gaspari,1,1,0,0,0,0,0.00,0.0,
gauss,28,27,1,0,0,0,0.00,0.0,0.0
gazpromneft,479,476,0,0,3,2111,21.11,0.006303,
gedore,13,13,0,0,0,0,0.00,0.0,
gefest,6347,6270,30,0,47,749340,7493.40,0.007496,1.566667
gehwol,82,82,0,0,0,0,0.00,0.0,
geil,925,909,5,0,11,34974,349.74,0.012101,2.2
geitaran,29,29,0,0,0,0,0.00,0.0,
gelflex,44,44,0,0,0,0,0.00,0.0,
gembird,161,158,0,0,3,2249,22.49,0.018987,
gemei,139,136,0,0,3,5869,58.69,0.022059,
gemsy,15,15,0,0,0,0,0.00,0.0,
genau,917,902,0,0,15,553568,5535.68,0.01663,
genebre,73,73,0,0,0,0,0.00,0.0,
genesis,1102,1056,7,0,39,209728,2097.28,0.036932,5.571429
geneticlabnutrition,42,42,0,0,0,0,0.00,0.0,
genius,346,333,6,0,7,14285,142.85,0.021021,1.166667
genki,42,42,0,0,0,0,0.00,0.0,
genlog,136,136,0,0,0,0,0.00,0.0,
genny,1,1,0,0,0,0,0.00,0.0,
geoffanderson,1,1,0,0,0,0,0.00,0.0,
gerat,4055,4049,0,0,6,15275,152.75,0.001482,
gerber,213,211,0,0,2,209,2.09,0.009479,
gerbor,61,61,0,0,0,0,0.00,0.0,
gerdamix,12,12,0,0,0,0,0.00,0.0,
gesso,29,29,0,0,0,0,0.00,0.0,
gewa,189,187,1,0,1,5148,51.48,0.005348,1.0
gezatone,511,510,0,0,1,3012,30.12,0.001961,
gf,835,827,0,0,8,549276,5492.76,0.009674,
giant,1342,1336,0,0,6,537568,5375.68,0.004491,
gigabyte,3777,3744,4,0,29,630994,6309.94,0.007746,7.25
gigawatt,535,517,7,0,11,95135,951.35,0.021277,1.571429
gigazone,23,23,0,0,0,0,0.00,0.0,
gimi,169,162,7,0,0,0,0.00,0.0,0.0
ginzza,2,2,0,0,0,0,0.00,0.0,
gionee,422,419,0,0,3,21569,215.69,0.00716,
giornonotte,90,90,0,0,0,0,0.00,0.0,
gioseppo,7,7,0,0,0,0,0.00,0.0,
gipfel,1452,1452,0,0,0,0,0.00,0.0,
gislaved,1167,1122,24,0,21,176036,1760.36,0.018717,0.875
gitzo,10,10,0,0,0,0,0.00,0.0,
givenchy,678,670,0,0,8,69389,693.89,0.01194,
gk,4,4,0,0,0,0,0.00,0.0,
gkhair,387,380,0,0,7,24299,242.99,0.018421,
gladen,54,54,0,0,0,0,0.00,0.0,
glam-forever,9,9,0,0,0,0,0.00,0.0,
glamglow,238,237,0,0,1,3804,38.04,0.004219,
glamvers,57,57,0,0,0,0,0.00,0.0,
glimmies,3,3,0,0,0,0,0.00,0.0,
global,85,84,1,0,0,0,0.00,0.0,0.0
globber,142,142,0,0,0,0,0.00,0.0,
globex,16,15,0,0,1,7462,74.62,0.066667,
globo,5,5,0,0,0,0,0.00,0.0,
glory,12,12,0,0,0,0,0.00,0.0,
go-sport,6,6,0,0,0,0,0.00,0.0,
goalzero,28,28,0,0,0,0,0.00,0.0,
goform,194,190,0,0,4,24223,242.23,0.021053,
golf,4,4,0,0,0,0,0.00,0.0,
goliath,16,16,0,0,0,0,0.00,0.0,
gonher,5,5,0,0,0,0,0.00,0.0,
goo.n,102,91,8,0,3,5316,53.16,0.032967,0.375
goodgrill,12,12,0,0,0,0,0.00,0.0,
goodloot,165,163,1,0,1,2005,20.05,0.006135,1.0
goodram,27,27,0,0,0,0,0.00,0.0,
goodride,1304,1284,1,0,19,98760,987.60,0.014798,19.0
goodyear,3800,3649,52,0,99,1283049,12830.49,0.027131,1.903846
google,1554,1553,0,0,1,60491,604.91,6.44E-4,
gopro,1173,1132,31,0,10,468759,4687.59,0.008834,0.322581
gorenje,5627,5563,27,0,37,653177,6531.77,0.006651,1.37037
gorizont,1,1,0,0,0,0,0.00,0.0,
gosh,548,543,0,0,5,5120,51.20,0.009208,
gourmet,9,9,0,0,0,0,0.00,0.0,
gr,3,3,0,0,0,0,0.00,0.0,
gracecole,53,52,0,0,1,889,8.89,0.019231,
graco,68,68,0,0,0,0,0.00,0.0,
graff,15,15,0,0,0,0,0.00,0.0,
graffiti,89,88,0,0,1,14932,149.32,0.011364,
gran-stone,338,336,0,0,2,10257,102.57,0.005952,
granfest,6,6,0,0,0,0,0.00,0.0,
granhel,2045,2023,0,0,22,226717,2267.17,0.010875,
granicom,37,36,0,0,1,6023,60.23,0.027778,
grape,341,337,0,0,4,18405,184.05,0.011869,
graphite,143,143,0,0,0,0,0.00,0.0,
graphiteleader,7,7,0,0,0,0,0.00,0.0,
gree,466,462,1,0,3,63220,632.20,0.006494,3.0
greenbike,134,134,0,0,0,0,0.00,0.0,
greenland,22,22,0,0,0,0,0.00,0.0,
greenpan,1,1,0,0,0,0,0.00,0.0,
greenpro,37,37,0,0,0,0,0.00,0.0,
greentek,230,229,0,0,1,1596,15.96,0.004367,
greentree,50,50,0,0,0,0,0.00,0.0,
greenway,90,87,1,0,2,12996,129.96,0.022989,2.0
greenworks,5,5,0,0,0,0,0.00,0.0,
greta,583,582,0,0,1,11712,117.12,0.001718,
gretsch,61,60,0,0,1,86280,862.80,0.016667,
greyder,2881,2866,0,0,15,143631,1436.31,0.005234,
greys,12,12,0,0,0,0,0.00,0.0,
grillver,351,351,0,0,0,0,0.00,0.0,
grinda,1,1,0,0,0,0,0.00,0.0,
grizzly,2,2,0,0,0,0,0.00,0.0,
grohe,444,440,1,0,3,24073,240.73,0.006818,3.0
gross,410,408,0,0,2,10009,100.09,0.004902,
groundzero,2,2,0,0,0,0,0.00,0.0,
grow-with-me,206,201,0,0,5,17890,178.90,0.024876,
gs,7,7,0,0,0,0,0.00,0.0,
gt,121,121,0,0,0,0,0.00,0.0,
guangwei,106,106,0,0,0,0,0.00,0.0,
gucci,865,850,1,0,14,96837,968.37,0.016471,14.0
guerisson,80,80,0,0,0,0,0.00,0.0,
guerlain,356,348,0,0,8,77564,775.64,0.022989,
gulliver,520,519,0,0,1,1287,12.87,0.001927,
guzzini,27,27,0,0,0,0,0.00,0.0,
gys,5,5,0,0,0,0,0.00,0.0,
habilead,1010,994,0,0,16,85588,855.88,0.016097,
hachette,1,1,0,0,0,0,0.00,0.0,
hada,4,4,0,0,0,0,0.00,0.0,
haday,5,5,0,0,0,0,0.00,0.0,
haeger,1,1,0,0,0,0,0.00,0.0,
haier,18335,17474,562,0,299,8789893,87898.93,0.017111,0.532028
hairdorables,16,15,0,0,1,2829,28.29,0.066667,
haken,10,9,0,0,1,1783,17.83,0.111111,
halei,60,55,0,0,5,6821,68.21,0.090909,
halmar,110,110,0,0,0,0,0.00,0.0,
hama,21,21,0,0,0,0,0.00,0.0,
hamilton,1,1,0,0,0,0,0.00,0.0,
hammer,65,64,0,0,1,3819,38.19,0.015625,
handwers,218,218,0,0,0,0,0.00,0.0,
hangzhoujindingimportexportcoltd,2,2,0,0,0,0,0.00,0.0,
hankook,2148,2123,0,0,25,220947,2209.47,0.011776,
hanma,72,71,0,0,1,34493,344.93,0.014085,
hanowa,147,146,0,0,1,11583,115.83,0.006849,
hansa,8763,8594,83,0,86,2236269,22362.69,0.010007,1.036145
hap-p-kid,29,29,0,0,0,0,0.00,0.0,
harley-davidson,697,696,0,0,1,4633,46.33,0.001437,
harleybaby,1,1,0,0,0,0,0.00,0.0,
haro,363,360,0,0,3,103966,1039.66,0.008333,
harp,14,14,0,0,0,0,0.00,0.0,
harper,3495,3452,9,0,34,151786,1517.86,0.009849,3.777778
harpercollins,1,1,0,0,0,0,0.00,0.0,
hartan,28,28,0,0,0,0,0.00,0.0,
harte,3,3,0,0,0,0,0.00,0.0,
hartung,6,6,0,0,0,0,0.00,0.0,
hasbro,1396,1384,3,0,9,37468,374.68,0.006503,3.0
hauck,29,28,0,0,1,41159,411.59,0.035714,
haushalt,8,8,0,0,0,0,0.00,0.0,
hausmann,429,429,0,0,0,0,0.00,0.0,
havit,96,94,1,0,1,5146,51.46,0.010638,1.0
hb,490,487,0,0,3,7456,74.56,0.00616,
head,144,144,0,0,0,0,0.00,0.0,
headrush,6,6,0,0,0,0,0.00,0.0,
heidelbergcement,9,9,0,0,0,0,0.00,0.0,
heinola,6,6,0,0,0,0,0.00,0.0,
heinz,5,5,0,0,0,0,0.00,0.0,
helfer,114,114,0,0,0,0,0.00,0.0,
helios,78,78,0,0,0,0,0.00,0.0,
hellion,11,11,0,0,0,0,0.00,0.0,
hellomaggie,3,3,0,0,0,0,0.00,0.0,
helvetia,268,267,0,0,1,118868,1188.68,0.003745,
helvi,17,17,0,0,0,0,0.00,0.0,
henglei,26,26,0,0,0,0,0.00,0.0,
hercules,9,9,0,0,0,0,0.00,0.0,
herman,1,1,0,0,0,0,0.00,0.0,
hermes,48,47,0,0,1,15977,159.77,0.021277,
hertz,2145,2121,0,0,24,292331,2923.31,0.011315,
heyner,207,206,0,0,1,12356,123.56,0.004854,
hgst,3,3,0,0,0,0,0.00,0.0,
hibertek,5,5,0,0,0,0,0.00,0.0,
hifiman,9,9,0,0,0,0,0.00,0.0,
hifly,1321,1290,0,0,31,198723,1987.23,0.024031,
higashi,25,25,0,0,0,0,0.00,0.0,
hikma,3,3,0,0,0,0,0.00,0.0,
hilo,159,156,0,0,3,11068,110.68,0.019231,
hilti,30,30,0,0,0,0,0.00,0.0,
hintek,10,10,0,0,0,0,0.00,0.0,
hiper,376,373,0,0,3,3947,39.47,0.008043,
his,4,4,0,0,0,0,0.00,0.0,
hisense,733,711,18,0,4,252153,2521.53,0.005626,0.222222
hitachi,568,563,3,0,2,100728,1007.28,0.003552,0.666667
hitechnic,60,53,6,0,1,4116,41.16,0.018868,0.166667
hobbyworld,8,8,0,0,0,0,0.00,0.0,
hobot,88,88,0,0,0,0,0.00,0.0,
hoco,1507,1451,38,0,18,29151,291.51,0.012405,0.473684
hola,5,5,0,0,0,0,0.00,0.0,
holder,99,99,0,0,0,0,0.00,0.0,
holicy,9,9,0,0,0,0,0.00,0.0,
holiday,156,156,0,0,0,0,0.00,0.0,
hollicy,2,2,0,0,0,0,0.00,0.0,
homage,37,37,0,0,0,0,0.00,0.0,
homeart,126,125,0,0,1,2690,26.90,0.008,
homeelement,8,8,0,0,0,0,0.00,0.0,
homelife,3,3,0,0,0,0,0.00,0.0,
homy,55,55,0,0,0,0,0.00,0.0,
honda,118,118,0,0,0,0,0.00,0.0,
honor,8958,8800,88,0,70,1494178,14941.78,0.007955,0.795455
hoover,463,437,19,0,7,77472,774.72,0.016018,0.368421
hori,21,20,0,0,1,19306,193.06,0.05,
horizont,1845,1818,13,0,14,300369,3003.69,0.007701,1.076923
hotmom,14,14,0,0,0,0,0.00,0.0,
hotner,42,42,0,0,0,0,0.00,0.0,
hotpoint-ariston,1280,1263,6,0,11,342726,3427.26,0.008709,1.833333
hottek,59,59,0,0,0,0,0.00,0.0,
hotwheels,1,1,0,0,0,0,0.00,0.0,
housefit,2118,2101,0,0,17,619287,6192.87,0.008091,
household,5,5,0,0,0,0,0.00,0.0,
hp,30765,30098,305,0,362,11836354,118363.54,0.012027,1.186885
hpe,35,35,0,0,0,0,0.00,0.0,
hq,23,23,0,0,0,0,0.00,0.0,
hr,1,1,0,0,0,0,0.00,0.0,
hre,3,3,0,0,0,0,0.00,0.0,
htc,506,494,9,0,3,30882,308.82,0.006073,0.333333
huanger,243,237,0,0,6,15340,153.40,0.025316,
huawang,11,11,0,0,0,0,0.00,0.0,
huawei,110978,104430,4186,0,2362,49056814,490568.14,0.022618,0.564262
hubeiindustrialaimiletrading,3,3,0,0,0,0,0.00,0.0,
hubert,2285,2166,73,0,46,2329370,23293.70,0.021237,0.630137
huggies,1119,1078,0,0,41,51340,513.40,0.038033,
huile,61,61,0,0,0,0,0.00,0.0,
huion,658,637,14,0,7,283642,2836.42,0.010989,0.5
humana,60,60,0,0,0,0,0.00,0.0,
hummer,2,2,0,0,0,0,0.00,0.0,
humminbird,79,79,0,0,0,0,0.00,0.0,
hunter,4,4,0,0,0,0,0.00,0.0,
huntkey,405,399,4,0,2,4994,49.94,0.005013,0.5
huntsman,16,16,0,0,0,0,0.00,0.0,
huochu,1,1,0,0,0,0,0.00,0.0,
hurakan,3,3,0,0,0,0,0.00,0.0,
hurom,1,1,0,0,0,0,0.00,0.0,
husky,26,26,0,0,0,0,0.00,0.0,
husqvarna,71,71,0,0,0,0,0.00,0.0,
huter,8401,7968,300,0,133,1689339,16893.39,0.016692,0.443333
hycell,57,57,0,0,0,0,0.00,0.0,
hygge,579,570,0,0,9,599502,5995.02,0.015789,
hynix,4,4,0,0,0,0,0.00,0.0,
hyper,21,20,0,0,1,5406,54.06,0.05,
hyperx,1923,1856,33,0,34,222183,2221.83,0.018319,1.030303
hyundai,1388,1377,2,0,9,83568,835.68,0.006536,4.5
i-baby,57,55,0,0,2,7722,77.22,0.036364,
ibaby,85,84,1,0,0,0,0.00,0.0,0.0
ibanez,50,50,0,0,0,0,0.00,0.0,
ibili,56,56,0,0,0,0,0.00,0.0,
ibiscus,1,1,0,0,0,0,0.00,0.0,
ibox,3986,3919,30,0,37,300257,3002.57,0.009441,1.233333
iconbit,12,12,0,0,0,0,0.00,0.0,
id-cooling,402,399,1,0,2,2080,20.80,0.005013,2.0
iddis,61,61,0,0,0,0,0.00,0.0,
ideal,64,64,0,0,0,0,0.00,0.0,
iek,12,12,0,0,0,0,0.00,0.0,
ifree,18,18,0,0,0,0,0.00,0.0,
iiyama,147,147,0,0,0,0,0.00,0.0,
ikea,1977,1957,0,0,20,19129,191.29,0.01022,
ikkm,4,4,0,0,0,0,0.00,0.0,
ilife,197,193,0,0,4,107073,1070.73,0.020725,
illumico,51,50,0,0,1,7457,74.57,0.02,
imattress,2,2,0,0,0,0,0.00,0.0,
imax,32,32,0,0,0,0,0.00,0.0,
imetec,13,13,0,0,0,0,0.00,0.0,
imperia,911,907,0,0,4,391156,3911.56,0.00441,
imperial,3269,3259,0,0,10,570651,5706.51,0.003068,
impex,15,15,0,0,0,0,0.00,0.0,
imx,492,492,0,0,0,0,0.00,0.0,
incanto,2419,2349,39,0,31,496381,4963.81,0.013197,0.794872
incar,221,221,0,0,0,0,0.00,0.0,
indesit,29035,27905,673,0,457,11366123,113661.23,0.016377,0.679049
indiana,17,17,0,0,0,0,0.00,0.0,
indigo,52,52,0,0,0,0,0.00,0.0,
infinity,463,460,0,0,3,30374,303.74,0.006522,
infinitynado,4,4,0,0,0,0,0.00,0.0,
info,86,86,0,0,0,0,0.00,0.0,
ingersoll,7,7,0,0,0,0,0.00,0.0,
inglesina,184,184,0,0,0,0,0.00,0.0,
inhouse,365,362,1,0,2,5764,57.64,0.005525,2.0
inkax,223,223,0,0,0,0,0.00,0.0,
inmotion,14,14,0,0,0,0,0.00,0.0,
inoi,2061,2003,39,0,19,83713,837.13,0.009486,0.487179
inseense,2,2,0,0,0,0,0.00,0.0,
insight,33,33,0,0,0,0,0.00,0.0,
insinse,19,19,0,0,0,0,0.00,0.0,
inspector,341,335,0,0,6,127656,1276.56,0.01791,
instyle,2,2,0,0,0,0,0.00,0.0,
intego,509,507,0,0,2,30888,308.88,0.003945,
intel,3187,3174,3,0,10,267123,2671.23,0.003151,3.333333
inteli,1,1,0,0,0,0,0.00,0.0,
interbaget,6,6,0,0,0,0,0.00,0.0,
internedoors,166,166,0,0,0,0,0.00,0.0,
interos,9,9,0,0,0,0,0.00,0.0,
intex,2136,2133,0,0,3,20569,205.69,0.001406,
intro,169,166,2,0,1,2189,21.89,0.006024,0.5
invader,1,1,0,0,0,0,0.00,0.0,
ipipoo,15,15,0,0,0,0,0.00,0.0,
ipower,49,48,0,0,1,692,6.92,0.020833,
iqmarketing,7,7,0,0,0,0,0.00,0.0,
irbis,1828,1811,5,0,12,100107,1001.07,0.006626,2.4
irest,16,16,0,0,0,0,0.00,0.0,
irit,8,8,0,0,0,0,0.00,0.0,
iriver,8,8,0,0,0,0,0.00,0.0,
irobot,659,657,0,0,2,67892,678.92,0.003044,
isntree,50,49,0,0,1,2677,26.77,0.020408,
italtrike,21,21,0,0,0,0,0.00,0.0,
iunik,1,1,0,0,0,0,0.00,0.0,
ivaru,6,6,0,0,0,0,0.00,0.0,
ivt,664,664,0,0,0,0,0.00,0.0,
iwalk,302,299,0,0,3,4569,45.69,0.010033,
jabra,353,345,5,0,3,5655,56.55,0.008696,0.6
jack,70,69,0,0,1,74556,745.56,0.014493,
jackson,27,27,0,0,0,0,0.00,0.0,
jacqueslemans,1,1,0,0,0,0,0.00,0.0,
jade,510,507,0,0,3,86622,866.22,0.005917,
jaguar,2342,2282,36,0,24,328092,3280.92,0.010517,0.666667
jakkspacific,2,2,0,0,0,0,0.00,0.0,
janesper,1,1,0,0,0,0,0.00,0.0,
janome,10835,10553,174,0,108,2660203,26602.03,0.010234,0.62069
jarko,15,15,0,0,0,0,0.00,0.0,
jasic,55,55,0,0,0,0,0.00,0.0,
jasmine,151,150,0,0,1,4633,46.33,0.006667,
jata,35,35,0,0,0,0,0.00,0.0,
jawbone,40,40,0,0,0,0,0.00,0.0,
jazwares,16,16,0,0,0,0,0.00,0.0,
jb,31,29,1,0,1,770,7.70,0.034483,1.0
jbl,14016,13454,313,0,249,1619827,16198.27,0.018508,0.795527
jeep,34,34,0,0,0,0,0.00,0.0,
jeepwrangler,3,3,0,0,0,0,0.00,0.0,
jet,1093,1057,22,0,14,46818,468.18,0.013245,0.636364
jetair,103,100,0,0,3,42782,427.82,0.03,
jetem,85,85,0,0,0,0,0.00,0.0,
jetpik,277,269,5,0,3,66602,666.02,0.011152,0.6
jiada,3,3,0,0,0,0,0.00,0.0,
jiaxingharleybabycar,15,14,0,0,1,21854,218.54,0.071429,
jigott,20,19,0,0,1,475,4.75,0.052632,
jika,29,29,0,0,0,0,0.00,0.0,
jinga,1043,1014,15,0,14,63658,636.58,0.013807,0.933333
jinjianfeng,26,26,0,0,0,0,0.00,0.0,
jinyu,17,14,0,0,3,67569,675.69,0.214286,
jio,1,1,0,0,0,0,0.00,0.0,
jjrc,11,11,0,0,0,0,0.00,0.0,
jkexer,82,82,0,0,0,0,0.00,0.0,
joby,8,8,0,0,0,0,0.00,0.0,
jocelyn,3,2,0,0,1,377,3.77,0.5,
jockey,202,194,6,0,2,19042,190.42,0.010309,0.333333
joe,7,7,0,0,0,0,0.00,0.0,
joerex,157,156,0,0,1,1030,10.30,0.00641,
joie,2715,2654,28,0,33,558340,5583.40,0.012434,1.178571
joieanglia,2,2,0,0,0,0,0.00,0.0,
jonnesway,644,643,0,0,1,33849,338.49,0.001555,
jordan,2148,2142,0,0,6,99708,997.08,0.002801,
joyor,83,82,0,0,1,65613,656.13,0.012195,
joyroad,373,365,0,0,8,30939,309.39,0.021918,
joyroom,129,125,0,0,4,6228,62.28,0.032,
jrc,6,6,0,0,0,0,0.00,0.0,
juanna,2,2,0,0,0,0,0.00,0.0,
juki,86,86,0,0,0,0,0.00,0.0,
julbo,2,2,0,0,0,0,0.00,0.0,
julong,3,3,0,0,0,0,0.00,0.0,
jumper,87,87,0,0,0,0,0.00,0.0,
junama,30,30,0,0,0,0,0.00,0.0,
junglefieldtroop,2,2,0,0,0,0,0.00,0.0,
jupiter,19,19,0,0,0,0,0.00,0.0,
jura,276,275,1,0,0,0,0.00,0.0,0.0
juventa,13,13,0,0,0,0,0.00,0.0,
jvc,5139,5078,1,0,60,329015,3290.15,0.011816,60.0
k-lite,5,5,0,0,0,0,0.00,0.0,
k-power,10,10,0,0,0,0,0.00,0.0,
k.k.y.,55,53,0,0,2,2909,29.09,0.037736,
kabrita,255,251,0,0,4,8828,88.28,0.015936,
kacper,21,21,0,0,0,0,0.00,0.0,
kaemingk,24,24,0,0,0,0,0.00,0.0,
kaierda,11,11,0,0,0,0,0.00,0.0,
kainar,97,93,0,0,4,19793,197.93,0.043011,
kaiser,233,228,0,0,5,207661,2076.61,0.02193,
kakadu,4,4,0,0,0,0,0.00,0.0,
kala,6,6,0,0,0,0,0.00,0.0,
kale,11,11,0,0,0,0,0.00,0.0,
kaleos,1,1,0,0,0,0,0.00,0.0,
kambrook,20,20,0,0,0,0,0.00,0.0,
kampfer,72,71,1,0,0,0,0.00,0.0,0.0
kapika,53,53,0,0,0,0,0.00,0.0,
kaplanser,6,6,0,0,0,0,0.00,0.0,
kapous,34,33,0,0,1,541,5.41,0.030303,
kapousprofessional,14,14,0,0,0,0,0.00,0.0,
kapsen,4242,4166,0,0,76,393365,3933.65,0.018243,
karaja,131,131,0,0,0,0,0.00,0.0,
karapuz,6,6,0,0,0,0,0.00,0.0,
karat,1448,1443,0,0,5,22356,223.56,0.003465,
karavaevskaauf,4,4,0,0,0,0,0.00,0.0,
karcher,10745,10450,187,0,108,2628306,26283.06,0.010335,0.57754
kari,85,82,3,0,0,0,0.00,0.0,0.0
karma,2,2,0,0,0,0,0.00,0.0,
karmen,177,177,0,0,0,0,0.00,0.0,
kartal,1509,1505,0,0,4,100311,1003.11,0.002658,
karya,4764,4731,0,0,33,168034,1680.34,0.006975,
kastamonu,86,84,0,0,2,3214,32.14,0.02381,
kativa,151,149,0,0,2,2111,21.11,0.013423,
katun,7,7,0,0,0,0,0.00,0.0,
kawai,78,78,0,0,0,0,0.00,0.0,
keddo,185,185,0,0,0,0,0.00,0.0,
keenetic,5,5,0,0,0,0,0.00,0.0,
keenway,200,200,0,0,0,0,0.00,0.0,
keeway,5,5,0,0,0,0,0.00,0.0,
kef,101,101,0,0,0,0,0.00,0.0,
kehan,3,3,0,0,0,0,0.00,0.0,
kelet,13,13,0,0,0,0,0.00,0.0,
kelli,329,328,0,0,1,3660,36.60,0.003049,
kelly,22,22,0,0,0,0,0.00,0.0,
ken,47,47,0,0,0,0,0.00,0.0,
keneksi,83,82,0,0,1,1463,14.63,0.012195,
kenwood,8093,7977,37,0,79,1396432,13964.32,0.009903,2.135135
kenzo,412,407,0,0,5,25728,257.28,0.012285,
kerastase,19,19,0,0,0,0,0.00,0.0,
kerasys,73,73,0,0,0,0,0.00,0.0,
keter,244,237,4,0,3,38896,388.96,0.012658,0.75
kettler,137,135,0,0,2,215447,2154.47,0.014815,
keune,106,105,0,0,1,2059,20.59,0.009524,
khw,11,11,0,0,0,0,0.00,0.0,
kicker,20,20,0,0,0,0,0.00,0.0,
kicx,4231,4190,0,0,41,216224,2162.24,0.009785,
kiddy,12,12,0,0,0,0,0.00,0.0,
kidwood,3,3,0,0,0,0,0.00,0.0,
kiepe,38,38,0,0,0,0,0.00,0.0,
king,1034,997,16,0,21,284347,2843.47,0.021063,1.3125
kingmax,51,50,0,0,1,2263,22.63,0.02,
kingmeda,3,3,0,0,0,0,0.00,0.0,
kingslong,11,11,0,0,0,0,0.00,0.0,
kingsong,87,87,0,0,0,0,0.00,0.0,
kingstar,1,1,0,0,0,0,0.00,0.0,
kingston,6199,5923,144,0,132,596618,5966.18,0.022286,0.916667
kingtul,511,507,0,0,4,23862,238.62,0.00789,
kink,116,116,0,0,0,0,0.00,0.0,
kinklight,7,7,0,0,0,0,0.00,0.0,
kinlee,14,14,0,0,0,0,0.00,0.0,
kipardo,3464,3434,0,0,30,1071330,10713.30,0.008736,
kipocket,73,71,0,0,2,2522,25.22,0.028169,
kirkland,120,116,0,0,4,14106,141.06,0.034483,
kirovit,6,6,0,0,0,0,0.00,0.0,
kisswill,97,97,0,0,0,0,0.00,0.0,
kitchenaid,903,903,0,0,0,0,0.00,0.0,
kite,2,2,0,0,0,0,0.00,0.0,
kitfort,4665,4593,18,0,54,499915,4999.15,0.011757,3.0
kiturami,386,380,0,0,6,326859,3268.59,0.015789,
kivi,6331,6015,158,0,158,4104504,41045.04,0.026268,1.0
kleancolor,1,1,0,0,0,0,0.00,0.0,
klever,3,3,0,0,0,0,0.00,0.0,
klima,460,454,1,0,5,73344,733.44,0.011013,5.0
klorane,45,45,0,0,0,0,0.00,0.0,
klx,14,14,0,0,0,0,0.00,0.0,
kmk,57,57,0,0,0,0,0.00,0.0,
knauf,51,51,0,0,0,0,0.00,0.0,
kodi,3,3,0,0,0,0,0.00,0.0,
koffer,52,52,0,0,0,0,0.00,0.0,
kogaz,10,10,0,0,0,0,0.00,0.0,
kohala,3,3,0,0,0,0,0.00,0.0,
kokiri,2,2,0,0,0,0,0.00,0.0,
kolibri,435,434,0,0,1,46331,463.31,0.002304,
kolner,2068,2059,0,0,9,31874,318.74,0.004371,
kolo,40,40,0,0,0,0,0.00,0.0,
komfort-s,1018,1017,0,0,1,3936,39.36,9.83E-4,
kona,17,17,0,0,0,0,0.00,0.0,
konig,3,3,0,0,0,0,0.00,0.0,
konlega,157,154,0,0,3,53979,539.79,0.019481,
konov,35,35,0,0,0,0,0.00,0.0,
kontinent,25,25,0,0,0,0,0.00,0.0,
koopman,392,390,0,0,2,514,5.14,0.005128,
kora,4,4,0,0,0,0,0.00,0.0,
korda,1,1,0,0,0,0,0.00,0.0,
korg,175,173,0,0,2,171150,1711.50,0.011561,
korin,11,11,0,0,0,0,0.00,0.0,
kormoran,930,917,2,0,11,74661,746.61,0.011996,5.5
korting,80,79,0,0,1,22173,221.73,0.012658,
kosadaka,11,11,0,0,0,0,0.00,0.0,
kose,2,2,0,0,0,0,0.00,0.0,
koss,124,121,1,0,2,10897,108.97,0.016529,2.0
kovea,91,91,0,0,0,0,0.00,0.0,
kovi,27,27,0,0,0,0,0.00,0.0,
kovroff,159,159,0,0,0,0,0.00,0.0,
kraftool,85,84,0,0,1,11583,115.83,0.011905,
kramer,8,8,0,0,0,0,0.00,0.0,
kranzle,53,53,0,0,0,0,0.00,0.0,
krasatoys,35,35,0,0,0,0,0.00,0.0,
krause,160,156,0,0,4,38882,388.82,0.025641,
kress,45,45,0,0,0,0,0.00,0.0,
kristal,367,361,0,0,6,157605,1576.05,0.01662,
krk,69,69,0,0,0,0,0.00,0.0,
kroft,3,3,0,0,0,0,0.00,0.0,
kromax,19,19,0,0,0,0,0.00,0.0,
kron,1,1,0,0,0,0,0.00,0.0,
kronasteel,126,125,0,0,1,18870,188.70,0.008,
kronopol,6,6,0,0,0,0,0.00,0.0,
kronospan,442,442,0,0,0,0,0.00,0.0,
kronostar,15,15,0,0,0,0,0.00,0.0,
kronwerk,41,41,0,0,0,0,0.00,0.0,
kroskaa,1,1,0,0,0,0,0.00,0.0,
krosno,19,19,0,0,0,0,0.00,0.0,
krups,107,106,0,0,1,69497,694.97,0.009434,
kstar,1,1,0,0,0,0,0.00,0.0,
kubanfarfor,36,36,0,0,0,0,0.00,0.0,
kuchendorf,1,1,0,0,0,0,0.00,0.0,
kugoo,1266,1256,3,0,7,254413,2544.13,0.005573,2.333333
kukmara,1039,1013,16,0,10,38764,387.64,0.009872,0.625
kumano,1,1,0,0,0,0,0.00,0.0,
kumho,370,367,0,0,3,18157,181.57,0.008174,
kumtel,16,16,0,0,0,0,0.00,0.0,
kunlun,6,5,0,0,1,27543,275.43,0.2,
kuppersberg,136,135,0,0,1,12730,127.30,0.007407,
kuppersbusch,104,104,0,0,0,0,0.00,0.0,
kupu-kupu,1,1,0,0,0,0,0.00,0.0,
kurzweil,691,684,4,0,3,281244,2812.44,0.004386,0.75
kuttenkeuler,130,130,0,0,0,0,0.00,0.0,
kx,240,238,0,0,2,5146,51.46,0.008403,
kyocera,10,9,0,0,1,32769,327.69,0.111111,
la-di-da,34,34,0,0,0,0,0.00,0.0,
labo,16,16,0,0,0,0,0.00,0.0,
lacoste,683,666,6,0,11,54541,545.41,0.016517,1.833333
ladida,163,163,0,0,0,0,0.00,0.0,
lador,7,7,0,0,0,0,0.00,0.0,
lahn,16,16,0,0,0,0,0.00,0.0,
lalaloopsy,4,4,0,0,0,0,0.00,0.0,
lalique,91,90,0,0,1,4784,47.84,0.011111,
lamart,1,1,0,0,0,0,0.00,0.0,
lamborghini,9,9,0,0,0,0,0.00,0.0,
lanard,43,43,0,0,0,0,0.00,0.0,
lancaster,3,3,0,0,0,0,0.00,0.0,
lancome,212,212,0,0,0,0,0.00,0.0,
lange,5,5,0,0,0,0,0.00,0.0,
lanikai,1,1,0,0,0,0,0.00,0.0,
lanvigator,1,1,0,0,0,0,0.00,0.0,
lanvin,2206,2121,15,0,70,290858,2908.58,0.033003,4.666667
lapkin,6,6,0,0,0,0,0.00,0.0,
larktale,7,7,0,0,0,0,0.00,0.0,
laroche-posay,2,2,0,0,0,0,0.00,0.0,
laromano,4,4,0,0,0,0,0.00,0.0,
lashologist,1,1,0,0,0,0,0.00,0.0,
lassa,11,11,0,0,0,0,0.00,0.0,
laston,1276,1270,0,0,6,101658,1016.58,0.004724,
laudio,60,59,0,0,1,12356,123.56,0.016949,
laufen,68,68,0,0,0,0,0.00,0.0,
laurastar,87,86,0,0,1,61775,617.75,0.011628,
lava,7,7,0,0,0,0,0.00,0.0,
lcf,48,48,0,0,0,0,0.00,0.0,
leadbros,633,626,0,0,7,179233,1792.33,0.011182,
leader,110,104,4,0,2,21588,215.88,0.019231,0.5
leaderkids,5,4,0,0,1,4633,46.33,0.25,
leagoo,18,18,0,0,0,0,0.00,0.0,
leatherman,309,309,0,0,0,0,0.00,0.0,
leco,42,42,0,0,0,0,0.00,0.0,
leeco,107,107,0,0,0,0,0.00,0.0,
leefitness,3,3,0,0,0,0,0.00,0.0,
leem,235,235,0,0,0,0,0.00,0.0,
lefard,77,77,0,0,0,0,0.00,0.0,
legeartis,184,184,0,0,0,0,0.00,0.0,
lego,3612,3574,20,0,18,87176,871.76,0.005036,0.9
legrand,16,16,0,0,0,0,0.00,0.0,
legre,314,311,0,0,3,28341,283.41,0.009646,
leica,65,65,0,0,0,0,0.00,0.0,
leicos,3,3,0,0,0,0,0.00,0.0,
leiya,9,9,0,0,0,0,0.00,0.0,
lel,1,1,0,0,0,0,0.00,0.0,
lem,3,3,0,0,0,0,0.00,0.0,
lemark,296,291,0,0,5,61988,619.88,0.017182,
lenovo,33794,33062,295,0,437,16800545,168005.45,0.013218,1.481356
lenso,11,11,0,0,0,0,0.00,0.0,
leo,212,210,0,0,2,22137,221.37,0.009524,
lepota,3,3,0,0,0,0,0.00,0.0,
lessar,2,2,0,0,0,0,0.00,0.0,
leven,21,21,0,0,0,0,0.00,0.0,
levenhuk,624,621,0,0,3,32668,326.68,0.004831,
levrana,24,24,0,0,0,0,0.00,0.0,
lexand,2,2,0,0,0,0,0.00,0.0,
lexmark,129,128,0,0,1,6950,69.50,0.007813,
lezard,52,52,0,0,0,0,0.00,0.0,
lg,55807,53608,1388,0,811,31426845,314268.45,0.015128,0.584294
libbey,6,6,0,0,0,0,0.00,0.0,
libero,16,15,0,0,1,1436,14.36,0.066667,
liberty,9,9,0,0,0,0,0.00,0.0,
lider,5042,5002,0,0,40,1654865,16548.65,0.007997,
lidonet,292,292,0,0,0,0,0.00,0.0,
liebherr,76,76,0,0,0,0,0.00,0.0,
lifedeco,16,15,0,0,1,2829,28.29,0.066667,
lifetrons,25,25,0,0,0,0,0.00,0.0,
light,42,42,0,0,0,0,0.00,0.0,
lihom,1,1,0,0,0,0,0.00,0.0,
likato,1,1,0,0,0,0,0.00,0.0,
lilwoodzeez,1,1,0,0,0,0,0.00,0.0,
lina,29,29,0,0,0,0,0.00,0.0,
line,83,83,0,0,0,0,0.00,0.0,
lioele,5,5,0,0,0,0,0.00,0.0,
lirene,177,174,0,0,3,1283,12.83,0.017241,
listvig,97,97,0,0,0,0,0.00,0.0,
lite-on,42,42,0,0,0,0,0.00,0.0,
liv,63,61,0,0,2,90556,905.56,0.032787,
livebook,3,3,0,0,0,0,0.00,0.0,
llarri,9,9,0,0,0,0,0.00,0.0,
llorens,1795,1771,12,0,12,54162,541.62,0.006776,1.0
loctek,15,15,0,0,0,0,0.00,0.0,
logitech,1508,1474,18,0,16,62177,621.77,0.010855,0.888889
logona,1,1,0,0,0,0,0.00,0.0,
lol,16,16,0,0,0,0,0.00,0.0,
lolsurprise,1,1,0,0,0,0,0.00,0.0,
lom,18,18,0,0,0,0,0.00,0.0,
lombok,3,3,0,0,0,0,0.00,0.0,
londa,3,3,0,0,0,0,0.00,0.0,
lonex,126,125,0,0,1,6178,61.78,0.008,
longines,654,653,0,0,1,248140,2481.40,0.001531,
longstyle,33,33,0,0,0,0,0.00,0.0,
longway,720,711,0,0,9,87520,875.20,0.012658,
lord,12,12,0,0,0,0,0.00,0.0,
loreal,42,41,0,0,1,503,5.03,0.02439,
lorealparis,4,4,0,0,0,0,0.00,0.0,
lorelli,3521,3470,10,0,41,360705,3607.05,0.011816,4.1
lorelli-bertoni,646,635,2,0,9,74666,746.66,0.014173,4.5
lori,5,5,0,0,0,0,0.00,0.0,
lorus,314,312,0,0,2,15856,158.56,0.00641,
lotos,2,2,0,0,0,0,0.00,0.0,
lovular,33,33,0,0,0,0,0.00,0.0,
ls,2,2,0,0,0,0,0.00,0.0,
luazon,8,8,0,0,0,0,0.00,0.0,
lubereckiekovry,1,1,0,0,0,0,0.00,0.0,
lubimyjdom,28,28,0,0,0,0,0.00,0.0,
lucente,65909,64749,0,0,1160,32297623,322976.23,0.017915,
lujun,2,2,0,0,0,0,0.00,0.0,
lumene,339,335,0,0,4,5030,50.30,0.01194,
luminarc,7090,7003,35,0,52,316335,3163.35,0.007425,1.485714
lumion,14,14,0,0,0,0,0.00,0.0,
lumme,297,294,0,0,3,3330,33.30,0.010204,
lunecase,27,27,0,0,0,0,0.00,0.0,
lunkerhunt,8,8,0,0,0,0,0.00,0.0,
luris,113,112,0,0,1,5460,54.60,0.008929,
lutian,82,82,0,0,0,0,0.00,0.0,
lux,2694,2679,0,0,15,189698,1896.98,0.005599,
lux-tools,5,5,0,0,0,0,0.00,0.0,
luxell,367,362,0,0,5,26098,260.98,0.013812,
luxvisage,260,258,0,0,2,927,9.27,0.007752,
lysvenskieemali,2,2,0,0,0,0,0.00,0.0,
m-audio,593,580,0,0,13,162630,1626.30,0.022414,
maak,7,7,0,0,0,0,0.00,0.0,
maakavto,3,3,0,0,0,0,0.00,0.0,
machaon,311,304,0,0,7,11804,118.04,0.023026,
machete,117,115,0,0,2,7722,77.22,0.017391,
machineboy,2,2,0,0,0,0,0.00,0.0,
mackie,3,3,0,0,0,0,0.00,0.0,
maclaren,26,26,0,0,0,0,0.00,0.0,
mad,60,60,0,0,0,0,0.00,0.0,
madcat,26,26,0,0,0,0,0.00,0.0,
madina,23,22,0,0,1,4505,45.05,0.045455,
maestro,121,120,0,0,1,4116,41.16,0.008333,
magellan,124,123,1,0,0,0,0.00,0.0,0.0
magformers,14,14,0,0,0,0,0.00,0.0,
magic,9,9,0,0,0,0,0.00,0.0,
magma,11,11,0,0,0,0,0.00,0.0,
magnat,1,1,0,0,0,0,0.00,0.0,
magnetta,2946,2927,8,0,11,305272,3052.72,0.003758,1.375
magnitoj,1,1,0,0,0,0,0.00,0.0,
maidou,6,6,0,0,0,0,0.00,0.0,
maisonfranciskurkdjian,7,6,0,0,1,51224,512.24,0.166667,
maisto,154,153,0,0,1,2958,29.58,0.006536,
majescogames,3,3,0,0,0,0,0.00,0.0,
mak,64,63,0,0,1,51177,511.77,0.015873,
makarena,20,20,0,0,0,0,0.00,0.0,
makeblock,86,84,1,0,1,38094,380.94,0.011905,1.0
makita,4751,4726,0,0,25,536534,5365.34,0.00529,
malamalama,2,2,0,0,0,0,0.00,0.0,
malushen,154,154,0,0,0,0,0.00,0.0,
malva,14,14,0,0,0,0,0.00,0.0,
mamadoma,147,146,0,0,1,7825,78.25,0.006849,
maman,28,28,0,0,0,0,0.00,0.0,
mammie,31,31,0,0,0,0,0.00,0.0,
mammut,188,186,0,0,2,7169,71.69,0.010753,
mamut,3,3,0,0,0,0,0.00,0.0,
mancera,160,159,0,0,1,20490,204.90,0.006289,
manfrotto,187,181,2,0,4,48280,482.80,0.022099,2.0
manhattan,46,46,0,0,0,0,0.00,0.0,
manke,4,4,0,0,0,0,0.00,0.0,
mantra,236,236,0,0,0,0,0.00,0.0,
manuoki,103,97,2,0,4,5448,54.48,0.041237,2.0
maomaoku,768,754,1,0,13,443667,4436.67,0.017241,13.0
mapei,5,5,0,0,0,0,0.00,0.0,
mapex,158,158,0,0,0,0,0.00,0.0,
marching,1,1,0,0,0,0,0.00,0.0,
marcjacobs,1,1,0,0,0,0,0.00,0.0,
marcomen,1211,1202,0,0,9,71661,716.61,0.007488,
marcotozzipremio,2,2,0,0,0,0,0.00,0.0,
maribel,2,2,0,0,0,0,0.00,0.0,
mark,2,2,0,0,0,0,0.00,0.0,
markbass,20,19,1,0,0,0,0.00,0.0,0.0
market,3,3,0,0,0,0,0.00,0.0,
markjacobs,2,2,0,0,0,0,0.00,0.0,
marley,102,100,1,0,1,4116,41.16,0.01,1.0
marmiton,24,24,0,0,0,0,0.00,0.0,
mars,39,39,0,0,0,0,0.00,0.0,
marshal,394,389,0,0,5,30115,301.15,0.012853,
marshall,1697,1653,24,0,20,244392,2443.92,0.012099,0.833333
mart,1402,1368,18,0,16,119323,1193.23,0.011696,0.888889
marta,138,136,1,0,1,2983,29.83,0.007353,1.0
martinez,2,2,0,0,0,0,0.00,0.0,
maruemsta,2,2,0,0,0,0,0.00,0.0,
marusa,6,6,0,0,0,0,0.00,0.0,
marvel,3,3,0,0,0,0,0.00,0.0,
masei,400,399,0,0,1,30863,308.63,0.002506,
masi,12,12,0,0,0,0,0.00,0.0,
masima,1,1,0,0,0,0,0.00,0.0,
masstone,4,4,0,0,0,0,0.00,0.0,
mastela,1,1,0,0,0,0,0.00,0.0,
master,189,186,0,0,3,24174,241.74,0.016129,
mastercraft,2,2,0,0,0,0,0.00,0.0,
masterfish,17,17,0,0,0,0,0.00,0.0,
masteryard,38,38,0,0,0,0,0.00,0.0,
mastrad,20,20,0,0,0,0,0.00,0.0,
matador,7346,6841,317,0,188,1047875,10478.75,0.027481,0.59306
mateus,57,56,0,0,1,20593,205.93,0.017857,
matex,3,3,0,0,0,0,0.00,0.0,
matrix,2660,2644,0,0,16,76663,766.63,0.006051,
matrol,199,199,0,0,0,0,0.00,0.0,
mattel,501,494,3,0,4,13255,132.55,0.008097,1.333333
mauboussin,7,7,0,0,0,0,0.00,0.0,
maunfeld,422,419,0,0,3,60102,601.02,0.00716,
max,86,86,0,0,0,0,0.00,0.0,
maxcolor,7,7,0,0,0,0,0.00,0.0,
maxfactor,1,1,0,0,0,0,0.00,0.0,
maxi,34,34,0,0,0,0,0.00,0.0,
maxi-cosi,131,130,0,0,1,16435,164.35,0.007692,
maxima,112,111,0,0,1,2571,25.71,0.009009,
maxion,7,7,0,0,0,0,0.00,0.0,
maxler,672,661,0,0,11,31135,311.35,0.016641,
maxtrek,734,728,0,0,6,43064,430.64,0.008242,
maxvi,1198,1190,0,0,8,9676,96.76,0.006723,
maxwell,5303,5167,75,0,61,192303,1923.03,0.011806,0.813333
maxxis,4570,4487,7,0,76,584795,5847.95,0.016938,10.857143
maybellinenewyork,1,1,0,0,0,0,0.00,0.0,
maysternya,1,1,0,0,0,0,0.00,0.0,
maysun,18,16,2,0,0,0,0.00,0.0,0.0
maytoni,8,8,0,0,0,0,0.00,0.0,
mazzini,286,278,0,0,8,34479,344.79,0.028777,
mbs,126,125,0,0,1,9007,90.07,0.008,
mc,5,5,0,0,0,0,0.00,0.0,
mccan,6,6,0,0,0,0,0.00,0.0,
mcculloch,15,15,0,0,0,0,0.00,0.0,
mdlab,3,3,0,0,0,0,0.00,0.0,
mdv,23,23,0,0,0,0,0.00,0.0,
meade,114,114,0,0,0,0,0.00,0.0,
meanlove,18,18,0,0,0,0,0.00,0.0,
measy,36,36,0,0,0,0,0.00,0.0,
mebberi,15,15,0,0,0,0,0.00,0.0,
mebbery.kz,12,12,0,0,0,0,0.00,0.0,
mebberykz,36,36,0,0,0,0,0.00,0.0,
mebelazii,28,28,0,0,0,0,0.00,0.0,
mebelev,45,44,0,0,1,47620,476.20,0.022727,
mebelgrad,38,38,0,0,0,0,0.00,0.0,
mebels,34,34,0,0,0,0,0.00,0.0,
mebelson,670,670,0,0,0,0,0.00,0.0,
mebelswow-rn,231,226,0,0,5,51790,517.90,0.022124,
meccano,4,4,0,0,0,0,0.00,0.0,
mecta,9,9,0,0,0,0,0.00,0.0,
medalist,73,72,0,0,1,9758,97.58,0.013889,
medela,64,62,0,0,2,24196,241.96,0.032258,
medeli,151,150,0,0,1,17761,177.61,0.006667,
mediheal,6,6,0,0,0,0,0.00,0.0,
mefro,78,78,0,0,0,0,0.00,0.0,
megasaurs,3,3,0,0,0,0,0.00,0.0,
meguin,38,38,0,0,0,0,0.00,0.0,
meike,4,4,0,0,0,0,0.00,0.0,
meinl,53,52,0,0,1,14157,141.57,0.019231,
meizu,16187,15963,78,0,146,1852107,18521.07,0.009146,1.871795
mekkan,53,53,0,0,0,0,0.00,0.0,
melidadi,11,11,0,0,0,0,0.00,0.0,
melitta,224,224,0,0,0,0,0.00,0.0,
mello,1,1,0,0,0,0,0.00,0.0,
memo,54,54,0,0,0,0,0.00,0.0,
mengbadi,7,7,0,0,0,0,0.00,0.0,
mentor,23,23,0,0,0,0,0.00,0.0,
merach,12,12,0,0,0,0,0.00,0.0,
mercedes,195,191,0,0,4,93053,930.53,0.020942,
mercury,614,611,0,0,3,447734,4477.34,0.00491,
mercusys,18,18,0,0,0,0,0.00,0.0,
merelani,1929,1921,0,0,8,75214,752.14,0.004164,
merida,4,4,0,0,0,0,0.00,0.0,
merkurij,1,1,0,0,0,0,0.00,0.0,
merlin,2,2,0,0,0,0,0.00,0.0,
merries,266,256,1,0,9,14969,149.69,0.035156,9.0
merry,1,1,0,0,0,0,0.00,0.0,
merrylock,20,20,0,0,0,0,0.00,0.0,
mersco,29,28,0,0,1,8237,82.37,0.035714,
mersedes-benz,2,2,0,0,0,0,0.00,0.0,
merzuka,27,27,0,0,0,0,0.00,0.0,
metabo,1142,1141,0,0,1,9316,93.16,8.76E-4,
method,18,18,0,0,0,0,0.00,0.0,
metoo,5,5,0,0,0,0,0.00,0.0,
metrot,59,59,0,0,0,0,0.00,0.0,
metsui,130,129,1,0,0,0,0.00,0.0,0.0
mexx,75,74,0,0,1,1872,18.72,0.013514,
mhp,10,10,0,0,0,0,0.00,0.0,
mibb,74,74,0,0,0,0,0.00,0.0,
mica,9,9,0,0,0,0,0.00,0.0,
micallef,9,9,0,0,0,0,0.00,0.0,
michelin,5336,5123,122,0,91,1039988,10399.88,0.017763,0.745902
micio,66,66,0,0,0,0,0.00,0.0,
micmax,127,127,0,0,0,0,0.00,0.0,
micro,30,30,0,0,0,0,0.00,0.0,
microfire,28,28,0,0,0,0,0.00,0.0,
microlab,2915,2825,46,0,44,222172,2221.72,0.015575,0.956522
micromax,66,66,0,0,0,0,0.00,0.0,
micron,11,11,0,0,0,0,0.00,0.0,
microsoft,2221,2170,30,0,21,615190,6151.90,0.009677,0.7
micuna,76,76,0,0,0,0,0.00,0.0,
midea,13167,12780,163,0,224,3205356,32053.56,0.017527,1.374233
mido,121,121,0,0,0,0,0.00,0.0,
midzumi,7,7,0,0,0,0,0.00,0.0,
miele,43,43,0,0,0,0,0.00,0.0,
miescarpe,5,5,0,0,0,0,0.00,0.0,
mifold,13,13,0,0,0,0,0.00,0.0,
miif,1,1,0,0,0,0,0.00,0.0,
mikrotik,32,32,0,0,0,0,0.00,0.0,
milano,65,65,0,0,0,0,0.00,0.0,
milat,163,163,0,0,0,0,0.00,0.0,
milavitsa,4212,4202,0,0,10,25994,259.94,0.00238,
milight,21,21,0,0,0,0,0.00,0.0,
millet,23,23,0,0,0,0,0.00,0.0,
millionaire,431,426,0,0,5,37040,370.40,0.011737,
milwaukee,458,457,0,0,1,14227,142.27,0.002188,
mima,284,283,0,0,1,15959,159.59,0.003534,
minecraft,13,13,0,0,0,0,0.00,0.0,
minelab,85,84,0,0,1,115833,1158.33,0.011905,
minerva,133,130,0,0,3,23373,233.73,0.023077,
minimen,75,75,0,0,0,0,0.00,0.0,
minimotors,75,74,0,0,1,203351,2033.51,0.013514,
mio,183,181,1,0,1,14157,141.57,0.005525,1.0
miolla,5,5,0,0,0,0,0.00,0.0,
mioshi,4,4,0,0,0,0,0.00,0.0,
miracase,28,27,1,0,0,0,0.00,0.0,0.0
miracle,12,12,0,0,0,0,0.00,0.0,
miraculous,25,25,0,0,0,0,0.00,0.0,
mirage,407,399,0,0,8,74236,742.36,0.02005,
miromax,3,3,0,0,0,0,0.00,0.0,
misfit,28,28,0,0,0,0,0.00,0.0,
missha,585,581,0,0,4,8713,87.13,0.006885,
misty,71,71,0,0,0,0,0.00,0.0,
mitas,1,1,0,0,0,0,0.00,0.0,
mitasu,312,310,0,0,2,5688,56.88,0.006452,
mitre,86,85,0,0,1,4505,45.05,0.011765,
mitte,25,25,0,0,0,0,0.00,0.0,
miumiu,2,2,0,0,0,0,0.00,0.0,
mjx,49,48,0,0,1,47364,473.64,0.020833,
mltl,953,953,0,0,0,0,0.00,0.0,
mobil,968,961,0,0,7,20000,200.00,0.007284,
modern,80,76,3,0,1,2829,28.29,0.013158,0.333333
moldabela,1255,1246,0,0,9,140672,1406.72,0.007223,
molfix,1,1,0,0,0,0,0.00,0.0,
moliabal,168,167,0,0,1,1689,16.89,0.005988,
molten,9,9,0,0,0,0,0.00,0.0,
momentum,81,81,0,0,0,0,0.00,0.0,
momert,111,110,0,0,1,6100,61.00,0.009091,
monchhichi,7,7,0,0,0,0,0.00,0.0,
mongoose,8,8,0,0,0,0,0.00,0.0,
monkey,7,7,0,0,0,0,0.00,0.0,
monro,25,25,0,0,0,0,0.00,0.0,
monsher,1,1,0,0,0,0,0.00,0.0,
monster,13,13,0,0,0,0,0.00,0.0,
montale,2978,2881,43,0,54,424430,4244.30,0.018743,1.255814
montblanc,436,430,1,0,5,22104,221.04,0.011628,5.0
moon,143,141,0,0,2,45947,459.47,0.014184,
moony,81,75,0,0,6,11262,112.62,0.08,
moonybaby,51,50,1,0,0,0,0.00,0.0,0.0
moose,28,28,0,0,0,0,0.00,0.0,
moov,82,82,0,0,0,0,0.00,0.0,
mora,101,100,0,0,1,12393,123.93,0.01,
morakniv,1,1,0,0,0,0,0.00,0.0,
morel,411,406,0,0,5,30424,304.24,0.012315,
moroshka,7,7,0,0,0,0,0.00,0.0,
moschino,751,718,7,0,26,125801,1258.01,0.036212,3.714286
mosconi,24,23,0,0,1,56630,566.30,0.043478,
moser,301,301,0,0,0,0,0.00,0.0,
motivyotdyha,19,19,0,0,0,0,0.00,0.0,
motorguide,251,250,0,0,1,16062,160.62,0.004,
motorola,255,254,0,0,1,6564,65.64,0.003937,
motul,273,273,0,0,0,0,0.00,0.0,
moulinex,4555,4420,85,0,50,524014,5240.14,0.011312,0.588235
moxom,51,51,0,0,0,0,0.00,0.0,
mr.pixel,3,3,0,0,0,0,0.00,0.0,
mrm-power,23,23,0,0,0,0,0.00,0.0,
msi,3789,3763,6,0,20,1549561,15495.61,0.005315,3.333333
mstar,9,9,0,0,0,0,0.00,0.0,
mujjo,2,2,0,0,0,0,0.00,0.0,
muqaba,8,8,0,0,0,0,0.00,0.0,
muqajankz,499,497,0,0,2,6950,69.50,0.004024,
murager,208,204,0,0,4,36036,360.36,0.019608,
murena,2,2,0,0,0,0,0.00,0.0,
musclepharm,24,24,0,0,0,0,0.00,0.0,
muscletech,85,85,0,0,0,0,0.00,0.0,
must,4,4,0,0,0,0,0.00,0.0,
mustela,23,23,0,0,0,0,0.00,0.0,
mutant,708,697,0,0,11,44982,449.82,0.015782,
mutlu,299,297,0,0,2,25194,251.94,0.006734,
mutsy,29,27,0,0,2,180,1.80,0.074074,
mw-light,5,5,0,0,0,0,0.00,0.0,
mydean,198,198,0,0,0,0,0.00,0.0,
mykita,4,4,0,0,0,0,0.00,0.0,
mykronoz,542,533,4,0,5,39022,390.22,0.009381,1.25
myprotein,38,37,0,0,1,4620,46.20,0.027027,
mystar,82,82,0,0,0,0,0.00,0.0,
mystery,739,731,0,0,8,72589,725.89,0.010944,
mz,165,165,0,0,0,0,0.00,0.0,
nacon,25,23,0,0,2,23166,231.66,0.086957,
nadoba,50,49,0,0,1,16471,164.71,0.020408,
nady,2,2,0,0,0,0,0.00,0.0,
nakamichi,949,941,2,0,6,35520,355.20,0.006376,3.0
namazu,22,22,0,0,0,0,0.00,0.0,
nan,387,380,0,0,7,8146,81.46,0.018421,
nanga,15,15,0,0,0,0,0.00,0.0,
nania,443,440,1,0,2,23038,230.38,0.004545,2.0
naomi,11,10,0,0,1,12868,128.68,0.1,
napoleon,3,3,0,0,0,0,0.00,0.0,
naranda,19,19,0,0,0,0,0.00,0.0,
nasomatto,244,240,0,0,4,74120,741.20,0.016667,
nathan,6,6,0,0,0,0,0.00,0.0,
native,258,258,0,0,0,0,0.00,0.0,
natrol,138,135,0,0,3,3346,33.46,0.022222,
naturehike,327,327,0,0,0,0,0.00,0.0,
naturepan,1,1,0,0,0,0,0.00,0.0,
navien,2090,2008,20,0,62,3795882,37958.82,0.030876,3.1
navitel,1485,1455,18,0,12,125911,1259.11,0.008247,0.666667
nec,1,1,0,0,0,0,0.00,0.0,
neff,1,1,0,0,0,0,0.00,0.0,
nella,10,10,0,0,0,0,0.00,0.0,
neman,13,13,0,0,0,0,0.00,0.0,
neo,968,965,0,0,3,89601,896.01,0.003109,
neoclassic,3,3,0,0,0,0,0.00,0.0,
neoline,5199,5061,84,0,54,811366,8113.66,0.01067,0.642857
neposeda,72,72,0,0,0,0,0.00,0.0,
neptun,5,5,0,0,0,0,0.00,0.0,
nereus,4,4,0,0,0,0,0.00,0.0,
nerf,22,22,0,0,0,0,0.00,0.0,
nero,44,44,0,0,0,0,0.00,0.0,
nestogen,308,305,0,0,3,2343,23.43,0.009836,
netechnics,2254,2241,0,0,13,1066915,10669.15,0.005801,
netgear,9,9,0,0,0,0,0.00,0.0,
netis,10,10,0,0,0,0,0.00,0.0,
neumann,3,3,0,0,0,0,0.00,0.0,
neva,5,5,0,0,0,0,0.00,0.0,
nexen,2687,2641,9,0,37,247697,2476.97,0.01401,4.111111
nexpero,5980,5939,0,0,41,312252,3122.52,0.006904,
next,175,171,0,0,4,26176,261.76,0.023392,
nexttab,530,529,0,0,1,5660,56.60,0.00189,
nexttool,6,6,0,0,0,0,0.00,0.0,
nexxt,2,2,0,0,0,0,0.00,0.0,
niche,4,4,0,0,0,0,0.00,0.0,
nici,23,23,0,0,0,0,0.00,0.0,
niio,132,130,0,0,2,8082,80.82,0.015385,
nik,5,5,0,0,0,0,0.00,0.0,
nika,2955,2895,1,0,59,226350,2263.50,0.02038,59.0
nike,10561,10527,0,0,34,327744,3277.44,0.00323,
nikon,2624,2568,29,0,27,1222952,12229.52,0.010514,0.931034
nikotex,347,347,0,0,0,0,0.00,0.0,
nillkin,374,371,0,0,3,2703,27.03,0.008086,
ninebot,183,182,1,0,0,0,0.00,0.0,0.0
ningbo,2,2,0,0,0,0,0.00,0.0,
nintendo,1282,1249,11,0,22,567627,5676.27,0.017614,2.0
nioxin,46,46,0,0,0,0,0.00,0.0,
nishane,4,4,0,0,0,0,0.00,0.0,
nissan,39,39,0,0,0,0,0.00,0.0,
nitecore,233,233,0,0,0,0,0.00,0.0,
nitro,814,808,0,0,6,161911,1619.11,0.007426,
nitto,485,479,1,0,5,27175,271.75,0.010438,5.0
nivea,236,234,0,0,2,785,7.85,0.008547,
nixx,15,15,0,0,0,0,0.00,0.0,
nobby,163,161,1,0,1,2327,23.27,0.006211,1.0
nobu,2,2,0,0,0,0,0.00,0.0,
nocnezna,4,4,0,0,0,0,0.00,0.0,
noctua,3,3,0,0,0,0,0.00,0.0,
nodor,11,11,0,0,0,0,0.00,0.0,
nokia,17792,17194,386,0,212,1580951,15809.51,0.01233,0.549223
nokian,18625,17625,480,0,520,3914366,39143.66,0.029504,1.083333
noktamakro,107,107,0,0,0,0,0.00,0.0,
nomad,32,32,0,0,0,0,0.00,0.0,
nomi,6,5,0,0,1,10528,105.28,0.2,
noordi,2,2,0,0,0,0,0.00,0.0,
noppies,534,534,0,0,0,0,0.00,0.0,
noppiesbaby,2,2,0,0,0,0,0.00,0.0,
nord,46,46,0,0,0,0,0.00,0.0,
norfin,365,365,0,0,0,0,0.00,0.0,
norman,1,1,0,0,0,0,0.00,0.0,
normann,4,4,0,0,0,0,0.00,0.0,
norplast,6,6,0,0,0,0,0.00,0.0,
nortec,75,75,0,0,0,0,0.00,0.0,
note,108,107,0,0,1,1019,10.19,0.009346,
novatrack,26,26,0,0,0,0,0.00,0.0,
novigo,147,146,0,0,1,107336,1073.36,0.006849,
novline,226,226,0,0,0,0,0.00,0.0,
now,74,74,0,0,0,0,0.00,0.0,
nowodvorski,4,4,0,0,0,0,0.00,0.0,
nowystyl,4,4,0,0,0,0,0.00,0.0,
nubia,206,204,1,0,1,15957,159.57,0.004902,1.0
nuforce,1,1,0,0,0,0,0.00,0.0,
nuk,32,32,0,0,0,0,0.00,0.0,
numark,3,3,0,0,0,0,0.00,0.0,
nuna,150,147,0,0,3,62422,624.22,0.020408,
nurpress,1,1,0,0,0,0,0.00,0.0,
nutrex,234,232,0,0,2,8070,80.70,0.008621,
nutribullet,52,51,0,0,1,6178,61.78,0.019608,
nutricia,164,155,0,0,9,9440,94.40,0.058065,
nutrilak,10,10,0,0,0,0,0.00,0.0,
nutrilon,641,633,0,0,8,10904,109.04,0.012638,
nux,18,17,0,0,1,72074,720.74,0.058824,
nuxe,85,84,0,0,1,978,9.78,0.011905,
nvidia,25,25,0,0,0,0,0.00,0.0,
nvprint,2,2,0,0,0,0,0.00,0.0,
nyce,41,41,0,0,0,0,0.00,0.0,
nyne,1,1,0,0,0,0,0.00,0.0,
nz,159,159,0,0,0,0,0.00,0.0,
nzxt,101,99,0,0,2,38931,389.31,0.020202,
oase,7,7,0,0,0,0,0.00,0.0,
oasis,4859,4695,92,0,72,276243,2762.43,0.015335,0.782609
obi,262,261,0,0,1,33730,337.30,0.003831,
obsessive,41,40,0,0,1,2034,20.34,0.025,
ocz,9,9,0,0,0,0,0.00,0.0,
ogreen,4,4,0,0,0,0,0.00,0.0,
okuma,453,449,0,0,4,17668,176.68,0.008909,
ol-tex,15,15,0,0,0,0,0.00,0.0,
oleo-mac,2,2,0,0,0,0,0.00,0.0,
olimp,8,8,0,0,0,0,0.00,0.0,
olivella,19,19,0,0,0,0,0.00,0.0,
olmeko,148,148,0,0,0,0,0.00,0.0,
olmio,1160,1142,0,0,18,76085,760.85,0.015762,
olto,364,357,3,0,4,31294,312.94,0.011204,1.333333
olympus,85,83,0,0,2,182401,1824.01,0.024096,
omabelle,11257,11227,0,0,30,4167416,41674.16,0.002672,
ombra,306,305,0,0,1,22845,228.45,0.003279,
omnimount,14,14,0,0,0,0,0.00,0.0,
omnio,4,4,0,0,0,0,0.00,0.0,
omoikiri,82,82,0,0,0,0,0.00,0.0,
omron,5785,5511,144,0,130,769336,7693.36,0.023589,0.902778
on,26,26,0,0,0,0,0.00,0.0,
oneplus,6824,6766,8,0,50,3467360,34673.60,0.00739,6.25
onhillsport,3,2,0,0,1,4891,48.91,0.5,
onkron,143,142,0,0,1,32297,322.97,0.007042,
onlitop,783,781,0,0,2,33190,331.90,0.002561,
ooba,2,2,0,0,0,0,0.00,0.0,
opadiris,38,38,0,0,0,0,0.00,0.0,
opple,7,7,0,0,0,0,0.00,0.0,
oppo,47971,44834,2023,0,1114,24870741,248707.41,0.024847,0.550667
optima,186,183,1,0,2,11321,113.21,0.010929,2.0
optimus,30,30,0,0,0,0,0.00,0.0,
optoma,123,122,1,0,0,0,0.00,0.0,0.0
oral-b,647,632,10,0,5,15175,151.75,0.007911,0.5
orange,360,354,4,0,2,2072,20.72,0.00565,0.5
orangedaily,7,7,0,0,0,0,0.00,0.0,
orico,108,108,0,0,0,0,0.00,0.0,
orient,4254,4220,0,0,34,500293,5002.93,0.008057,
origami,7,7,0,0,0,0,0.00,0.0,
origins,179,179,0,0,0,0,0.00,0.0,
orion,1,1,0,0,0,0,0.00,0.0,
oris,342,342,0,0,0,0,0.00,0.0,
orium,51,47,0,0,4,125924,1259.24,0.085106,
orivel,6,6,0,0,0,0,0.00,0.0,
orjade,2,2,0,0,0,0,0.00,0.0,
orla,36,36,0,0,0,0,0.00,0.0,
orly,2,2,0,0,0,0,0.00,0.0,
ortega,103,103,0,0,0,0,0.00,0.0,
orto-bed,14,14,0,0,0,0,0.00,0.0,
ortopazl,2,2,0,0,0,0,0.00,0.0,
os,14,13,0,0,1,2314,23.14,0.076923,
osann,17,17,0,0,0,0,0.00,0.0,
osprey,5,5,0,0,0,0,0.00,0.0,
ostamebel,515,513,0,0,2,146310,1463.10,0.003899,
oster,42,41,0,0,1,15766,157.66,0.02439,
otan,288,286,0,0,2,126129,1261.29,0.006993,
otani,15,15,0,0,0,0,0.00,0.0,
otex,68,68,0,0,0,0,0.00,0.0,
oukitel,32,32,0,0,0,0,0.00,0.0,
ourgeneration,3,3,0,0,0,0,0.00,0.0,
oursson,493,487,0,0,6,60242,602.42,0.01232,
outwell,166,165,0,0,1,5998,59.98,0.006061,
ovation,512,505,0,0,7,80749,807.49,0.013861,
ovk,10,10,0,0,0,0,0.00,0.0,
owner,8,8,0,0,0,0,0.00,0.0,
ozkaplan,12,11,0,0,1,24711,247.11,0.090909,
p.i.t.,1226,1215,0,0,11,95662,956.62,0.009053,
pablosky,864,861,0,0,3,17246,172.46,0.003484,
packing,2,2,0,0,0,0,0.00,0.0,
pajak,5,5,0,0,0,0,0.00,0.0,
palisad,82,82,0,0,0,0,0.00,0.0,
palit,1791,1747,22,0,22,580277,5802.77,0.012593,1.0
palmers,122,121,0,0,1,339,3.39,0.008264,
pampers,371,361,0,0,10,9427,94.27,0.027701,
panasonic,9777,9468,207,0,102,1102210,11022.10,0.010773,0.492754
pandect,97,95,1,0,1,29422,294.22,0.010526,1.0
pandora,2841,2810,8,0,23,483292,4832.92,0.008185,2.875
pangao,120,119,0,0,1,7959,79.59,0.008403,
panouge,55,54,0,0,1,1030,10.30,0.018519,
papilla,5,5,0,0,0,0,0.00,0.0,
parkcity,66,66,0,0,0,0,0.00,0.0,
parklon,28,28,0,0,0,0,0.00,0.0,
parkmaster,853,847,0,0,6,38227,382.27,0.007084,
parkwood,5,5,0,0,0,0,0.00,0.0,
parrot,95,95,0,0,0,0,0.00,0.0,
partner,1069,1048,0,0,21,232406,2324.06,0.020038,
parus,2,2,0,0,0,0,0.00,0.0,
pasabahce,679,661,11,0,7,4975,49.75,0.01059,0.636364
pastel,1,1,0,0,0,0,0.00,0.0,
patrino,51,48,2,0,1,10294,102.94,0.020833,0.5
patriot,215,213,0,0,2,19674,196.74,0.00939,
pawpatrol,1,1,0,0,0,0,0.00,0.0,
payot,57,57,0,0,0,0,0.00,0.0,
pccooler,37,37,0,0,0,0,0.00,0.0,
pdw,141,139,0,0,2,63836,638.36,0.014388,
peak,234,230,0,0,4,40148,401.48,0.017391,
peavey,406,405,0,0,1,6693,66.93,0.002469,
peda,4941,4928,0,0,13,1709850,17098.50,0.002638,
pediasure,4,4,0,0,0,0,0.00,0.0,
pedrollo,209,208,0,0,1,86929,869.29,0.004808,
peg-perego,602,582,11,0,9,177560,1775.60,0.015464,0.818182
penn,11,11,0,0,0,0,0.00,0.0,
pensofal,43,43,0,0,0,0,0.00,0.0,
pentax,7,7,0,0,0,0,0.00,0.0,
pequetren,13,13,0,0,0,0,0.00,0.0,
perilla,2160,2042,76,0,42,124684,1246.84,0.020568,0.552632
perina,109,107,0,0,2,19448,194.48,0.018692,
permanence,37,37,0,0,0,0,0.00,0.0,
persona,968,968,0,0,0,0,0.00,0.0,
peruzzo,155,155,0,0,0,0,0.00,0.0,
petek,1493,1485,0,0,8,60543,605.43,0.005387,
peterhof,461,449,0,0,12,86716,867.16,0.026726,
petitfee,4,4,0,0,0,0,0.00,0.0,
petro-canada,97,96,0,0,1,2571,25.71,0.010417,
phantom,679,675,0,0,4,6744,67.44,0.005926,
philippus,1,1,0,0,0,0,0.00,0.0,
philips,28119,27039,639,0,441,4838960,48389.60,0.01631,0.690141
phillips,124,122,1,0,1,12096,120.96,0.008197,1.0
phoenix,2648,2576,55,0,17,284332,2843.32,0.006599,0.309091
piatnik,60,59,0,0,1,2291,22.91,0.016949,
picard,1265,1264,0,0,1,2445,24.45,7.91E-4,
pikate,205,201,0,0,4,38612,386.12,0.0199,
pilsan,5,5,0,0,0,0,0.00,0.0,
pinarello,10,10,0,0,0,0,0.00,0.0,
pinghudakebabycarrier,7,7,0,0,0,0,0.00,0.0,
pinskdrev,77,77,0,0,0,0,0.00,0.0,
pinti,17,17,0,0,0,0,0.00,0.0,
pintinox,108,108,0,0,0,0,0.00,0.0,
pinus,24,24,0,0,0,0,0.00,0.0,
pioneer,18229,18010,42,0,177,1818184,18181.84,0.009828,4.214286
pirelli,3276,3175,27,0,74,650159,6501.59,0.023307,2.740741
pisen,40,39,0,0,1,1726,17.26,0.025641,
pit,2,2,0,0,0,0,0.00,0.0,
pituso,1228,1195,8,0,25,231345,2313.45,0.020921,3.125
plamers,1,1,0,0,0,0,0.00,0.0,
planet,27,27,0,0,0,0,0.00,0.0,
planetaorganica,1,1,0,0,0,0,0.00,0.0,
plano,146,145,0,0,1,7709,77.09,0.006897,
plantex,20,20,0,0,0,0,0.00,0.0,
plantronics,1693,1622,45,0,26,82560,825.60,0.01603,0.577778
playgro,93,92,0,0,1,847,8.47,0.01087,
playlab,8,8,0,0,0,0,0.00,0.0,
playmates,24,24,0,0,0,0,0.00,0.0,
playme,1072,1055,9,0,8,104664,1046.64,0.007583,0.888889
playskool,3,3,0,0,0,0,0.00,0.0,
playway,3,3,0,0,0,0,0.00,0.0,
plextor,67,67,0,0,0,0,0.00,0.0,
plitex,391,385,2,0,4,16591,165.91,0.01039,2.0
pnb,139,130,0,0,9,5433,54.33,0.069231,
pny,119,119,0,0,0,0,0.00,0.0,
pocketbook,2005,1935,42,0,28,501679,5016.79,0.01447,0.666667
polar,255,255,0,0,0,0,0.00,0.0,
polaris,20492,19899,309,0,284,1085871,10858.71,0.014272,0.919094
polaroid,130,130,0,0,0,0,0.00,0.0,
polarring,9,9,0,0,0,0,0.00,0.0,
polese,8,8,0,0,0,0,0.00,0.0,
polesie,1,1,0,0,0,0,0.00,0.0,
poli,27,27,0,0,0,0,0.00,0.0,
police,4,4,0,0,0,0,0.00,0.0,
polini,1522,1503,4,0,15,239863,2398.63,0.00998,3.75
polo,19,19,0,0,0,0,0.00,0.0,
polti,93,93,0,0,0,0,0.00,0.0,
poopsie,52,52,0,0,0,0,0.00,0.0,
poppuri,1,1,0,0,0,0,0.00,0.0,
popurri,7,7,0,0,0,0,0.00,0.0,
porsche,101,98,0,0,3,42471,424.71,0.030612,
portcase,200,192,6,0,2,1642,16.42,0.010417,0.333333
powcan,114,111,0,0,3,95241,952.41,0.027027,
powercolor,304,302,0,0,2,35658,356.58,0.006623,
powerplant,440,428,8,0,4,24600,246.00,0.009346,0.5
powertec,219,219,0,0,0,0,0.00,0.0,
powertrac,2258,2205,5,0,48,205605,2056.05,0.021769,9.6
pozis,1080,1067,5,0,8,238121,2381.21,0.007498,1.6
pqi,7,7,0,0,0,0,0.00,0.0,
prada,179,178,0,0,1,6505,65.05,0.005618,
prc,86,86,0,0,0,0,0.00,0.0,
preciosa,79,79,0,0,0,0,0.00,0.0,
premier,1,1,0,0,0,0,0.00,0.0,
presonus,7,7,0,0,0,0,0.00,0.0,
prestige,104,103,0,0,1,24454,244.54,0.009709,
prestigio,5328,5098,125,0,105,557200,5572.00,0.020596,0.84
pride,2495,2479,0,0,16,178931,1789.31,0.006454,
privia,4,4,0,0,0,0,0.00,0.0,
pro-karaoke,161,160,0,0,1,18018,180.18,0.00625,
proel,11,11,0,0,0,0,0.00,0.0,
progress,20,20,0,0,0,0,0.00,0.0,
prolike,145,145,0,0,0,0,0.00,0.0,
prologic,886,882,0,0,4,43440,434.40,0.004535,
prology,149,149,0,0,0,0,0.00,0.0,
proma,14,13,0,0,1,25792,257.92,0.076923,
promate,8,8,0,0,0,0,0.00,0.0,
promountain,21,21,0,0,0,0,0.00,0.0,
promozer,63,63,0,0,0,0,0.00,0.0,
prosperplast,4,4,0,0,0,0,0.00,0.0,
protherm,25,25,0,0,0,0,0.00,0.0,
provence,12,11,1,0,0,0,0.00,0.0,0.0
provoc,9,9,0,0,0,0,0.00,0.0,
proxxon,51,51,0,0,0,0,0.00,0.0,
psyonix,3,3,0,0,0,0,0.00,0.0,
pt-group,3427,3408,0,0,19,371956,3719.56,0.005575,
pubg,2,2,0,0,0,0,0.00,0.0,
puckator,172,172,0,0,0,0,0.00,0.0,
pulser,7696,7659,0,0,37,2440876,24408.76,0.004831,
puma,1867,1859,0,0,8,76500,765.00,0.004303,
pupa,955,942,0,0,13,19165,191.65,0.0138,
purederm,185,182,0,0,3,654,6.54,0.016484,
puridea,2,2,0,0,0,0,0.00,0.0,
pyrex,233,220,7,0,6,8172,81.72,0.027273,0.857143
qazaqkhan,7,7,0,0,0,0,0.00,0.0,
qazprotein,25,24,0,0,1,1918,19.18,0.041667,
qcyber,25,25,0,0,0,0,0.00,0.0,
qiangchi,143,140,0,0,3,45921,459.21,0.021429,
qmax,462,461,0,0,1,8029,80.29,0.002169,
qnap,43,43,0,0,0,0,0.00,0.0,
qnt,44,44,0,0,0,0,0.00,0.0,
qplay,1,1,0,0,0,0,0.00,0.0,
quatro,37,37,0,0,0,0,0.00,0.0,
quechua,24,23,0,0,1,1799,17.99,0.043478,
quinny,86,84,0,0,2,95987,959.87,0.02381,
qvs,33,33,0,0,0,0,0.00,0.0,
r-senda,2,2,0,0,0,0,0.00,0.0,
racer,1364,1354,0,0,10,405962,4059.62,0.007386,
radaway,495,485,7,0,3,201078,2010.78,0.006186,0.428571
rado,507,506,0,0,1,205926,2059.26,0.001976,
ragolle,8,8,0,0,0,0,0.00,0.0,
rainbo,133,130,2,0,1,9007,90.07,0.007692,0.5
rals,2993,2975,0,0,18,1008424,10084.24,0.00605,
ramili,42,41,0,0,1,6152,61.52,0.02439,
ramilibaby,5,5,0,0,0,0,0.00,0.0,
rant,960,942,10,0,8,54803,548.03,0.008493,0.8
rapala,21,21,0,0,0,0,0.00,0.0,
rapid,318,313,4,0,1,1542,15.42,0.003195,0.25
rapoo,363,355,2,0,6,15077,150.77,0.016901,3.0
rare,7,7,0,0,0,0,0.00,0.0,
rasch,22,22,0,0,0,0,0.00,0.0,
rastar,1490,1445,35,0,10,23623,236.23,0.00692,0.285714
ravak,9,9,0,0,0,0,0.00,0.0,
raveltex,21,20,0,0,1,20747,207.47,0.05,
ray-ban,260,257,0,0,3,75062,750.62,0.011673,
razer,777,763,2,0,12,106069,1060.69,0.015727,6.0
rcf,27,27,0,0,0,0,0.00,0.0,
rcr,120,119,0,0,1,1802,18.02,0.008403,
rebellion,33,33,0,0,0,0,0.00,0.0,
rebus,716,705,5,0,6,105683,1056.83,0.008511,1.2
recaro,18,18,0,0,0,0,0.00,0.0,
redblu,5,5,0,0,0,0,0.00,0.0,
redbo,394,394,0,0,0,0,0.00,0.0,
redford,287,285,0,0,2,35058,350.58,0.007018,
redken,5,5,0,0,0,0,0.00,0.0,
redline,17,17,0,0,0,0,0.00,0.0,
redmond,27949,26988,569,0,392,2712154,27121.54,0.014525,0.688928
redragon,701,688,4,0,9,22681,226.81,0.013081,2.25
reebok,2395,2380,0,0,15,176219,1762.19,0.006303,
regatta,36,36,0,0,0,0,0.00,0.0,
regent,38,37,0,0,1,10261,102.61,0.027027,
relouis,86,85,0,0,1,270,2.70,0.011765,
reluce,131,129,0,0,2,3228,32.28,0.015504,
remain,321,317,0,0,4,93335,933.35,0.012618,
remax,714,692,13,0,9,18247,182.47,0.013006,0.692308
remer,3,3,0,0,0,0,0.00,0.0,
remington,3075,2912,96,0,67,369078,3690.78,0.023008,0.697917
remix,104,104,0,0,0,0,0.00,0.0,
remo,26,26,0,0,0,0,0.00,0.0,
remonte,262,262,0,0,0,0,0.00,0.0,
renberg,12,12,0,0,0,0,0.00,0.0,
renegade,34,34,0,0,0,0,0.00,0.0,
renova,405,396,0,0,9,70950,709.50,0.022727,
renovator,3,3,0,0,0,0,0.00,0.0,
repetto,13,13,0,0,0,0,0.00,0.0,
replica,1,1,0,0,0,0,0.00,0.0,
resanta,104,102,2,0,0,0,0.00,0.0,0.0
respect,26731,26556,0,0,175,1300072,13000.72,0.00659,
restar,2,2,0,0,0,0,0.00,0.0,
retrosuperfuture,5,5,0,0,0,0,0.00,0.0,
rev,1,1,0,0,0,0,0.00,0.0,
revlon,15,15,0,0,0,0,0.00,0.0,
revuele,3,3,0,0,0,0,0.00,0.0,
rexco,2,2,0,0,0,0,0.00,0.0,
rextor,58,57,0,0,1,4354,43.54,0.017544,
rezult,124,122,0,0,2,3398,33.98,0.016393,
rheinberger,52,52,0,0,0,0,0.00,0.0,
rial,939,933,0,0,6,206092,2060.92,0.006431,
ricco,19,19,0,0,0,0,0.00,0.0,
riche,17,17,0,0,0,0,0.00,0.0,
ricoh,87,87,0,0,0,0,0.00,0.0,
ride,114,114,0,0,0,0,0.00,0.0,
ridian,36,36,0,0,0,0,0.00,0.0,
rieker,6693,6657,0,0,36,335375,3353.75,0.005408,
riga,537,526,0,0,11,372705,3727.05,0.020913,
rihanna,4,4,0,0,0,0,0.00,0.0,
rika,24,24,0,0,0,0,0.00,0.0,
riken,23,22,0,0,1,2188,21.88,0.045455,
riko,136,135,0,0,1,30886,308.86,0.007407,
rimax,364,360,0,0,4,132668,1326.68,0.011111,
riminiflash,2,2,0,0,0,0,0.00,0.0,
rimmel,1,1,0,0,0,0,0.00,0.0,
rimmellondon,10,10,0,0,0,0,0.00,0.0,
rinax,2,2,0,0,0,0,0.00,0.0,
rinnai,926,902,14,0,10,821898,8218.98,0.011086,0.714286
rise,3,3,0,0,0,0,0.00,0.0,
ristanskaakeramika,3,3,0,0,0,0,0.00,0.0,
ritmix,4989,4923,24,0,42,82817,828.17,0.008531,1.75
rivacase,317,315,0,0,2,5120,51.20,0.006349,
rivakoch,7,7,0,0,0,0,0.00,0.0,
rivalli,86,85,0,0,1,51456,514.56,0.011765,
rivertoys,1281,1268,0,0,13,271153,2711.53,0.010252,
riviera,319,316,0,0,3,152793,1527.93,0.009494,
rline,3,3,0,0,0,0,0.00,0.0,
roadcruza,38,36,0,0,2,20155,201.55,0.055556,
roadstone,1309,1288,0,0,21,161333,1613.33,0.016304,
roadx,2671,2608,4,0,59,299424,2994.24,0.022623,14.75
roamer,72,72,0,0,0,0,0.00,0.0,
robens,16,16,0,0,0,0,0.00,0.0,
roblox,1,1,0,0,0,0,0.00,0.0,
robobloq,3,3,0,0,0,0,0.00,0.0,
roborock,65,65,0,0,0,0,0.00,0.0,
robotime,4,4,0,0,0,0,0.00,0.0,
robotis,9,9,0,0,0,0,0.00,0.0,
roca,142,142,0,0,0,0,0.00,0.0,
rochas,28,28,0,0,0,0,0.00,0.0,
rock,24,24,0,0,0,0,0.00,0.0,
rockdale,90,89,0,0,1,10811,108.11,0.011236,
rockforce,295,295,0,0,0,0,0.00,0.0,
rockstargames,21,21,0,0,0,0,0.00,0.0,
rode,19,19,0,0,0,0,0.00,0.0,
rodi,31,30,1,0,0,0,0.00,0.0,0.0
roeyuta,2,2,0,0,0,0,0.00,0.0,
rogervandenberghenv,4,4,0,0,0,0,0.00,0.0,
roingto,58,54,0,0,4,100131,1001.31,0.074074,
rokids,63,63,0,0,0,0,0.00,0.0,
roland,423,420,0,0,3,300310,3003.10,0.007143,
rolife,2,2,0,0,0,0,0.00,0.0,
romack,93,93,0,0,0,0,0.00,0.0,
romana,563,561,0,0,2,42730,427.30,0.003565,
romanson,593,588,0,0,5,68059,680.59,0.008503,
romax,102,102,0,0,0,0,0.00,0.0,
rombica,445,426,11,0,8,22021,220.21,0.018779,0.727273
romer,12,12,0,0,0,0,0.00,0.0,
ronas,40,40,0,0,0,0,0.00,0.0,
roncato,718,713,0,0,5,114031,1140.31,0.007013,
rondell,5853,5703,86,0,64,352666,3526.66,0.011222,0.744186
rooman,1946,1933,0,0,13,74159,741.59,0.006725,
rosa,337,334,0,0,3,15906,159.06,0.008982,
rosato,22,22,0,0,0,0,0.00,0.0,
rosetta,159,158,0,0,1,14003,140.03,0.006329,
rosmen,1,1,0,0,0,0,0.00,0.0,
rossia,1,1,0,0,0,0,0.00,0.0,
rossignol,8,8,0,0,0,0,0.00,0.0,
rossinka,172,171,0,0,1,3676,36.76,0.005848,
rotiform,5,5,0,0,0,0,0.00,0.0,
rotor,2,2,0,0,0,0,0.00,0.0,
rotorazer,3,3,0,0,0,0,0.00,0.0,
rowenta,8482,8019,266,0,197,1022639,10226.39,0.024567,0.740602
roxy,94,93,0,0,1,409,4.09,0.010753,
royal,174,173,0,0,1,1255,12.55,0.00578,
royalblack,9,9,0,0,0,0,0.00,0.0,
royallondon,1,1,0,0,0,0,0.00,0.0,
rozenbal,104,104,0,0,0,0,0.00,0.0,
rubelli,19,19,0,0,0,0,0.00,0.0,
rubiks,38,38,0,0,0,0,0.00,0.0,
rubineta,129,129,0,0,0,0,0.00,0.0,
rucelf,61,58,1,0,2,28052,280.52,0.034483,2.0
ruike,3,3,0,0,0,0,0.00,0.0,
ruixinlang,10,10,0,0,0,0,0.00,0.0,
rusgoldart,5,5,0,0,0,0,0.00,0.0,
rush,475,471,0,0,4,62410,624.10,0.008493,
russia,12,12,0,0,0,0,0.00,0.0,
rw,69,69,0,0,0,0,0.00,0.0,
ryobi,747,745,1,0,1,12315,123.15,0.001342,1.0
ryor,9,9,0,0,0,0,0.00,0.0,
s-oil,94,94,0,0,0,0,0.00,0.0,
s.a.n.,247,243,0,0,4,9510,95.10,0.016461,
sabi,13,13,0,0,0,0,0.00,0.0,
sachiko,12,12,0,0,0,0,0.00,0.0,
sacvoyage,51,51,0,0,0,0,0.00,0.0,
safecess,1,1,0,0,0,0,0.00,0.0,
saferich,251,250,0,0,1,7465,74.65,0.004,
sailun,729,717,0,0,12,76821,768.21,0.016736,
saipo,4,4,0,0,0,0,0.00,0.0,
sakura,123,119,0,0,4,6398,63.98,0.033613,
salamander,4587,4565,0,0,22,196067,1960.67,0.004819,
salewa,51,51,0,0,0,0,0.00,0.0,
sallyhansen,5,5,0,0,0,0,0.00,0.0,
salmo,170,168,0,0,2,1837,18.37,0.011905,
salomon,29,29,0,0,0,0,0.00,0.0,
salvatoreferragamo,1,1,0,0,0,0,0.00,0.0,
salvinelli,4,4,0,0,0,0,0.00,0.0,
samo,46,44,0,0,2,2723,27.23,0.045455,
samonite,2,2,0,0,0,0,0.00,0.0,
samson,79,79,0,0,0,0,0.00,0.0,
samsonite,41,41,0,0,0,0,0.00,0.0,
samsung,528107,480574,30130,0,17403,468465143,4684651.43,0.036213,0.577597
samy,1,1,0,0,0,0,0.00,0.0,
san,23,23,0,0,0,0,0.00,0.0,
sandisk,192,190,1,0,1,6433,64.33,0.005263,1.0
saniano,3,3,0,0,0,0,0.00,0.0,
sanita,258,256,0,0,2,13941,139.41,0.007813,
sanjia,1,1,0,0,0,0,0.00,0.0,
sanovit,4,4,0,0,0,0,0.00,0.0,
santek,236,235,0,0,1,12905,129.05,0.004255,
santeri,431,425,4,0,2,11519,115.19,0.004706,0.5
sapphire,294,290,0,0,4,109501,1095.01,0.013793,
sariel,87,87,0,0,0,0,0.00,0.0,
sasta,16,16,0,0,0,0,0.00,0.0,
satura,81,81,0,0,0,0,0.00,0.0,
saturn,4554,4472,33,0,49,182652,1826.52,0.010957,1.484848
sava,1183,1154,1,0,28,328015,3280.15,0.024263,28.0
sbs,4,4,0,0,0,0,0.00,0.0,
sbw,4,4,0,0,0,0,0.00,0.0,
scarlett,12049,11793,130,0,126,439527,4395.27,0.010684,0.969231
schaublorenz,1,1,0,0,0,0,0.00,0.0,
schecter,27,26,0,0,1,42741,427.41,0.038462,
scher-khan,204,204,0,0,0,0,0.00,0.0,
schneider,117,117,0,0,0,0,0.00,0.0,
schreuders,96,95,0,0,1,3861,38.61,0.010526,
schwinn,40,40,0,0,0,0,0.00,0.0,
scierra,147,147,0,0,0,0,0.00,0.0,
scinic,5,5,0,0,0,0,0.00,0.0,
scivation,25,25,0,0,0,0,0.00,0.0,
scool,29,29,0,0,0,0,0.00,0.0,
scoole,223,220,2,0,1,3063,30.63,0.004545,0.5
scooter,44,43,1,0,0,0,0.00,0.0,0.0
scott,105,105,0,0,0,0,0.00,0.0,
scovo,340,338,0,0,2,3310,33.10,0.005917,
scruff-a-luvs,5,5,0,0,0,0,0.00,0.0,
scythe,2,2,0,0,0,0,0.00,0.0,
sdt,25,25,0,0,0,0,0.00,0.0,
seagate,774,758,7,0,9,56646,566.46,0.011873,1.285714
sebamed,6,6,0,0,0,0,0.00,0.0,
seed,14,14,0,0,0,0,0.00,0.0,
sega,441,440,0,0,1,3601,36.01,0.002273,
segotep,50,50,0,0,0,0,0.00,0.0,
segway,242,242,0,0,0,0,0.00,0.0,
seiko,530,530,0,0,0,0,0.00,0.0,
seintex,31,30,0,0,1,2034,20.34,0.033333,
selby,914,869,25,0,20,80517,805.17,0.023015,0.8
selective,116,115,0,0,1,4574,45.74,0.008696,
seletti,21,21,0,0,0,0,0.00,0.0,
senci,114,114,0,0,0,0,0.00,0.0,
sencor,6,6,0,0,0,0,0.00,0.0,
sennheiser,440,433,0,0,7,52129,521.29,0.016166,
serebro,135,129,0,0,6,2445,24.45,0.046512,
sevenfriday,27,27,0,0,0,0,0.00,0.0,
sgary,1,1,0,0,0,0,0.00,0.0,
shagovita,1628,1621,0,0,7,39180,391.80,0.004318,
shaik,60,60,0,0,0,0,0.00,0.0,
shakira,65,64,0,0,1,1101,11.01,0.015625,
shangpree,2,2,0,0,0,0,0.00,0.0,
sharking,17,17,0,0,0,0,0.00,0.0,
sheba,49,49,0,0,0,0,0.00,0.0,
sheffilton,27,27,0,0,0,0,0.00,0.0,
shell,1202,1189,2,0,11,26615,266.15,0.009251,5.5
shengyuan,1,1,0,0,0,0,0.00,0.0,
shenma,205,205,0,0,0,0,0.00,0.0,
sheyk,7,7,0,0,0,0,0.00,0.0,
shimano,963,957,0,0,6,79562,795.62,0.00627,
shindo,50,50,0,0,0,0,0.00,0.0,
ship,43,43,0,0,0,0,0.00,0.0,
shiraz,1,1,0,0,0,0,0.00,0.0,
shiseido,396,394,0,0,2,9133,91.33,0.005076,
shivaki,2689,2649,13,0,27,387833,3878.33,0.010193,2.076923
sho-me,4648,4479,101,0,68,980014,9800.14,0.015182,0.673267
shogun,55,55,0,0,0,0,0.00,0.0,
shoiberg,44,44,0,0,0,0,0.00,0.0,
shopkins,16,16,0,0,0,0,0.00,0.0,
shua,105,104,0,0,1,200777,2007.77,0.009615,
shunxiang,2,2,0,0,0,0,0.00,0.0,
shure,379,373,0,0,6,150942,1509.42,0.016086,
sibirskietovary,4,4,0,0,0,0,0.00,0.0,
sibrteh,12,12,0,0,0,0,0.00,0.0,
siee,10,10,0,0,0,0,0.00,0.0,
siemens,11,11,0,0,0,0,0.00,0.0,
siger,233,229,4,0,0,0,0.00,0.0,0.0
sigma,170,170,0,0,0,0,0.00,0.0,
signal,77,77,0,0,0,0,0.00,0.0,
signature,2,2,0,0,0,0,0.00,0.0,
silampos,4,4,0,0,0,0,0.00,0.0,
silhouette,41,41,0,0,0,0,0.00,0.0,
silva,219,219,0,0,0,0,0.00,0.0,
silverlit,2777,2773,0,0,4,11669,116.69,0.001442,
silverstone,15,15,0,0,0,0,0.00,0.0,
sima-land,109,108,0,0,1,3573,35.73,0.009259,
simax,2,2,0,0,0,0,0.00,0.0,
simba,174,173,0,0,1,4579,45.79,0.00578,
simfer,154,154,0,0,0,0,0.00,0.0,
similac,161,159,0,0,2,2089,20.89,0.012579,
simpleparenting,66,65,0,0,1,38354,383.54,0.015385,
simurg,5,5,0,0,0,0,0.00,0.0,
sinbo,91,91,0,0,0,0,0.00,0.0,
singer,132,132,0,0,0,0,0.00,0.0,
sinotex,163,161,0,0,2,19884,198.84,0.012422,
sinusprofi,14,14,0,0,0,0,0.00,0.0,
sirius,101,101,0,0,0,0,0.00,0.0,
sis,69,69,0,0,0,0,0.00,0.0,
sisley,24,22,0,0,2,29246,292.46,0.090909,
siton,1,1,0,0,0,0,0.00,0.0,
sitparad,20,20,0,0,0,0,0.00,0.0,
sjcam,597,586,8,0,3,33304,333.04,0.005119,0.375
skad,9912,9827,0,0,85,1879707,18797.07,0.00865,
skagen,228,228,0,0,0,0,0.00,0.0,
skandika,11,11,0,0,0,0,0.00,0.0,
skechers,2,2,0,0,0,0,0.00,0.0,
skil,18,15,0,0,3,30117,301.17,0.2,
skwooshi,2,2,0,0,0,0,0.00,0.0,
skylor,73,72,0,0,1,7980,79.80,0.013889,
skytech,122,119,0,0,3,7713,77.13,0.02521,
skyworth,100,100,0,0,0,0,0.00,0.0,
slaro,10,10,0,0,0,0,0.00,0.0,
slider,33,33,0,0,0,0,0.00,0.0,
sluban,9,8,0,0,1,746,7.46,0.125,
sly,271,269,0,0,2,7048,70.48,0.007435,
smalvic,6,6,0,0,0,0,0.00,0.0,
smart,1017,1009,4,0,4,218564,2185.64,0.003964,1.0
smartbuy,40,40,0,0,0,0,0.00,0.0,
smartrike,196,195,0,0,1,10013,100.13,0.005128,
smarttrike,2,2,0,0,0,0,0.00,0.0,
smashbox,485,481,0,0,4,16264,162.64,0.008316,
smeg,2685,2664,13,0,8,293610,2936.10,0.003003,0.615385
smiger,23,23,0,0,0,0,0.00,0.0,
smile,988,980,1,0,7,30795,307.95,0.007143,7.0
smoby,92,92,0,0,0,0,0.00,0.0,
sms,98,95,0,0,3,3087,30.87,0.031579,
smtt,5,5,0,0,0,0,0.00,0.0,
snez,2,2,0,0,0,0,0.00,0.0,
snowcap,323,322,0,0,1,3449,34.49,0.003106,
softoy,26,26,0,0,0,0,0.00,0.0,
sokany,7,7,0,0,0,0,0.00,0.0,
sokolov,9798,9683,0,0,115,2041628,20416.28,0.011876,
solaris,119,118,0,0,1,2983,29.83,0.008475,
solarstorm,13,13,0,0,0,0,0.00,0.0,
solite,164,163,0,0,1,10296,102.96,0.006135,
solomon,271,270,0,0,1,9267,92.67,0.003704,
solostyle,5,5,0,0,0,0,0.00,0.0,
sonar,1,1,0,0,0,0,0.00,0.0,
sonda,56,56,0,0,0,0,0.00,0.0,
sonel,758,747,0,0,11,104145,1041.45,0.014726,
sonny,2,2,0,0,0,0,0.00,0.0,
sonor,3,3,0,0,0,0,0.00,0.0,
sony,45658,44045,979,0,634,23552184,235521.84,0.014394,0.6476
sonyinteractiveentertainment,112,99,9,0,4,26760,267.60,0.040404,0.444444
sospiro,15,15,0,0,0,0,0.00,0.0,
soundking,46,46,0,0,0,0,0.00,0.0,
soundstream,29,29,0,0,0,0,0.00,0.0,
sowell,4,4,0,0,0,0,0.00,0.0,
soyntec,35,35,0,0,0,0,0.00,0.0,
spalding,21,21,0,0,0,0,0.00,0.0,
spalenka,1,1,0,0,0,0,0.00,0.0,
spaquatoria,92,92,0,0,0,0,0.00,0.0,
sparta,1240,1223,0,0,17,36008,360.08,0.0139,
specialized,50,50,0,0,0,0,0.00,0.0,
speroni,28,28,0,0,0,0,0.00,0.0,
sphero,10,10,0,0,0,0,0.00,0.0,
spiegelau,41,40,0,0,1,3601,36.01,0.025,
spinmaster,29,29,0,0,0,0,0.00,0.0,
spinmop,2,2,0,0,0,0,0.00,0.0,
splashlings,4,4,0,0,0,0,0.00,0.0,
sportbaby,111,111,0,0,0,0,0.00,0.0,
sportop,87,87,0,0,0,0,0.00,0.0,
spur,305,305,0,0,0,0,0.00,0.0,
squier,272,270,1,0,1,18997,189.97,0.003704,1.0
stabila,15,14,0,0,1,17329,173.29,0.071429,
stagg,600,592,0,0,8,89063,890.63,0.013514,
stahlberg,9,9,0,0,0,0,0.00,0.0,
stalemal,15,15,0,0,0,0,0.00,0.0,
stalker,57,57,0,0,0,0,0.00,0.0,
standard,6,6,0,0,0,0,0.00,0.0,
standart,2,2,0,0,0,0,0.00,0.0,
stanley,3580,3559,7,0,14,56340,563.40,0.003934,2.0
stark,199,197,2,0,0,0,0.00,0.0,0.0
starline,13040,12447,389,0,204,2811525,28115.25,0.016389,0.524422
starmix,30,30,0,0,0,0,0.00,0.0,
startline,5,5,0,0,0,0,0.00,0.0,
startul,1019,1014,0,0,5,25151,251.51,0.004931,
starwars,1,1,0,0,0,0,0.00,0.0,
starway,12,12,0,0,0,0,0.00,0.0,
stavia,4,4,0,0,0,0,0.00,0.0,
stavr,4,4,0,0,0,0,0.00,0.0,
stayer,525,521,0,0,4,9060,90.60,0.007678,
stealth,6,6,0,0,0,0,0.00,0.0,
steba,9,8,1,0,0,0,0.00,0.0,0.0
steelflex,167,167,0,0,0,0,0.00,0.0,
steelpower,4,4,0,0,0,0,0.00,0.0,
steelseries,658,632,13,0,13,73604,736.04,0.02057,1.0
steger,18,18,0,0,0,0,0.00,0.0,
stellar,5,5,0,0,0,0,0.00,0.0,
stels,23562,23216,38,0,308,2869353,28693.53,0.013267,8.105263
stelz,2,2,0,0,0,0,0.00,0.0,
stendmebel,1369,1358,0,0,11,208574,2085.74,0.0081,
steppuzzle,30,30,0,0,0,0,0.00,0.0,
stern,3,3,0,0,0,0,0.00,0.0,
sterntaler,49,49,0,0,0,0,0.00,0.0,
sti,22,22,0,0,0,0,0.00,0.0,
stiga,207,205,2,0,0,0,0.00,0.0,0.0
stihl,1983,1962,0,0,21,484208,4842.08,0.010703,
stikbot,22,22,0,0,0,0,0.00,0.0,
stinger,115,114,0,0,1,6178,61.78,0.008772,
stinol,19,19,0,0,0,0,0.00,0.0,
stl,9,9,0,0,0,0,0.00,0.0,
stn,1,1,0,0,0,0,0.00,0.0,
stockli,8,8,0,0,0,0,0.00,0.0,
stokke,151,151,0,0,0,0,0.00,0.0,
stolplit,232,232,0,0,0,0,0.00,0.0,
stonelock,20,20,0,0,0,0,0.00,0.0,
storm,14,14,0,0,0,0,0.00,0.0,
strobbs,3887,3856,0,0,31,144476,1444.76,0.008039,
strunal,1,1,0,0,0,0,0.00,0.0,
stryj,1,1,0,0,0,0,0.00,0.0,
studio,4,4,0,0,0,0,0.00,0.0,
studiomaster,25,25,0,0,0,0,0.00,0.0,
studioprofessional,3,3,0,0,0,0,0.00,0.0,
stuntcar,3,3,0,0,0,0,0.00,0.0,
suave,223,222,0,0,1,10682,106.82,0.004505,
subini,361,360,0,0,1,16731,167.31,0.002778,
sufix,14,14,0,0,0,0,0.00,0.0,
sulu,397,396,0,0,1,5148,51.48,0.002525,
sumdex,503,499,3,0,1,8417,84.17,0.002004,0.333333
sumitomo,4,4,0,0,0,0,0.00,0.0,
sunbody,66,66,0,0,0,0,0.00,0.0,
suncolor,24,24,0,0,0,0,0.00,0.0,
sunday,168,167,0,0,1,26770,267.70,0.005988,
sunfull,79,79,0,0,0,0,0.00,0.0,
sunmi,37,36,0,0,1,20593,205.93,0.027778,
sunsuki,78,78,0,0,0,0,0.00,0.0,
sunsystem,12,12,0,0,0,0,0.00,0.0,
suntech-msks,3,3,0,0,0,0,0.00,0.0,
sunwide,286,281,0,0,5,31970,319.70,0.017794,
superfine,2,2,0,0,0,0,0.00,0.0,
superlux,25,25,0,0,0,0,0.00,0.0,
supermicro,4,4,0,0,0,0,0.00,0.0,
suunto,380,380,0,0,0,0,0.00,0.0,
suzuki,7,7,0,0,0,0,0.00,0.0,
sv,17252,17148,0,0,104,2521402,25214.02,0.006065,
svar,5,5,0,0,0,0,0.00,0.0,
svc,866,848,9,0,9,24855,248.55,0.010613,1.0
sven,4066,3958,45,0,63,278273,2782.73,0.015917,1.4
svetogor,1,1,0,0,0,0,0.00,0.0,
svoboda,1,1,0,0,0,0,0.00,0.0,
swarovski,5,5,0,0,0,0,0.00,0.0,
swat,1455,1441,0,0,14,143067,1430.67,0.009715,
swatch,351,350,0,0,1,7310,73.10,0.002857,
sweety,93,91,0,0,2,3192,31.92,0.021978,
swisshome,1051,1036,0,0,15,187007,1870.07,0.014479,
swissline,31,31,0,0,0,0,0.00,0.0,
syma,826,821,0,0,5,33712,337.12,0.00609,
synology,27,27,0,0,0,0,0.00,0.0,
syntrax,97,94,0,0,3,12472,124.72,0.031915,
t-max,786,783,0,0,3,167623,1676.23,0.003831,
t-rex,131,130,0,0,1,4626,46.26,0.007692,
tactic,7,7,0,0,0,0,0.00,0.0,
tacx,188,184,2,0,2,30838,308.38,0.01087,1.0
tailg,1,1,0,0,0,0,0.00,0.0,
takamine,141,141,0,0,0,0,0.00,0.0,
takeit,56,53,1,0,2,848,8.48,0.037736,2.0
tako,24,24,0,0,0,0,0.00,0.0,
taller,132,132,0,0,0,0,0.00,0.0,
tamaris,1059,1052,0,0,7,56220,562.20,0.006654,
tamish,43,43,0,0,0,0,0.00,0.0,
tanglewood,25,24,0,0,1,24454,244.54,0.041667,
tao-tao,2,2,0,0,0,0,0.00,0.0,
targus,4,4,0,0,0,0,0.00,0.0,
tarkett,1503,1500,0,0,3,1737,17.37,0.002,
tarlan,16,16,0,0,0,0,0.00,0.0,
tascam,11,11,0,0,0,0,0.00,0.0,
taxi,15,15,0,0,0,0,0.00,0.0,
tch,132,132,0,0,0,0,0.00,0.0,
tcl,3967,3802,80,0,85,2258878,22588.78,0.022357,1.0625
tdm,19,19,0,0,0,0,0.00,0.0,
teamgroup,3,3,0,0,0,0,0.00,0.0,
tec,150,150,0,0,0,0,0.00,0.0,
tech-line,238,235,0,0,3,95138,951.38,0.012766,
technogym,58,58,0,0,0,0,0.00,0.0,
technomax,249,248,0,0,1,15831,158.31,0.004032,
tecno,568,560,0,0,8,87056,870.56,0.014286,
tedmyfriend,2,2,0,0,0,0,0.00,0.0,
tefal,19694,18854,486,0,354,3556638,35566.38,0.018776,0.728395
tega,151,151,0,0,0,0,0.00,0.0,
teka,142,142,0,0,0,0,0.00,0.0,
teknetics,29,29,0,0,0,0,0.00,0.0,
teknum,81,79,0,0,2,15444,154.44,0.025316,
telecom,1,1,0,0,0,0,0.00,0.0,
telefunken,103,103,0,0,0,0,0.00,0.0,
telwin,29,29,0,0,0,0,0.00,0.0,
temp,7,7,0,0,0,0,0.00,0.0,
tempish,80,80,0,0,0,0,0.00,0.0,
tenda,202,201,0,0,1,3059,30.59,0.004975,
teorema,26,26,0,0,0,0,0.00,0.0,
teosa,1095,1090,0,0,5,19667,196.67,0.004587,
teplokryma,5,5,0,0,0,0,0.00,0.0,
teploross,573,558,8,0,7,104002,1040.02,0.012545,0.875
terra,88,88,0,0,0,0,0.00,0.0,
terris,220,217,0,0,3,9138,91.38,0.013825,
teslastyle,4,4,0,0,0,0,0.00,0.0,
tesler,49,49,0,0,0,0,0.00,0.0,
tesma,3,3,0,0,0,0,0.00,0.0,
tesoro,447,447,0,0,0,0,0.00,0.0,
texet,3958,3856,51,0,51,128474,1284.74,0.013226,1.0
textura,27,27,0,0,0,0,0.00,0.0,
teyko,12,12,0,0,0,0,0.00,0.0,
thermaltake,1056,1047,1,0,8,57151,571.51,0.007641,8.0
thermex,1380,1315,32,0,33,348849,3488.49,0.025095,1.03125
thomas,3464,3364,56,0,44,1517360,15173.60,0.01308,0.785714
thor,8,8,0,0,0,0,0.00,0.0,
thorvik,57,56,0,0,1,7568,75.68,0.017857,
three-a,3,3,0,0,0,0,0.00,0.0,
thrustmaster,296,293,2,0,1,35520,355.20,0.003413,0.5
thule,1231,1219,9,0,3,70076,700.76,0.002461,0.333333
tierra,6,6,0,0,0,0,0.00,0.0,
tigar,2462,2403,12,0,47,359939,3599.39,0.019559,3.916667
tigerking,1,1,0,0,0,0,0.00,0.0,
tigres,7,7,0,0,0,0,0.00,0.0,
tima,50,50,0,0,0,0,0.00,0.0,
timbergroup,1,1,0,0,0,0,0.00,0.0,
timberk,1785,1752,3,0,30,143704,1437.04,0.017123,10.0
timson,176,170,6,0,0,0,0.00,0.0,0.0
tisa,10,10,0,0,0,0,0.00,0.0,
tissot,3404,3389,0,0,15,806710,8067.10,0.004426,
titan,350,347,0,0,3,36295,362.95,0.008646,
tizo,23,23,0,0,0,0,0.00,0.0,
tmnt,30,30,0,0,0,0,0.00,0.0,
to-plan,1,1,0,0,0,0,0.00,0.0,
tobot,25,24,0,0,1,2476,24.76,0.041667,
tognana,200,200,0,0,0,0,0.00,0.0,
tokler,25,25,0,0,0,0,0.00,0.0,
tokuryo,6,6,0,0,0,0,0.00,0.0,
tomahawk,1362,1355,0,0,7,64087,640.87,0.005166,
tomfarr,2501,2490,0,0,11,167418,1674.18,0.004418,
tonar,17,17,0,0,0,0,0.00,0.0,
tontarelli,4,4,0,0,0,0,0.00,0.0,
tonybellucci,4,4,0,0,0,0,0.00,0.0,
toocool,11,11,0,0,0,0,0.00,0.0,
tools,28,28,0,0,0,0,0.00,0.0,
topex,12,12,0,0,0,0,0.00,0.0,
topface,168,165,0,0,3,1146,11.46,0.018182,
topicrem,76,75,0,0,1,940,9.40,0.013333,
torgue,11,11,0,0,0,0,0.00,0.0,
tornado,2,2,0,0,0,0,0.00,0.0,
torneo,2,2,0,0,0,0,0.00,0.0,
toro,775,764,7,0,4,6184,61.84,0.005236,0.571429
torrent,970,957,4,0,9,77985,779.85,0.009404,2.25
torres,9,9,0,0,0,0,0.00,0.0,
torso,4,4,0,0,0,0,0.00,0.0,
toscom,1,1,0,0,0,0,0.00,0.0,
toshiba,2078,2041,13,0,24,678455,6784.55,0.011759,1.846154
totaku,6,6,0,0,0,0,0.00,0.0,
total,2092,2025,49,0,18,61278,612.78,0.008889,0.367347
totalbox,1,1,0,0,0,0,0.00,0.0,
touchbeauty,225,225,0,0,0,0,0.00,0.0,
tourist,3,3,0,0,0,0,0.00,0.0,
tous,22,22,0,0,0,0,0.00,0.0,
toway,57,54,0,0,3,78612,786.12,0.055556,
toyland,13,13,0,0,0,0,0.00,0.0,
toyo,1786,1741,3,0,42,379584,3795.84,0.024124,14.0
toyota,872,864,3,0,5,70246,702.46,0.005787,1.666667
toysmax,10,10,0,0,0,0,0.00,0.0,
tp-link,5823,5630,103,0,90,543233,5432.33,0.015986,0.873786
tpmaster,9,9,0,0,0,0,0.00,0.0,
tracker,5,5,0,0,0,0,0.00,0.0,
tramontina,2,2,0,0,0,0,0.00,0.0,
transcend,3867,3696,95,0,76,287967,2879.67,0.020563,0.8
transformers,15,15,0,0,0,0,0.00,0.0,
traser,59,59,0,0,0,0,0.00,0.0,
travelite,162,162,0,0,0,0,0.00,0.0,
travellight,32,31,0,0,1,9009,90.09,0.032258,
trazano,10,10,0,0,0,0,0.00,0.0,
trebl,2728,2703,0,0,25,161754,1617.54,0.009249,
trefl,12,12,0,0,0,0,0.00,0.0,
trek,243,243,0,0,0,0,0.00,0.0,
trendbeauty,5,5,0,0,0,0,0.00,0.0,
trendvision,12,12,0,0,0,0,0.00,0.0,
trendy,3,3,0,0,0,0,0.00,0.0,
trespass,27,27,0,0,0,0,0.00,0.0,
triangle,21275,20656,56,0,563,2938991,29389.91,0.027256,10.053571
trianglegroup,15,15,0,0,0,0,0.00,0.0,
trinx,364,357,0,0,7,122783,1227.83,0.019608,
tristar,769,762,2,0,5,13627,136.27,0.006562,2.5
triton,553,548,0,0,5,104204,1042.04,0.009124,
triumphtree,2,2,0,0,0,0,0.00,0.0,
trollbeads,1306,1305,0,0,1,8700,87.00,7.66E-4,
troyka,168,158,5,0,5,5933,59.33,0.031646,1.0
trussardi,238,235,0,0,3,19830,198.30,0.012766,
trust,1427,1404,12,0,11,42344,423.44,0.007835,0.916667
tsubaki,49,48,0,0,1,554,5.54,0.020833,
tsv,1,1,0,0,0,0,0.00,0.0,
tuarex,7,7,0,0,0,0,0.00,0.0,
tucano,60,53,4,0,3,18268,182.68,0.056604,0.75
tuffoni,204,203,0,0,1,21596,215.96,0.004926,
tuka,276,271,0,0,5,9653,96.53,0.01845,
tuncmatik,11,11,0,0,0,0,0.00,0.0,
tundra,145,144,0,0,1,9352,93.52,0.006944,
tunga,5556,5417,2,0,137,486918,4869.18,0.025291,68.5
turbo,991,960,25,0,6,28986,289.86,0.00625,0.24
turboair,849,822,17,0,10,47471,474.71,0.012165,0.588235
turbosound,19,19,0,0,0,0,0.00,0.0,
tutis,236,234,0,0,2,73438,734.38,0.008547,
tutti,92,92,0,0,0,0,0.00,0.0,
tutu,8,8,0,0,0,0,0.00,0.0,
tv-shop,68,64,0,0,4,10192,101.92,0.0625,
tvs,4,4,0,0,0,0,0.00,0.0,
twins,97,97,0,0,0,0,0.00,0.0,
twistclimbingcar,3,3,0,0,0,0,0.00,0.0,
ty,110,110,0,0,0,0,0.00,0.0,
tyr,7,7,0,0,0,0,0.00,0.0,
tyrex,243,233,0,0,10,256355,2563.55,0.042918,
tytan,8,8,0,0,0,0,0.00,0.0,
ubear,1,1,0,0,0,0,0.00,0.0,
ubiquiti,21,21,0,0,0,0,0.00,0.0,
ubisoft,660,648,3,0,9,29089,290.89,0.013889,3.0
ugreen,114,112,0,0,2,1937,19.37,0.017857,
ultraflash,84,83,1,0,0,0,0.00,0.0,0.0
ultravit,9,9,0,0,0,0,0.00,0.0,
umi,359,350,7,0,2,91349,913.49,0.005714,0.285714
uniforce,16,16,0,0,0,0,0.00,0.0,
unikum,4,4,0,0,0,0,0.00,0.0,
unilux,758,754,0,0,4,206780,2067.80,0.005305,
unison,15,15,0,0,0,0,0.00,0.0,
unit,956,943,1,0,12,25479,254.79,0.012725,12.0
uno,389,380,8,0,1,63814,638.14,0.002632,0.125
uomo,6,6,0,0,0,0,0.00,0.0,
upright,35,34,0,0,1,2445,24.45,0.029412,
uragan,86,84,0,0,2,7774,77.74,0.02381,
urbanears,10,10,0,0,0,0,0.00,0.0,
urgaz,12,12,0,0,0,0,0.00,0.0,
usams,763,758,0,0,5,24138,241.38,0.006596,
usborne,7,7,0,0,0,0,0.00,0.0,
uta,2,2,0,0,0,0,0.00,0.0,
uvelirnyetradicii,11,10,0,0,1,1287,12.87,0.1,
v-t,5,5,0,0,0,0,0.00,0.0,
v-unic,5,5,0,0,0,0,0.00,0.0,
vaiper,6,6,0,0,0,0,0.00,0.0,
vako,70,70,0,0,0,0,0.00,0.0,
valentino,45,44,0,0,1,7336,73.36,0.022727,
value,31,31,0,0,0,0,0.00,0.0,
valve,3,3,0,0,0,0,0.00,0.0,
vans,127,126,0,0,1,9756,97.56,0.007937,
vard,1,1,0,0,0,0,0.00,0.0,
vardoven,20,20,0,0,0,0,0.00,0.0,
vargame,3,3,0,0,0,0,0.00,0.0,
vari,8,8,0,0,0,0,0.00,0.0,
varta,1218,1201,1,0,16,197337,1973.37,0.013322,16.0
vasco,1,1,0,0,0,0,0.00,0.0,
vasin,9,9,0,0,0,0,0.00,0.0,
vaude,24,24,0,0,0,0,0.00,0.0,
vectron,120,120,0,0,0,0,0.00,0.0,
vega,4898,4873,0,0,25,59384,593.84,0.00513,
vegas,3674,3649,0,0,25,559136,5591.36,0.006851,
veho,428,427,0,0,1,770,7.70,0.002342,
venta,77,77,0,0,0,0,0.00,0.0,
ventara,72,72,0,0,0,0,0.00,0.0,
venti,24,24,0,0,0,0,0.00,0.0,
ventura,12,11,0,0,1,57917,579.17,0.090909,
verbatim,104,104,0,0,0,0,0.00,0.0,
verdi,9,9,0,0,0,0,0.00,0.0,
verico,2,2,0,0,0,0,0.00,0.0,
veritas,99,94,3,0,2,32896,328.96,0.021277,0.666667
verloni,403,398,5,0,0,0,0.00,0.0,0.0
verossa,51,51,0,0,0,0,0.00,0.0,
verran,3,3,0,0,0,0,0.00,0.0,
versace,2656,2580,29,0,47,698655,6986.55,0.018217,1.62069
versus,38,38,0,0,0,0,0.00,0.0,
vertex,88,88,0,0,0,0,0.00,0.0,
ves,59,59,0,0,0,0,0.00,0.0,
vestel,307,300,0,0,7,154788,1547.88,0.023333,
veston,459,451,0,0,8,33979,339.79,0.017738,
vgp,1,1,0,0,0,0,0.00,0.0,
viatti,9234,8954,52,0,228,1004082,10040.82,0.025463,4.384615
vibe,33,33,0,0,0,0,0.00,0.0,
vichy,687,682,0,0,5,13205,132.05,0.007331,
victorinox,203,200,0,0,3,9421,94.21,0.015,
viessmann,40,40,0,0,0,0,0.00,0.0,
viewsonic,180,177,3,0,0,0,0.00,0.0,0.0
vihr,337,322,12,0,3,9222,92.22,0.009317,0.25
viking,217,217,0,0,0,0,0.00,0.0,
vilt,1,1,0,0,0,0,0.00,0.0,
vim-art,1,1,0,0,0,0,0.00,0.0,
vinzer,647,643,2,0,2,6036,60.36,0.00311,1.0
vionne,2,2,0,0,0,0,0.00,0.0,
vip,19,19,0,0,0,0,0.00,0.0,
vipe,84,84,0,0,0,0,0.00,0.0,
vira,1,1,0,0,0,0,0.00,0.0,
vissol,3,3,0,0,0,0,0.00,0.0,
vista,1,1,0,0,0,0,0.00,0.0,
vita,2,2,0,0,0,0,0.00,0.0,
vitaluce,66,65,0,0,1,1104,11.04,0.015385,
vitax,1,1,0,0,0,0,0.00,0.0,
vitebskiekovry,89,89,0,0,0,0,0.00,0.0,
vitek,23486,22639,433,0,414,1705889,17058.89,0.018287,0.95612
vitelia,4,4,0,0,0,0,0.00,0.0,
vitesse,4,4,0,0,0,0,0.00,0.0,
vitra,29,29,0,0,0,0,0.00,0.0,
viviennesabo,14,14,0,0,0,0,0.00,0.0,
vivitek,61,61,0,0,0,0,0.00,0.0,
vivo,11338,10851,301,0,186,4517202,45172.02,0.017141,0.61794
vladi,275,273,0,0,2,6590,65.90,0.007326,
vladitoys,2,2,0,0,0,0,0.00,0.0,
vlk,14,14,0,0,0,0,0.00,0.0,
vmv,30,30,0,0,0,0,0.00,0.0,
vobix,28,27,1,0,0,0,0.00,0.0,0.0
voda,2,2,0,0,0,0,0.00,0.0,
voin,2,2,0,0,0,0,0.00,0.0,
vokter,3,3,0,0,0,0,0.00,0.0,
vokul,7,7,0,0,0,0,0.00,0.0,
volcano,11,11,0,0,0,0,0.00,0.0,
volkl,18,18,0,0,0,0,0.00,0.0,
volta,681,659,2,0,20,88434,884.34,0.030349,10.0
voltman,645,625,0,0,20,162893,1628.93,0.032,
voltmaster,46,44,0,0,2,22541,225.41,0.045455,
vorson,1,1,0,0,0,0,0.00,0.0,
vortex,4,4,0,0,0,0,0.00,0.0,
vossen,111,111,0,0,0,0,0.00,0.0,
vov,1,1,0,0,0,0,0.00,0.0,
vox,4,4,0,0,0,0,0.00,0.0,
voyager,1,1,0,0,0,0,0.00,0.0,
vt,5,5,0,0,0,0,0.00,0.0,
vtech,68,68,0,0,0,0,0.00,0.0,
vulli,42,41,0,0,1,3164,31.64,0.02439,
w-star,111,107,0,0,4,26635,266.35,0.037383,
wacom,659,638,11,0,10,155147,1551.47,0.015674,0.909091
wagner,209,207,0,0,2,104662,1046.62,0.009662,
wahl,101,101,0,0,0,0,0.00,0.0,
walfix,221,220,0,0,1,1109,11.09,0.004545,
wallberry,344,340,0,0,4,5122,51.22,0.011765,
wangfeng,23,23,0,0,0,0,0.00,0.0,
warmic,1,1,0,0,0,0,0.00,0.0,
waspo,89,89,0,0,0,0,0.00,0.0,
waterpik,122,120,0,0,2,30768,307.68,0.016667,
waterworld,3,3,0,0,0,0,0.00,0.0,
weber,1,1,0,0,0,0,0.00,0.0,
weber-vetonit,6,6,0,0,0,0,0.00,0.0,
weekend,1143,1143,0,0,0,0,0.00,0.0,
wehncke,52,52,0,0,0,0,0.00,0.0,
weichao,1,1,0,0,0,0,0.00,0.0,
weider,9,9,0,0,0,0,0.00,0.0,
weifeng,149,145,0,0,4,6692,66.92,0.027586,
weina,7,7,0,0,0,0,0.00,0.0,
wella,20,20,0,0,0,0,0.00,0.0,
wellberg,450,447,0,0,3,5356,53.56,0.006711,
welldone,1,1,0,0,0,0,0.00,0.0,
welly,1443,1433,0,0,10,7769,77.69,0.006978,
welss,333,331,0,0,2,17499,174.99,0.006042,
wenge,378,372,0,0,6,14518,145.18,0.016129,
wenyi,10,10,0,0,0,0,0.00,0.0,
wera,727,727,0,0,0,0,0.00,0.0,
werner,8,8,0,0,0,0,0.00,0.0,
wert,27,27,0,0,0,0,0.00,0.0,
wess,49,47,0,0,2,668,6.68,0.042553,
westa,140,135,0,0,5,33206,332.06,0.037037,
wester,21,21,0,0,0,0,0.00,0.0,
westerndigital,1,1,0,0,0,0,0.00,0.0,
westmark,5,5,0,0,0,0,0.00,0.0,
westone,11,11,0,0,0,0,0.00,0.0,
wethepeople,189,189,0,0,0,0,0.00,0.0,
whirlpool,715,709,3,0,3,133212,1332.12,0.004231,1.0
whistler,65,62,0,0,3,14673,146.73,0.048387,
willmark,1877,1833,8,0,36,57427,574.27,0.01964,4.5
willmax,11,11,0,0,0,0,0.00,0.0,
wilmax,2,2,0,0,0,0,0.00,0.0,
wilo,52,52,0,0,0,0,0.00,0.0,
wilson,63,63,0,0,0,0,0.00,0.0,
winca,396,394,0,0,2,91379,913.79,0.005076,
wincars,56,55,0,0,1,4270,42.70,0.018182,
winda,7,7,0,0,0,0,0.00,0.0,
wing,4,4,0,0,0,0,0.00,0.0,
wingo,58,57,0,0,1,20078,200.78,0.017544,
wingoffly,2074,2022,23,0,29,329168,3291.68,0.014342,1.26087
wintek,28,28,0,0,0,0,0.00,0.0,
withings,35,35,0,0,0,0,0.00,0.0,
wize,1,1,0,0,0,0,0.00,0.0,
wk,41,41,0,0,0,0,0.00,0.0,
wltoys,2,2,0,0,0,0,0.00,0.0,
woddon,30,30,0,0,0,0,0.00,0.0,
wolf,3,3,0,0,0,0,0.00,0.0,
wonderlab,110,110,0,0,0,0,0.00,0.0,
wonlex,3651,3590,26,0,35,111360,1113.60,0.009749,1.346154
work,6,6,0,0,0,0,0.00,0.0,
wortex,134,134,0,0,0,0,0.00,0.0,
worth,3,3,0,0,0,0,0.00,0.0,
worwo,6,6,0,0,0,0,0.00,0.0,
wowwee,65,65,0,0,0,0,0.00,0.0,
wsp,3,3,0,0,0,0,0.00,0.0,
wster,203,201,0,0,2,7225,72.25,0.00995,
wtflabz,1,1,0,0,0,0,0.00,0.0,
wuben,13,13,0,0,0,0,0.00,0.0,
wurth,104,104,0,0,0,0,0.00,0.0,
wuw,108,107,0,0,1,309,3.09,0.009346,
ww,36,36,0,0,0,0,0.00,0.0,
x-digital,7,7,0,0,0,0,0.00,0.0,
x-game,1911,1869,24,0,18,56176,561.76,0.009631,0.75
x-level,245,243,1,0,1,1800,18.00,0.004115,1.0
x-race,91,91,0,0,0,0,0.00,0.0,
xerox,512,505,0,0,7,79177,791.77,0.013861,
xgimi,85,82,3,0,0,0,0.00,0.0,0.0
xiaomi,309176,292960,10426,0,5790,94294714,942947.14,0.019764,0.555342
xieming,17,17,0,0,0,0,0.00,0.0,
xing,326,325,0,0,1,19251,192.51,0.003077,
xinyu,54,54,0,0,0,0,0.00,0.0,
xp-pen,253,245,3,0,5,84814,848.14,0.020408,1.666667
xti,3,3,0,0,0,0,0.00,0.0,
xxr,156,156,0,0,0,0,0.00,0.0,
yacco,343,343,0,0,0,0,0.00,0.0,
yamaguchi,75,74,1,0,0,0,0.00,0.0,0.0
yamaha,3733,3697,0,0,36,1881920,18819.20,0.009738,
yamato,209,208,0,0,1,21622,216.22,0.004808,
yaole,1,1,0,0,0,0,0.00,0.0,
yardforce,1,1,0,0,0,0,0.00,0.0,
yasham,10,10,0,0,0,0,0.00,0.0,
yasin,4571,4509,0,0,62,1425885,14258.85,0.01375,
yato,452,451,0,0,1,1088,10.88,0.002217,
yegam,17,17,0,0,0,0,0.00,0.0,
yema,571,571,0,0,0,0,0.00,0.0,
yes,3,3,0,0,0,0,0.00,0.0,
yh,20,20,0,0,0,0,0.00,0.0,
yika,29,28,0,0,1,5406,54.06,0.035714,
yokatta,32,32,0,0,0,0,0.00,0.0,
yokohama,11507,11090,159,0,258,2182697,21826.97,0.023264,1.622642
yokosun,1,1,0,0,0,0,0.00,0.0,
yota,13,11,0,0,2,6950,69.50,0.181818,
yotrix,10,10,0,0,0,0,0.00,0.0,
yoya,314,311,1,0,2,16474,164.74,0.006431,2.0
yoyofactory,3,3,0,0,0,0,0.00,0.0,
yst,2,2,0,0,0,0,0.00,0.0,
yuandong,20,19,0,0,1,35329,353.29,0.052632,
yuka,4,4,0,0,0,0,0.00,0.0,
yulu,16,16,0,0,0,0,0.00,0.0,
yunteng,62,60,0,0,2,9318,93.18,0.033333,
yusufhali,21,21,0,0,0,0,0.00,0.0,
yvesrocher,13,13,0,0,0,0,0.00,0.0,
zadoor,36,36,0,0,0,0,0.00,0.0,
zalman,272,269,0,0,3,13755,137.55,0.011152,
zanussi,263,257,3,0,3,63314,633.14,0.011673,1.0
zapco,18,17,0,0,1,30889,308.89,0.058824,
zara,12,12,0,0,0,0,0.00,0.0,
zarkoperfume,2,2,0,0,0,0,0.00,0.0,
zass,1,1,0,0,0,0,0.00,0.0,
zebratoys,120,120,0,0,0,0,0.00,0.0,
zeetex,116,114,0,0,2,9653,96.53,0.017544,
zegan,6,5,0,0,1,3859,38.59,0.2,
zelmer,497,490,0,0,7,35267,352.67,0.014286,
zemex,225,223,1,0,1,16245,162.45,0.004484,1.0
zengen,44,44,0,0,0,0,0.00,0.0,
zenmart,3,2,0,0,1,9447,94.47,0.5,
zeppelin,307,306,0,0,1,3784,37.84,0.003268,
zerten,13,13,0,0,0,0,0.00,0.0,
zeta,7463,7214,158,0,91,633395,6333.95,0.012614,0.575949
zfts,9,9,0,0,0,0,0.00,0.0,
zhejiangjiajia,1,1,0,0,0,0,0.00,0.0,
zic,116,115,0,0,1,2703,27.03,0.008696,
zilli,2,2,0,0,0,0,0.00,0.0,
zilmer,40,40,0,0,0,0,0.00,0.0,
zinc,46,46,0,0,0,0,0.00,0.0,
zing,14,14,0,0,0,0,0.00,0.0,
zinvo,10,10,0,0,0,0,0.00,0.0,
zlatek,1022,990,17,0,15,73589,735.89,0.015152,0.882353
zmi,7,7,0,0,0,0,0.00,0.0,
zobo,1,1,0,0,0,0,0.00,0.0,
zolotoeruno,7,7,0,0,0,0,0.00,0.0,
zongshen,44,43,0,0,1,40650,406.50,0.023256,
zoom,42,42,0,0,0,0,0.00,0.0,
zoops,5,5,0,0,0,0,0.00,0.0,
zorg,12,12,0,0,0,0,0.00,0.0,
zotac,62,61,0,0,1,16492,164.92,0.016393,
zte,1056,1015,20,0,21,156922,1569.22,0.02069,1.05
zubr,145,144,0,0,1,4556,45.56,0.006944,
zuru,6,6,0,0,0,0,0.00,0.0,
zvezda,1,1,0,0,0,0,0.00,0.0,
zyxel,24,24,0,0,0,0,0.00,0.0,
